Episode,BotName,BotId,SharedQTable,LearningEnabled,TotalReward,CheckpointsReached,BestCheckpointIndex,TargetCheckpointIndex,CoinsCollected,BombsHit,Duration,Epsilon,EndReason,LearnedStateCount,QTableFile,NewBest,TimeSinceCheckpointProgress,LastAction,LastState
1,Bot 06,B06,True,True,513.466,15,14,15,4,4,298.731,1.000,Stuck,281,q_table_v7.json,True,45.063,Coast,cp:finish|dist:close|angle:behindRight|speed:slow|progress:danger|bomb:False|fsm:Racing
2,Bot 01,B01,True,True,521.830,15,14,15,6,1,300.057,0.995,TimeLimit,283,q_table_v7.json,True,30.285,RecoveryTurn,cp:finish|dist:close|angle:behindRight|speed:slow|progress:danger|bomb:False|fsm:Racing
3,Bot 02,B02,True,True,524.057,15,14,15,4,0,300.057,0.990,TimeLimit,283,q_table_v7.json,True,23.483,TurnRightAndAccelerate,cp:finish|dist:close|angle:forward|speed:slow|progress:stale|bomb:False|fsm:Racing
4,Bot 03,B03,True,True,519.199,15,14,15,3,2,300.057,0.985,TimeLimit,283,q_table_v7.json,False,26.471,Brake,cp:finish|dist:close|angle:behindLeft|speed:slow|progress:stale|bomb:False|fsm:Racing
5,Bot 04,B04,True,True,520.161,15,14,15,0,1,300.057,0.980,TimeLimit,283,q_table_v7.json,False,30.954,TurnLeftAndAccelerate,cp:finish|dist:close|angle:forward|speed:slow|progress:danger|bomb:False|fsm:Racing
6,Bot 05,B05,True,True,521.268,15,14,15,3,0,300.057,0.975,TimeLimit,283,q_table_v7.json,False,23.564,RecoveryTurn,cp:finish|dist:close|angle:forward|speed:slow|progress:stale|bomb:False|fsm:Racing
7,Bot 07,B07,True,True,522.115,15,14,15,8,0,300.057,0.970,TimeLimit,283,q_table_v7.json,False,44.147,TurnLeftAndAccelerate,cp:finish|dist:close|angle:forward|speed:slow|progress:danger|bomb:False|fsm:Racing
8,Bot 08,B08,True,True,521.417,15,14,15,1,0,300.057,0.966,TimeLimit,283,q_table_v7.json,False,35.184,RecoveryTurn,cp:finish|dist:close|angle:forward|speed:slow|progress:danger|bomb:False|fsm:Racing
9,Bot 09,B09,True,True,519.534,15,14,15,3,2,300.057,0.961,TimeLimit,283,q_table_v7.json,False,32.445,HardRight,cp:finish|dist:close|angle:forward|speed:slow|progress:danger|bomb:False|fsm:Racing
10,Bot 10,B10,True,True,514.583,15,14,15,4,1,300.057,0.956,TimeLimit,283,q_table_v7.json,False,36.925,AccelerateForward,cp:finish|dist:medium|angle:behindRight|speed:slow|progress:danger|bomb:False|fsm:Recover
11,Bot 05,B05,True,True,526.124,15,14,15,5,0,277.412,0.951,Stuck,324,q_table_v7.json,True,45.063,TurnLeftAndAccelerate,cp:finish|dist:close|angle:forward|speed:slow|progress:danger|bomb:False|fsm:Racing
12,Bot 01,B01,True,True,527.748,15,14,15,7,0,283.883,0.946,Stuck,326,q_table_v7.json,True,45.016,TurnLeftAndAccelerate,cp:finish|dist:close|angle:behindRight|speed:cruise|progress:danger|bomb:False|fsm:Racing
13,Bot 06,B06,True,True,522.737,15,14,15,1,1,300.062,0.942,TimeLimit,334,q_table_v7.json,False,28.547,HardLeft,cp:finish|dist:close|angle:forward|speed:slow|progress:stale|bomb:False|fsm:Racing
14,Bot 02,B02,True,True,523.887,15,14,15,0,1,300.063,0.937,TimeLimit,335,q_table_v7.json,False,42.819,HardRight,cp:finish|dist:close|angle:behindLeft|speed:slow|progress:danger|bomb:False|fsm:Racing
15,Bot 03,B03,True,True,520.350,15,14,15,2,2,300.063,0.932,TimeLimit,335,q_table_v7.json,False,34.853,RecoveryTurn,cp:finish|dist:close|angle:left|speed:slow|progress:danger|bomb:False|fsm:Racing
16,Bot 04,B04,True,True,520.740,15,14,15,1,2,300.063,0.928,TimeLimit,335,q_table_v7.json,False,43.898,TurnRightAndAccelerate,cp:finish|dist:close|angle:left|speed:slow|progress:danger|bomb:False|fsm:Racing
17,Bot 07,B07,True,True,506.428,15,14,15,4,7,300.063,0.923,TimeLimit,335,q_table_v7.json,False,26.721,RecoveryTurn,cp:finish|dist:close|angle:behindRight|speed:slow|progress:stale|bomb:False|fsm:Racing
18,Bot 08,B08,True,True,522.670,15,14,15,6,1,300.063,0.918,TimeLimit,335,q_table_v7.json,False,38.421,RecoveryTurn,cp:finish|dist:close|angle:forward|speed:slow|progress:danger|bomb:False|fsm:Racing
19,Bot 09,B09,True,True,519.090,15,14,15,5,1,300.063,0.914,TimeLimit,335,q_table_v7.json,False,43.482,TurnRightAndAccelerate,cp:finish|dist:far|angle:behindRight|speed:slow|progress:danger|bomb:False|fsm:Recover
20,Bot 10,B10,True,True,523.990,15,14,15,2,0,300.063,0.909,TimeLimit,335,q_table_v7.json,False,28.712,HardRight,cp:finish|dist:close|angle:forward|speed:slow|progress:stale|bomb:False|fsm:Racing
21,Bot 03,B03,True,True,213.748,6,5,6,4,0,124.493,0.905,Stuck,378,q_table_v7.json,False,45.050,Coast,cp:6|dist:close|angle:hardRight|speed:slow|progress:danger|bomb:False|fsm:Recover
22,Bot 02,B02,True,True,157.523,5,4,5,0,3,133.382,0.900,Stuck,382,q_table_v7.json,False,45.088,AccelerateForward,cp:5|dist:close|angle:behindRight|speed:slow|progress:danger|bomb:False|fsm:Recover
23,Bot 08,B08,True,True,530.474,15,14,15,9,0,272.203,0.896,Stuck,416,q_table_v7.json,True,45.021,TurnLeftAndAccelerate,cp:finish|dist:medium|angle:forward|speed:slow|progress:danger|bomb:False|fsm:Racing
24,Bot 05,B05,True,True,519.392,15,14,15,14,2,300.017,0.891,TimeLimit,421,q_table_v7.json,False,40.033,HardRight,cp:finish|dist:close|angle:behindRight|speed:slow|progress:danger|bomb:False|fsm:Racing
25,Bot 01,B01,True,True,515.271,15,14,15,1,2,300.075,0.887,TimeLimit,430,q_table_v7.json,False,19.734,Brake,cp:finish|dist:close|angle:behindRight|speed:slow|progress:stale|bomb:False|fsm:Racing
26,Bot 06,B06,True,True,530.997,15,14,15,3,0,290.148,0.882,Stuck,436,q_table_v7.json,True,45.080,HardRight,cp:finish|dist:close|angle:forward|speed:slow|progress:danger|bomb:False|fsm:Racing
27,Bot 04,B04,True,True,474.852,14,13,14,1,3,295.461,0.878,Stuck,439,q_table_v7.json,False,45.075,RecoveryTurn,cp:14|dist:close|angle:forward|speed:slow|progress:danger|bomb:False|fsm:Racing
28,Bot 10,B10,True,True,522.369,15,14,15,1,2,297.092,0.873,Stuck,439,q_table_v7.json,False,45.017,Coast,cp:finish|dist:close|angle:behindLeft|speed:slow|progress:danger|bomb:False|fsm:Racing
29,Bot 02,B02,True,True,246.473,7,6,7,1,0,164.422,0.869,Stuck,440,q_table_v7.json,False,45.093,HardLeft,cp:7|dist:medium|angle:forward|speed:slow|progress:danger|bomb:False|fsm:Racing
30,Bot 07,B07,True,True,518.719,15,14,15,0,2,300.038,0.865,TimeLimit,440,q_table_v7.json,False,35.340,AccelerateForward,cp:finish|dist:close|angle:left|speed:slow|progress:danger|bomb:False|fsm:Racing
31,Bot 09,B09,True,True,525.867,15,14,15,0,0,300.038,0.860,TimeLimit,440,q_table_v7.json,False,41.163,TurnRightAndAccelerate,cp:finish|dist:close|angle:behindLeft|speed:slow|progress:danger|bomb:False|fsm:Racing
32,Bot 05,B05,True,True,220.307,6,5,6,2,0,117.608,0.856,Stuck,470,q_table_v7.json,False,45.089,RecoveryTurn,cp:6|dist:close|angle:forward|speed:slow|progress:danger|bomb:False|fsm:Collect
33,Bot 03,B03,True,True,528.178,15,14,15,1,1,253.007,0.852,Stuck,490,q_table_v7.json,False,45.058,AccelerateForward,cp:finish|dist:close|angle:behindLeft|speed:slow|progress:danger|bomb:False|fsm:Racing
34,Bot 04,B04,True,True,529.730,15,14,15,2,0,269.276,0.848,Stuck,495,q_table_v7.json,False,45.062,TurnRightAndAccelerate,cp:finish|dist:close|angle:right|speed:slow|progress:danger|bomb:False|fsm:Racing
35,Bot 01,B01,True,True,526.379,15,14,15,0,1,275.751,0.843,Stuck,500,q_table_v7.json,False,45.063,HardLeft,cp:finish|dist:close|angle:forward|speed:slow|progress:danger|bomb:False|fsm:Racing
36,Bot 09,B09,True,True,526.625,15,14,15,6,0,278.153,0.839,Stuck,502,q_table_v7.json,False,45.060,TurnLeftAndAccelerate,cp:finish|dist:close|angle:behindLeft|speed:slow|progress:danger|bomb:False|fsm:Racing
37,Bot 07,B07,True,True,527.274,15,14,15,8,1,279.646,0.835,Stuck,505,q_table_v7.json,False,45.060,RecoveryTurn,cp:finish|dist:close|angle:behindRight|speed:slow|progress:danger|bomb:False|fsm:Racing
38,Bot 06,B06,True,True,514.199,15,14,15,0,4,282.968,0.831,Stuck,510,q_table_v7.json,False,45.061,AccelerateForward,cp:finish|dist:close|angle:behindLeft|speed:cruise|progress:danger|bomb:False|fsm:Racing
39,Bot 02,B02,True,True,521.122,15,14,15,5,3,286.864,0.827,Stuck,515,q_table_v7.json,False,45.054,TurnLeftAndAccelerate,cp:finish|dist:close|angle:forward|speed:cruise|progress:danger|bomb:False|fsm:Racing
40,Bot 05,B05,True,True,525.017,15,14,15,6,1,293.918,0.822,Stuck,518,q_table_v7.json,False,45.060,TurnRightAndAccelerate,cp:finish|dist:close|angle:right|speed:cruise|progress:danger|bomb:False|fsm:Recover
41,Bot 10,B10,True,True,517.956,15,14,15,3,2,295.161,0.818,Stuck,518,q_table_v7.json,False,45.057,HardRight,cp:finish|dist:close|angle:forward|speed:slow|progress:danger|bomb:False|fsm:Racing
42,Bot 08,B08,True,True,516.833,15,14,15,4,3,300.057,0.814,TimeLimit,522,q_table_v7.json,False,42.733,AccelerateForward,cp:finish|dist:close|angle:behindRight|speed:slow|progress:danger|bomb:False|fsm:Racing
43,Bot 03,B03,True,True,60.725,2,1,2,0,2,57.091,0.810,Stuck,527,q_table_v7.json,False,45.057,Brake,cp:2|dist:medium|angle:forward|speed:slow|progress:danger|bomb:False|fsm:Racing
44,Bot 01,B01,True,True,531.687,15,14,15,10,0,255.746,0.806,Stuck,539,q_table_v7.json,True,45.060,TurnRightAndAccelerate,cp:finish|dist:close|angle:forward|speed:slow|progress:danger|bomb:False|fsm:Racing
45,Bot 07,B07,True,True,524.055,15,14,15,6,4,254.839,0.802,Stuck,539,q_table_v7.json,False,45.055,HardLeft,cp:finish|dist:medium|angle:behindRight|speed:slow|progress:danger|bomb:False|fsm:Recover
46,Bot 04,B04,True,True,530.118,15,14,15,3,0,274.256,0.798,Stuck,539,q_table_v7.json,False,45.064,TurnLeftAndAccelerate,cp:finish|dist:close|angle:behindLeft|speed:slow|progress:danger|bomb:False|fsm:Racing
47,Bot 09,B09,True,True,525.812,15,14,15,5,2,276.828,0.794,Stuck,540,q_table_v7.json,False,45.058,RecoveryTurn,cp:finish|dist:close|angle:forward|speed:cruise|progress:danger|bomb:False|fsm:Racing
48,Bot 05,B05,True,True,529.583,15,14,15,1,0,278.903,0.790,Stuck,545,q_table_v7.json,False,45.057,AccelerateForward,cp:finish|dist:close|angle:forward|speed:slow|progress:danger|bomb:False|fsm:Racing
49,Bot 06,B06,True,True,520.900,15,14,15,1,2,295.830,0.786,Stuck,546,q_table_v7.json,False,45.060,TurnLeftAndAccelerate,cp:finish|dist:close|angle:behindRight|speed:cruise|progress:danger|bomb:False|fsm:Racing
50,Bot 10,B10,True,True,525.147,15,14,15,1,0,285.875,0.782,Stuck,546,q_table_v7.json,False,45.055,HardRight,cp:finish|dist:close|angle:hardLeft|speed:slow|progress:danger|bomb:False|fsm:Racing
51,Bot 03,B03,True,True,531.529,15,14,15,2,0,273.593,0.778,Stuck,547,q_table_v7.json,False,45.055,HardRight,cp:finish|dist:close|angle:hardRight|speed:slow|progress:danger|bomb:False|fsm:Racing
52,Bot 02,B02,True,True,520.512,15,14,15,2,3,300.066,0.774,TimeLimit,547,q_table_v7.json,False,30.367,AccelerateForward,cp:finish|dist:close|angle:forward|speed:cruise|progress:danger|bomb:False|fsm:Racing
53,Bot 08,B08,True,True,522.738,15,14,15,3,1,286.873,0.771,Stuck,547,q_table_v7.json,False,45.062,RecoveryTurn,cp:finish|dist:medium|angle:forward|speed:slow|progress:danger|bomb:False|fsm:Racing
54,Bot 07,B07,True,True,523.304,15,14,15,8,3,279.403,0.767,Stuck,559,q_table_v7.json,False,45.062,TurnRightAndAccelerate,cp:finish|dist:close|angle:forward|speed:slow|progress:danger|bomb:False|fsm:Racing
55,Bot 01,B01,True,True,517.233,15,14,15,8,3,287.786,0.763,Stuck,559,q_table_v7.json,False,45.063,Coast,cp:finish|dist:medium|angle:behindRight|speed:cruise|progress:danger|bomb:False|fsm:Recover
56,Bot 04,B04,True,True,522.636,15,14,15,4,1,283.712,0.759,Stuck,562,q_table_v7.json,False,45.055,HardLeft,cp:finish|dist:close|angle:behindLeft|speed:slow|progress:danger|bomb:False|fsm:Racing
57,Bot 06,B06,True,True,531.317,15,14,15,2,0,253.924,0.755,Stuck,562,q_table_v7.json,False,45.060,HardLeft,cp:finish|dist:close|angle:behindLeft|speed:cruise|progress:danger|bomb:False|fsm:Racing
58,Bot 09,B09,True,True,524.944,15,14,15,8,0,286.372,0.751,Stuck,563,q_table_v7.json,False,45.057,AccelerateForward,cp:finish|dist:close|angle:forward|speed:cruise|progress:danger|bomb:False|fsm:Racing
59,Bot 05,B05,True,True,529.836,15,14,15,2,1,274.009,0.748,Stuck,563,q_table_v7.json,False,45.061,TurnLeftAndAccelerate,cp:finish|dist:close|angle:forward|speed:slow|progress:danger|bomb:False|fsm:Racing
60,Bot 03,B03,True,True,525.825,15,14,15,1,2,271.106,0.744,Stuck,564,q_table_v7.json,False,45.061,AccelerateForward,cp:finish|dist:close|angle:forward|speed:cruise|progress:danger|bomb:False|fsm:Racing
61,Bot 02,B02,True,True,529.967,15,14,15,1,0,273.921,0.740,Stuck,564,q_table_v7.json,False,45.056,RecoveryTurn,cp:finish|dist:close|angle:forward|speed:slow|progress:danger|bomb:False|fsm:Racing
62,Bot 08,B08,True,True,526.954,15,14,15,0,0,277.742,0.737,Stuck,564,q_table_v7.json,False,45.060,Brake,cp:finish|dist:close|angle:forward|speed:cruise|progress:danger|bomb:False|fsm:Racing
63,Bot 10,B10,True,True,527.134,15,14,15,0,1,296.085,0.733,Stuck,566,q_table_v7.json,False,45.064,HardLeft,cp:finish|dist:close|angle:right|speed:slow|progress:danger|bomb:False|fsm:Racing
64,Bot 02,B02,True,True,215.321,6,5,6,4,0,107.799,0.729,Stuck,603,q_table_v7.json,False,45.061,Coast,cp:6|dist:close|angle:forward|speed:cruise|progress:danger|bomb:False|fsm:Collect
65,Bot 06,B06,True,True,541.757,15,14,15,5,0,231.356,0.726,Stuck,621,q_table_v7.json,True,45.062,HardLeft,cp:finish|dist:medium|angle:right|speed:slow|progress:danger|bomb:False|fsm:Recover
66,Bot 09,B09,True,True,529.503,15,14,15,2,1,233.100,0.722,Stuck,623,q_table_v7.json,False,45.063,TurnRightAndAccelerate,cp:finish|dist:close|angle:behindLeft|speed:cruise|progress:danger|bomb:False|fsm:Racing
67,Bot 04,B04,True,True,528.306,15,14,15,6,1,255.004,0.718,Stuck,623,q_table_v7.json,False,45.060,HardLeft,cp:finish|dist:medium|angle:behindRight|speed:slow|progress:danger|bomb:False|fsm:Recover
68,Bot 01,B01,True,True,526.284,15,14,15,8,3,263.964,0.715,Stuck,623,q_table_v7.json,False,45.060,TurnLeftAndAccelerate,cp:finish|dist:close|angle:forward|speed:cruise|progress:danger|bomb:False|fsm:Racing
69,Bot 07,B07,True,True,518.429,15,14,15,3,5,292.590,0.711,Stuck,623,q_table_v7.json,False,45.056,Coast,cp:finish|dist:close|angle:forward|speed:cruise|progress:danger|bomb:False|fsm:Racing
70,Bot 05,B05,True,True,525.837,15,14,15,1,3,277.823,0.708,Stuck,624,q_table_v7.json,False,45.057,TurnRightAndAccelerate,cp:finish|dist:close|angle:behindRight|speed:cruise|progress:danger|bomb:False|fsm:Racing
71,Bot 03,B03,True,True,530.652,15,14,15,0,0,272.927,0.704,Stuck,626,q_table_v7.json,False,45.063,Brake,cp:finish|dist:close|angle:left|speed:slow|progress:danger|bomb:False|fsm:Racing
72,Bot 08,B08,True,True,532.112,15,14,15,0,0,269.856,0.701,Stuck,627,q_table_v7.json,False,45.061,HardRight,cp:finish|dist:close|angle:forward|speed:slow|progress:danger|bomb:False|fsm:Racing
73,Bot 10,B10,True,True,539.657,15,14,15,1,0,264.887,0.697,Stuck,630,q_table_v7.json,False,45.561,AccelerateForward,cp:finish|dist:close|angle:behindLeft|speed:slow|progress:danger|bomb:False|fsm:Racing
74,Bot 09,B09,True,True,240.046,7,6,7,6,1,113.825,0.694,Stuck,714,q_table_v7.json,False,45.059,Brake,cp:7|dist:far|angle:forward|speed:slow|progress:danger|bomb:False|fsm:Recover
75,Bot 05,B05,True,True,213.601,6,5,6,4,0,117.807,0.690,Stuck,714,q_table_v7.json,False,45.056,Coast,cp:6|dist:close|angle:forward|speed:slow|progress:danger|bomb:False|fsm:Collect
76,Bot 01,B01,True,True,64.110,2,1,2,0,0,58.416,0.687,Stuck,744,q_table_v7.json,False,45.061,TurnRightAndAccelerate,cp:2|dist:close|angle:behindRight|speed:cruise|progress:danger|bomb:False|fsm:Recover
77,Bot 04,B04,True,True,548.827,15,14,15,7,0,165.960,0.683,RaceComplete,752,q_table_v7.json,True,11.949,TurnLeftAndAccelerate,cp:finish|dist:close|angle:forward|speed:slow|progress:fresh|bomb:False|fsm:Racing
78,Bot 09,B09,True,True,540.085,15,14,15,1,2,189.366,0.680,RaceComplete,752,q_table_v7.json,False,6.140,RecoveryTurn,cp:finish|dist:close|angle:forward|speed:cruise|progress:fresh|bomb:False|fsm:Racing
79,Bot 06,B06,True,True,543.043,15,14,15,5,1,194.007,0.676,RaceComplete,753,q_table_v7.json,False,12.943,RecoveryTurn,cp:finish|dist:close|angle:forward|speed:slow|progress:fresh|bomb:False|fsm:Racing
80,Bot 07,B07,True,True,542.518,15,14,15,1,1,199.325,0.673,RaceComplete,753,q_table_v7.json,False,18.510,TurnLeftAndAccelerate,cp:finish|dist:close|angle:left|speed:cruise|progress:stale|bomb:False|fsm:Racing
81,Bot 05,B05,True,True,543.295,15,14,15,1,0,203.807,0.670,RaceComplete,753,q_table_v7.json,False,13.775,TurnLeftAndAccelerate,cp:finish|dist:close|angle:forward|speed:slow|progress:fresh|bomb:False|fsm:Racing
82,Bot 08,B08,True,True,536.835,15,14,15,8,3,213.512,0.666,RaceComplete,753,q_table_v7.json,False,20.414,TurnLeftAndAccelerate,cp:finish|dist:close|angle:right|speed:cruise|progress:stale|bomb:False|fsm:Racing
83,Bot 02,B02,True,True,538.227,15,14,15,1,1,218.820,0.663,RaceComplete,753,q_table_v7.json,False,14.191,TurnRightAndAccelerate,cp:finish|dist:close|angle:forward|speed:cruise|progress:fresh|bomb:False|fsm:Racing
84,Bot 10,B10,True,True,535.450,15,14,15,6,2,223.056,0.660,RaceComplete,754,q_table_v7.json,False,8.965,Coast,cp:finish|dist:close|angle:forward|speed:cruise|progress:fresh|bomb:False|fsm:Racing
85,Bot 03,B03,True,True,534.967,15,14,15,3,3,228.697,0.656,RaceComplete,755,q_table_v7.json,False,15.604,TurnRightAndAccelerate,cp:finish|dist:close|angle:forward|speed:cruise|progress:stale|bomb:False|fsm:Racing
86,Bot 01,B01,True,True,540.887,15,14,15,0,1,177.828,0.653,RaceComplete,756,q_table_v7.json,False,12.061,AccelerateForward,cp:finish|dist:close|angle:forward|speed:cruise|progress:fresh|bomb:False|fsm:Racing
87,Bot 08,B08,True,True,518.807,15,14,15,10,1,253.442,1.000,RaceComplete,249,q_table_v7.json,True,15.296,AccelerateForward,cp:finish|dist:close|angle:forward|speed:slow|progress:stale|bomb:False|fsm:Racing
88,Bot 02,B02,True,True,516.432,15,14,15,2,2,267.322,0.995,RaceComplete,253,q_table_v7.json,False,18.229,HardLeft,cp:finish|dist:close|angle:forward|speed:cruise|progress:stale|bomb:False|fsm:Racing
89,Bot 03,B03,True,True,518.751,15,14,15,3,1,273.785,0.990,RaceComplete,255,q_table_v7.json,False,21.743,TurnLeftAndAccelerate,cp:finish|dist:close|angle:right|speed:slow|progress:stale|bomb:False|fsm:Racing
90,Bot 04,B04,True,True,516.443,15,14,15,0,2,275.458,0.985,RaceComplete,255,q_table_v7.json,False,15.844,HardLeft,cp:finish|dist:close|angle:right|speed:slow|progress:stale|bomb:False|fsm:Racing
91,Bot 07,B07,True,True,514.403,15,14,15,5,1,278.269,0.980,RaceComplete,257,q_table_v7.json,False,21.177,HardLeft,cp:finish|dist:close|angle:forward|speed:cruise|progress:stale|bomb:False|fsm:Racing
92,Bot 06,B06,True,True,515.138,15,14,15,2,1,283.173,0.975,RaceComplete,258,q_table_v7.json,False,22.158,Brake,cp:finish|dist:close|angle:forward|speed:slow|progress:stale|bomb:False|fsm:Racing
93,Bot 09,B09,True,True,513.332,15,14,15,7,1,287.384,0.970,RaceComplete,259,q_table_v7.json,False,22.157,TurnLeftAndAccelerate,cp:finish|dist:close|angle:forward|speed:slow|progress:stale|bomb:False|fsm:Racing
94,Bot 05,B05,True,True,515.746,15,14,15,0,1,287.676,0.966,RaceComplete,259,q_table_v7.json,False,9.543,TurnRightAndAccelerate,cp:finish|dist:close|angle:forward|speed:slow|progress:fresh|bomb:False|fsm:Racing
95,Bot 10,B10,True,True,512.366,15,14,15,2,1,296.497,0.961,RaceComplete,266,q_table_v7.json,False,16.112,AccelerateForward,cp:finish|dist:close|angle:forward|speed:cruise|progress:stale|bomb:False|fsm:Racing
96,Bot 01,B01,True,True,514.803,15,14,15,0,1,297.764,0.956,RaceComplete,266,q_table_v7.json,False,16.559,TurnRightAndAccelerate,cp:finish|dist:close|angle:forward|speed:cruise|progress:stale|bomb:False|fsm:Racing
97,Bot 03,B03,True,True,518.067,15,14,15,1,2,258.918,0.951,RaceComplete,300,q_table_v7.json,False,23.715,Coast,cp:finish|dist:close|angle:forward|speed:cruise|progress:stale|bomb:False|fsm:Racing
98,Bot 08,B08,True,True,512.888,15,14,15,7,3,285.696,0.946,RaceComplete,300,q_table_v7.json,False,22.856,HardRight,cp:finish|dist:close|angle:forward|speed:slow|progress:stale|bomb:False|fsm:Racing
99,Bot 02,B02,True,True,507.513,15,14,15,6,3,279.384,0.942,RaceComplete,301,q_table_v7.json,False,21.309,TurnLeftAndAccelerate,cp:finish|dist:close|angle:forward|speed:cruise|progress:stale|bomb:False|fsm:Racing
100,Bot 07,B07,True,True,520.081,15,14,15,6,1,271.675,0.937,RaceComplete,301,q_table_v7.json,True,21.740,TurnRightAndAccelerate,cp:finish|dist:close|angle:forward|speed:slow|progress:stale|bomb:False|fsm:Racing
101,Bot 01,B01,True,True,519.366,15,14,15,0,1,253.308,0.932,RaceComplete,301,q_table_v7.json,False,21.602,TurnLeftAndAccelerate,cp:finish|dist:close|angle:right|speed:slow|progress:stale|bomb:False|fsm:Racing
102,Bot 04,B04,True,True,512.069,15,14,15,1,2,280.231,0.928,RaceComplete,302,q_table_v7.json,False,16.971,TurnLeftAndAccelerate,cp:finish|dist:close|angle:right|speed:cruise|progress:stale|bomb:False|fsm:Racing
103,Bot 05,B05,True,True,520.793,15,14,15,9,0,277.417,0.923,RaceComplete,305,q_table_v7.json,True,12.895,TurnRightAndAccelerate,cp:finish|dist:close|angle:behindLeft|speed:cruise|progress:fresh|bomb:False|fsm:Racing
104,Bot 10,B10,True,True,521.696,15,14,15,0,0,271.947,0.918,RaceComplete,305,q_table_v7.json,True,18.805,Coast,cp:finish|dist:close|angle:forward|speed:slow|progress:stale|bomb:False|fsm:Racing
105,Bot 06,B06,True,True,512.917,15,14,15,2,2,295.658,0.914,RaceComplete,305,q_table_v7.json,False,23.151,RecoveryTurn,cp:finish|dist:close|angle:forward|speed:slow|progress:stale|bomb:False|fsm:Racing
106,Bot 09,B09,True,True,515.071,15,14,15,2,1,292.010,0.909,RaceComplete,305,q_table_v7.json,False,18.797,TurnRightAndAccelerate,cp:finish|dist:close|angle:forward|speed:cruise|progress:stale|bomb:False|fsm:Racing
107,Bot 07,B07,True,True,445.882,13,12,13,5,1,245.872,0.905,Stuck,343,q_table_v7.json,False,45.028,TurnRightAndAccelerate,cp:13|dist:close|angle:left|speed:slow|progress:danger|bomb:False|fsm:Racing
108,Bot 01,B01,True,True,523.873,15,14,15,13,0,258.913,0.900,RaceComplete,344,q_table_v7.json,True,20.058,Coast,cp:finish|dist:close|angle:left|speed:cruise|progress:stale|bomb:False|fsm:Racing
109,Bot 08,B08,True,True,515.227,15,14,15,1,1,282.194,0.896,RaceComplete,344,q_table_v7.json,False,22.868,Brake,cp:finish|dist:close|angle:forward|speed:slow|progress:stale|bomb:False|fsm:Racing
110,Bot 02,B02,True,True,519.160,15,14,15,3,1,276.581,0.891,RaceComplete,345,q_table_v7.json,False,18.096,AccelerateForward,cp:finish|dist:close|angle:forward|speed:slow|progress:stale|bomb:False|fsm:Racing
111,Bot 05,B05,True,True,522.861,15,14,15,1,0,259.890,0.887,RaceComplete,345,q_table_v7.json,False,18.790,TurnRightAndAccelerate,cp:finish|dist:close|angle:forward|speed:slow|progress:stale|bomb:False|fsm:Racing
112,Bot 03,B03,True,True,514.862,15,14,15,7,3,294.127,0.882,RaceComplete,345,q_table_v7.json,False,25.113,AccelerateForward,cp:finish|dist:close|angle:forward|speed:slow|progress:stale|bomb:False|fsm:Racing
113,Bot 04,B04,True,True,516.516,15,14,15,0,2,274.765,0.878,RaceComplete,345,q_table_v7.json,False,15.704,Coast,cp:finish|dist:close|angle:forward|speed:slow|progress:stale|bomb:False|fsm:Racing
114,Bot 10,B10,True,True,518.300,15,14,15,2,1,267.609,0.873,RaceComplete,345,q_table_v7.json,False,13.608,HardRight,cp:finish|dist:close|angle:forward|speed:slow|progress:fresh|bomb:False|fsm:Racing
115,Bot 06,B06,True,True,524.813,15,14,15,0,0,257.935,0.869,RaceComplete,346,q_table_v7.json,True,13.887,TurnRightAndAccelerate,cp:finish|dist:close|angle:left|speed:cruise|progress:fresh|bomb:False|fsm:Racing
116,Bot 09,B09,True,True,515.263,15,14,15,0,0,300.012,0.865,TimeLimit,378,q_table_v7.json,False,20.479,Brake,cp:finish|dist:medium|angle:right|speed:slow|progress:stale|bomb:False|fsm:Recover
117,Bot 03,B03,True,True,63.684,2,1,2,0,1,65.506,0.860,Stuck,385,q_table_v7.json,False,45.017,Coast,cp:2|dist:medium|angle:forward|speed:cruise|progress:danger|bomb:False|fsm:Racing
118,Bot 01,B01,True,True,84.567,3,2,3,4,4,104.232,0.856,Stuck,393,q_table_v7.json,False,45.021,HardRight,cp:3|dist:close|angle:behindRight|speed:slow|progress:danger|bomb:False|fsm:Racing
119,Bot 05,B05,True,True,527.444,15,14,15,1,0,237.443,0.852,RaceComplete,398,q_table_v7.json,True,19.215,RecoveryTurn,cp:finish|dist:close|angle:forward|speed:slow|progress:stale|bomb:False|fsm:Racing
120,Bot 07,B07,True,True,507.354,15,14,15,9,4,267.468,0.848,RaceComplete,398,q_table_v7.json,False,12.069,Coast,cp:finish|dist:close|angle:forward|speed:slow|progress:fresh|bomb:False|fsm:Racing
121,Bot 08,B08,True,True,516.199,15,14,15,3,2,254.009,0.843,RaceComplete,398,q_table_v7.json,False,17.397,AccelerateForward,cp:finish|dist:close|angle:forward|speed:slow|progress:stale|bomb:False|fsm:Racing
122,Bot 02,B02,True,True,524.486,15,14,15,7,0,254.835,0.839,RaceComplete,398,q_table_v7.json,False,11.085,Coast,cp:finish|dist:close|angle:forward|speed:slow|progress:fresh|bomb:False|fsm:Racing
123,Bot 04,B04,True,True,522.275,15,14,15,6,1,265.373,0.835,RaceComplete,400,q_table_v7.json,False,17.676,TurnRightAndAccelerate,cp:finish|dist:close|angle:left|speed:cruise|progress:stale|bomb:False|fsm:Racing
124,Bot 10,B10,True,True,522.890,15,14,15,1,0,263.119,0.831,RaceComplete,400,q_table_v7.json,False,19.353,AccelerateForward,cp:finish|dist:close|angle:right|speed:slow|progress:stale|bomb:False|fsm:Racing
125,Bot 06,B06,True,True,522.002,15,14,15,1,0,269.289,0.827,RaceComplete,401,q_table_v7.json,False,18.652,TurnLeftAndAccelerate,cp:finish|dist:close|angle:forward|speed:cruise|progress:stale|bomb:False|fsm:Racing
126,Bot 07,B07,True,True,49.691,2,1,2,3,5,69.008,0.822,Stuck,407,q_table_v7.json,False,45.023,TurnRightAndAccelerate,cp:2|dist:close|angle:forward|speed:slow|progress:danger|bomb:False|fsm:Racing
127,Bot 09,B09,True,True,524.828,15,14,15,1,0,256.382,0.818,RaceComplete,407,q_table_v7.json,False,12.341,Coast,cp:finish|dist:close|angle:forward|speed:slow|progress:fresh|bomb:False|fsm:Racing
128,Bot 03,B03,True,True,516.918,15,14,15,2,1,276.864,0.814,RaceComplete,411,q_table_v7.json,False,23.842,HardRight,cp:finish|dist:close|angle:forward|speed:slow|progress:stale|bomb:False|fsm:Racing
129,Bot 01,B01,True,True,522.386,15,14,15,1,0,271.363,0.810,RaceComplete,411,q_table_v7.json,False,19.772,HardLeft,cp:finish|dist:close|angle:left|speed:slow|progress:stale|bomb:False|fsm:Racing
130,Bot 05,B05,True,True,524.048,15,14,15,12,0,264.103,0.806,RaceComplete,432,q_table_v7.json,False,13.177,RecoveryTurn,cp:finish|dist:close|angle:forward|speed:slow|progress:fresh|bomb:False|fsm:Racing
131,Bot 08,B08,True,True,521.545,15,14,15,0,2,253.440,0.802,RaceComplete,433,q_table_v7.json,False,17.112,Coast,cp:finish|dist:close|angle:hardLeft|speed:cruise|progress:stale|bomb:False|fsm:Racing
132,Bot 02,B02,True,True,523.566,15,14,15,3,1,253.854,0.798,RaceComplete,433,q_table_v7.json,False,17.532,TurnRightAndAccelerate,cp:finish|dist:close|angle:forward|speed:slow|progress:stale|bomb:False|fsm:Racing
133,Bot 04,B04,True,True,527.362,15,14,15,1,1,236.335,0.794,RaceComplete,433,q_table_v7.json,False,16.133,Coast,cp:finish|dist:close|angle:forward|speed:cruise|progress:stale|bomb:False|fsm:Racing
134,Bot 10,B10,True,True,525.565,15,14,15,2,0,254.422,0.790,RaceComplete,434,q_table_v7.json,False,14.029,Brake,cp:finish|dist:close|angle:forward|speed:cruise|progress:fresh|bomb:False|fsm:Racing
135,Bot 06,B06,True,True,513.971,15,14,15,0,3,251.475,0.786,RaceComplete,434,q_table_v7.json,False,19.078,TurnRightAndAccelerate,cp:finish|dist:close|angle:forward|speed:cruise|progress:stale|bomb:False|fsm:Racing
136,Bot 09,B09,True,True,525.920,15,14,15,1,1,222.728,0.782,RaceComplete,435,q_table_v7.json,False,11.634,TurnLeftAndAccelerate,cp:finish|dist:close|angle:right|speed:cruise|progress:fresh|bomb:False|fsm:Racing
137,Bot 07,B07,True,True,515.092,15,14,15,6,3,253.579,0.778,RaceComplete,436,q_table_v7.json,False,15.007,TurnRightAndAccelerate,cp:finish|dist:close|angle:forward|speed:cruise|progress:stale|bomb:False|fsm:Racing
138,Bot 01,B01,True,True,519.752,15,14,15,2,2,260.024,0.774,RaceComplete,438,q_table_v7.json,False,12.197,AccelerateForward,cp:finish|dist:close|angle:hardRight|speed:cruise|progress:fresh|bomb:False|fsm:Racing
139,Bot 03,B03,True,True,509.460,15,14,15,0,6,281.077,0.771,RaceComplete,438,q_table_v7.json,False,20.621,AccelerateForward,cp:finish|dist:close|angle:forward|speed:cruise|progress:stale|bomb:False|fsm:Racing
140,Bot 02,B02,True,True,524.887,15,14,15,1,1,230.578,0.767,RaceComplete,441,q_table_v7.json,False,13.184,AccelerateForward,cp:finish|dist:close|angle:forward|speed:cruise|progress:fresh|bomb:False|fsm:Racing
141,Bot 05,B05,True,True,527.365,15,14,15,9,0,240.125,0.763,RaceComplete,442,q_table_v7.json,False,16.693,TurnRightAndAccelerate,cp:finish|dist:close|angle:forward|speed:cruise|progress:stale|bomb:False|fsm:Racing
142,Bot 04,B04,True,True,526.184,15,14,15,10,1,237.291,0.759,RaceComplete,442,q_table_v7.json,False,16.262,TurnRightAndAccelerate,cp:finish|dist:close|angle:left|speed:cruise|progress:stale|bomb:False|fsm:Racing
143,Bot 10,B10,True,True,529.284,15,14,15,0,0,219.922,0.755,RaceComplete,442,q_table_v7.json,True,19.365,TurnRightAndAccelerate,cp:finish|dist:close|angle:left|speed:cruise|progress:stale|bomb:False|fsm:Racing
144,Bot 08,B08,True,True,524.276,15,14,15,3,0,258.770,0.751,RaceComplete,442,q_table_v7.json,False,21.174,AccelerateForward,cp:finish|dist:close|angle:forward|speed:slow|progress:stale|bomb:False|fsm:Racing
145,Bot 06,B06,True,True,528.165,15,14,15,0,0,237.313,0.748,RaceComplete,444,q_table_v7.json,False,12.054,TurnRightAndAccelerate,cp:finish|dist:close|angle:hardLeft|speed:cruise|progress:fresh|bomb:False|fsm:Racing
146,Bot 09,B09,True,True,528.164,15,14,15,3,0,240.112,0.744,RaceComplete,444,q_table_v7.json,False,17.246,AccelerateForward,cp:finish|dist:close|angle:forward|speed:slow|progress:stale|bomb:False|fsm:Racing
147,Bot 07,B07,True,True,529.150,15,14,15,2,0,230.306,0.740,RaceComplete,445,q_table_v7.json,False,16.903,TurnRightAndAccelerate,cp:finish|dist:close|angle:left|speed:slow|progress:stale|bomb:False|fsm:Racing
148,Bot 03,B03,True,True,511.878,15,14,15,1,5,255.418,0.737,RaceComplete,455,q_table_v7.json,False,14.171,RecoveryTurn,cp:finish|dist:close|angle:forward|speed:cruise|progress:fresh|bomb:False|fsm:Racing
149,Bot 01,B01,True,True,523.131,15,14,15,1,0,270.276,0.733,RaceComplete,455,q_table_v7.json,False,13.467,TurnRightAndAccelerate,cp:finish|dist:close|angle:forward|speed:slow|progress:fresh|bomb:False|fsm:Racing
150,Bot 10,B10,True,True,527.534,15,14,15,5,1,182.889,0.729,RaceComplete,459,q_table_v7.json,False,13.038,AccelerateForward,cp:finish|dist:close|angle:forward|speed:cruise|progress:fresh|bomb:False|fsm:Racing
151,Bot 02,B02,True,True,529.515,15,14,15,4,0,207.299,0.726,RaceComplete,459,q_table_v7.json,True,16.263,TurnLeftAndAccelerate,cp:finish|dist:close|angle:forward|speed:slow|progress:stale|bomb:False|fsm:Racing
152,Bot 04,B04,True,True,526.632,15,14,15,5,2,220.615,0.722,RaceComplete,463,q_table_v7.json,False,17.241,AccelerateForward,cp:finish|dist:close|angle:forward|speed:cruise|progress:stale|bomb:False|fsm:Racing
153,Bot 09,B09,True,True,532.255,15,14,15,2,0,196.081,0.718,RaceComplete,463,q_table_v7.json,True,12.493,Coast,cp:finish|dist:close|angle:behindRight|speed:cruise|progress:fresh|bomb:False|fsm:Racing
154,Bot 05,B05,True,True,518.791,15,14,15,3,3,234.370,0.715,RaceComplete,465,q_table_v7.json,False,14.174,Coast,cp:finish|dist:close|angle:left|speed:cruise|progress:fresh|bomb:False|fsm:Racing
155,Bot 08,B08,True,True,394.885,12,11,12,4,5,237.173,0.711,Stuck,479,q_table_v7.json,False,45.028,TurnLeftAndAccelerate,cp:12|dist:medium|angle:behindLeft|speed:slow|progress:danger|bomb:False|fsm:Recover
156,Bot 06,B06,True,True,524.024,15,14,15,0,1,234.629,0.708,RaceComplete,480,q_table_v7.json,False,11.231,TurnRightAndAccelerate,cp:finish|dist:close|angle:forward|speed:cruise|progress:fresh|bomb:False|fsm:Racing
157,Bot 07,B07,True,True,530.472,15,14,15,3,0,222.529,0.704,RaceComplete,480,q_table_v7.json,False,14.387,TurnRightAndAccelerate,cp:finish|dist:close|angle:behindLeft|speed:cruise|progress:fresh|bomb:False|fsm:Racing
158,Bot 03,B03,True,True,531.090,15,14,15,1,0,204.222,0.701,RaceComplete,482,q_table_v7.json,False,16.554,TurnLeftAndAccelerate,cp:finish|dist:close|angle:right|speed:slow|progress:stale|bomb:False|fsm:Racing
159,Bot 01,B01,True,True,527.559,15,14,15,2,2,204.073,0.697,RaceComplete,482,q_table_v7.json,False,13.034,TurnRightAndAccelerate,cp:finish|dist:close|angle:behindLeft|speed:cruise|progress:fresh|bomb:False|fsm:Racing
160,Bot 10,B10,True,True,525.248,15,14,15,3,1,217.823,0.694,RaceComplete,488,q_table_v7.json,False,19.917,TurnLeftAndAccelerate,cp:finish|dist:close|angle:forward|speed:slow|progress:stale|bomb:False|fsm:Racing
161,Bot 04,B04,True,True,528.486,15,14,15,8,1,204.631,0.690,RaceComplete,488,q_table_v7.json,False,18.782,Brake,cp:finish|dist:close|angle:left|speed:slow|progress:stale|bomb:False|fsm:Racing
162,Bot 02,B02,True,True,519.996,15,14,15,5,3,236.756,0.687,RaceComplete,488,q_table_v7.json,False,16.126,AccelerateForward,cp:finish|dist:close|angle:forward|speed:slow|progress:stale|bomb:False|fsm:Racing
163,Bot 08,B08,True,True,532.421,15,14,15,7,0,194.529,0.683,RaceComplete,488,q_table_v7.json,True,12.896,AccelerateForward,cp:finish|dist:close|angle:forward|speed:slow|progress:fresh|bomb:False|fsm:Racing
164,Bot 09,B09,True,True,525.240,15,14,15,0,1,225.257,0.680,RaceComplete,488,q_table_v7.json,False,10.528,AccelerateForward,cp:finish|dist:close|angle:forward|speed:slow|progress:fresh|bomb:False|fsm:Racing
165,Bot 05,B05,True,True,524.481,15,14,15,0,1,240.973,0.676,RaceComplete,491,q_table_v7.json,False,17.259,TurnRightAndAccelerate,cp:finish|dist:close|angle:behindLeft|speed:cruise|progress:stale|bomb:False|fsm:Racing
166,Bot 07,B07,True,True,527.248,15,14,15,0,1,223.545,0.673,RaceComplete,494,q_table_v7.json,False,13.123,Coast,cp:finish|dist:close|angle:right|speed:cruise|progress:fresh|bomb:False|fsm:Racing
167,Bot 06,B06,True,True,526.807,15,14,15,3,1,232.828,0.670,RaceComplete,499,q_table_v7.json,False,17.949,HardLeft,cp:finish|dist:close|angle:behindRight|speed:slow|progress:stale|bomb:False|fsm:Racing
168,Bot 05,B05,True,True,65.674,2,1,2,0,0,56.667,0.666,Stuck,640,q_table_v7.json,False,45.016,AccelerateForward,cp:2|dist:medium|angle:forward|speed:cruise|progress:danger|bomb:False|fsm:Recover
169,Bot 09,B09,True,True,97.095,3,2,3,2,0,79.824,0.663,Stuck,641,q_table_v7.json,False,45.048,TurnRightAndAccelerate,cp:3|dist:medium|angle:behindRight|speed:cruise|progress:danger|bomb:False|fsm:Recover
170,Bot 01,B01,True,True,337.158,10,9,10,1,1,185.310,0.660,Stuck,648,q_table_v7.json,False,45.054,HardRight,cp:10|dist:medium|angle:left|speed:slow|progress:danger|bomb:False|fsm:Recover
171,Bot 04,B04,True,True,250.022,7,6,7,3,0,111.674,0.656,Stuck,651,q_table_v7.json,False,45.057,HardLeft,cp:7|dist:close|angle:forward|speed:slow|progress:danger|bomb:False|fsm:Racing
172,Bot 07,B07,True,True,-5.799,0,-1,0,0,0,45.037,0.653,Stuck,651,q_table_v7.json,False,45.037,AccelerateForward,cp:0|dist:medium|angle:forward|speed:slow|progress:danger|bomb:False|fsm:Racing
173,Bot 02,B02,True,True,270.947,8,7,8,4,3,161.160,0.650,Stuck,742,q_table_v7.json,False,45.001,Coast,cp:8|dist:medium|angle:behindRight|speed:slow|progress:danger|bomb:False|fsm:Recover
174,Bot 04,B04,True,True,63.606,2,1,2,0,1,62.526,0.647,Stuck,747,q_table_v7.json,False,45.004,HardRight,cp:2|dist:far|angle:right|speed:slow|progress:danger|bomb:False|fsm:Recover
175,Bot 10,B10,True,True,307.167,9,8,9,11,2,194.678,0.643,Stuck,747,q_table_v7.json,False,45.138,AccelerateForward,cp:9|dist:far|angle:behindLeft|speed:cruise|progress:danger|bomb:False|fsm:Recover
176,Bot 06,B06,True,True,118.144,4,3,4,1,4,107.712,0.640,Stuck,755,q_table_v7.json,False,45.000,AccelerateForward,cp:4|dist:medium|angle:hardLeft|speed:slow|progress:danger|bomb:False|fsm:Recover
177,Bot 05,B05,True,True,94.468,3,2,3,0,0,77.831,0.637,Stuck,761,q_table_v7.json,False,45.146,Coast,cp:3|dist:medium|angle:behindRight|speed:slow|progress:danger|bomb:False|fsm:Recover
178,Bot 01,B01,True,True,111.446,3,2,3,0,0,71.787,0.634,Stuck,761,q_table_v7.json,False,45.011,RecoveryTurn,cp:3|dist:far|angle:hardRight|speed:cruise|progress:danger|bomb:False|fsm:Recover
179,Bot 03,B03,True,True,518.868,15,14,15,3,1,267.357,0.631,Stuck,761,q_table_v7.json,False,45.033,AccelerateForward,cp:finish|dist:far|angle:right|speed:cruise|progress:danger|bomb:False|fsm:Recover
180,Bot 07,B07,True,True,101.371,3,2,3,2,0,93.896,0.627,Stuck,796,q_table_v7.json,False,45.068,AccelerateForward,cp:3|dist:medium|angle:forward|speed:slow|progress:danger|bomb:False|fsm:Collect
181,Bot 09,B09,True,True,204.771,6,5,6,0,1,124.168,0.624,Stuck,865,q_table_v7.json,False,45.081,RecoveryTurn,cp:6|dist:close|angle:forward|speed:slow|progress:danger|bomb:False|fsm:Racing
182,Bot 10,B10,True,True,65.917,2,1,2,1,0,57.981,0.621,Stuck,870,q_table_v7.json,False,45.078,AccelerateForward,cp:2|dist:close|angle:left|speed:slow|progress:danger|bomb:False|fsm:Racing
183,Bot 04,B04,True,True,67.585,2,1,2,3,0,60.046,0.618,Stuck,873,q_table_v7.json,False,45.049,HardLeft,cp:2|dist:medium|angle:behindLeft|speed:cruise|progress:danger|bomb:False|fsm:Recover
184,Bot 02,B02,True,True,60.216,2,1,2,2,1,62.422,0.615,Stuck,879,q_table_v7.json,False,45.035,AccelerateForward,cp:2|dist:far|angle:left|speed:cruise|progress:danger|bomb:False|fsm:Recover
185,Bot 05,B05,True,True,62.073,2,1,2,0,1,54.284,0.612,Stuck,881,q_table_v7.json,False,45.038,AccelerateForward,cp:2|dist:far|angle:behindRight|speed:slow|progress:danger|bomb:False|fsm:Recover
186,Bot 06,B06,True,True,67.312,2,1,2,0,0,61.167,0.609,Stuck,887,q_table_v7.json,False,45.045,TurnRightAndAccelerate,cp:2|dist:close|angle:forward|speed:cruise|progress:danger|bomb:False|fsm:Racing
187,Bot 01,B01,True,True,57.546,2,1,2,2,1,59.752,0.606,Stuck,893,q_table_v7.json,False,45.038,AccelerateForward,cp:2|dist:medium|angle:left|speed:cruise|progress:danger|bomb:False|fsm:Recover
188,Bot 08,B08,True,True,454.693,13,12,13,1,0,226.943,0.603,Stuck,899,q_table_v7.json,False,45.089,HardRight,cp:13|dist:medium|angle:hardRight|speed:slow|progress:danger|bomb:False|fsm:Recover
189,Bot 07,B07,True,True,-6.180,0,-1,0,0,0,45.104,0.600,Stuck,899,q_table_v7.json,False,45.104,RecoveryTurn,cp:0|dist:medium|angle:forward|speed:slow|progress:danger|bomb:False|fsm:Recover
190,Bot 03,B03,True,True,93.097,2,1,2,0,0,83.010,0.597,Stuck,906,q_table_v7.json,False,45.110,AccelerateForward,cp:2|dist:medium|angle:left|speed:cruise|progress:danger|bomb:False|fsm:Recover
191,Bot 09,B09,True,True,-7.176,0,-1,0,0,0,45.008,0.594,Stuck,921,q_table_v7.json,False,45.008,AccelerateForward,cp:0|dist:medium|angle:left|speed:cruise|progress:danger|bomb:False|fsm:Recover
192,Bot 10,B10,True,True,59.465,2,1,2,5,2,54.670,0.591,Stuck,924,q_table_v7.json,False,45.042,TurnLeftAndAccelerate,cp:2|dist:medium|angle:behindRight|speed:cruise|progress:danger|bomb:False|fsm:Recover
193,Bot 07,B07,True,True,33.674,1,0,1,0,0,51.600,0.588,Stuck,963,q_table_v7.json,False,45.020,AccelerateForward,cp:1|dist:medium|angle:forward|speed:cruise|progress:danger|bomb:False|fsm:Collect
194,Bot 01,B01,True,True,67.662,2,1,2,1,0,63.958,0.585,Stuck,963,q_table_v7.json,False,45.305,TurnRightAndAccelerate,cp:2|dist:medium|angle:hardLeft|speed:cruise|progress:danger|bomb:False|fsm:Recover
195,Bot 08,B08,True,True,65.948,2,1,2,0,0,54.563,0.582,Stuck,965,q_table_v7.json,False,46.283,RecoveryTurn,cp:2|dist:medium|angle:forward|speed:slow|progress:danger|bomb:False|fsm:Collect
196,Bot 06,B06,True,True,64.152,2,1,2,0,0,67.867,0.579,Stuck,968,q_table_v7.json,False,45.013,Brake,cp:2|dist:medium|angle:forward|speed:slow|progress:danger|bomb:False|fsm:Collect
197,Bot 03,B03,True,True,-6.238,0,-1,0,0,0,45.004,0.576,Stuck,976,q_table_v7.json,False,45.004,TurnLeftAndAccelerate,cp:0|dist:far|angle:behindRight|speed:cruise|progress:danger|bomb:False|fsm:Recover
198,Bot 05,B05,True,True,131.521,4,3,4,7,1,84.408,0.573,Stuck,995,q_table_v7.json,False,45.041,Brake,cp:4|dist:medium|angle:hardLeft|speed:slow|progress:danger|bomb:False|fsm:Recover
199,Bot 04,B04,True,True,141.240,4,3,4,5,0,89.037,0.570,Stuck,997,q_table_v7.json,False,46.805,TurnRightAndAccelerate,cp:4|dist:close|angle:right|speed:cruise|progress:danger|bomb:False|fsm:Racing
200,Bot 09,B09,True,True,32.638,1,0,1,0,0,50.351,0.568,Stuck,1001,q_table_v7.json,False,45.036,TurnRightAndAccelerate,cp:1|dist:far|angle:behindRight|speed:cruise|progress:danger|bomb:False|fsm:Recover
201,Bot 02,B02,True,True,131.055,4,3,4,3,1,92.970,0.565,Stuck,1013,q_table_v7.json,False,45.106,Coast,cp:4|dist:medium|angle:hardRight|speed:cruise|progress:danger|bomb:False|fsm:Recover
202,Bot 10,B10,True,True,-1.181,0,-1,0,0,0,45.126,0.562,Stuck,1016,q_table_v7.json,False,45.126,TurnLeftAndAccelerate,cp:0|dist:medium|angle:forward|speed:slow|progress:danger|bomb:False|fsm:Racing
203,Bot 07,B07,True,True,-6.536,0,-1,0,0,0,45.013,0.559,Stuck,1035,q_table_v7.json,False,45.013,Brake,cp:0|dist:medium|angle:behindRight|speed:slow|progress:danger|bomb:False|fsm:Recover
204,Bot 03,B03,True,True,32.900,1,0,1,0,0,48.540,0.556,Stuck,1039,q_table_v7.json,False,45.039,AccelerateForward,cp:1|dist:far|angle:left|speed:slow|progress:danger|bomb:False|fsm:Recover
205,Bot 06,B06,True,True,69.670,2,1,2,0,0,56.805,0.554,Stuck,1039,q_table_v7.json,False,45.019,HardLeft,cp:2|dist:medium|angle:behindRight|speed:cruise|progress:danger|bomb:False|fsm:Recover
206,Bot 05,B05,True,True,-2.247,0,-1,0,0,0,45.023,0.551,Stuck,1039,q_table_v7.json,False,45.023,HardLeft,cp:0|dist:medium|angle:behindRight|speed:slow|progress:danger|bomb:False|fsm:Recover
207,Bot 08,B08,True,True,533.503,15,14,15,2,0,141.642,0.548,RaceComplete,1049,q_table_v7.json,True,7.709,RecoveryTurn,cp:finish|dist:close|angle:forward|speed:slow|progress:fresh|bomb:False|fsm:Racing
208,Bot 01,B01,True,True,530.544,15,14,15,6,1,171.100,0.545,RaceComplete,1049,q_table_v7.json,False,11.642,TurnLeftAndAccelerate,cp:finish|dist:close|angle:right|speed:cruise|progress:fresh|bomb:False|fsm:Racing
209,Bot 10,B10,True,True,534.086,15,14,15,3,0,171.967,0.543,RaceComplete,1050,q_table_v7.json,True,6.454,TurnLeftAndAccelerate,cp:finish|dist:close|angle:right|speed:cruise|progress:fresh|bomb:False|fsm:Racing
210,Bot 02,B02,True,True,533.808,15,14,15,4,0,195.661,0.540,RaceComplete,1051,q_table_v7.json,False,7.574,Coast,cp:finish|dist:close|angle:forward|speed:cruise|progress:fresh|bomb:False|fsm:Racing
211,Bot 07,B07,True,True,534.932,15,14,15,3,0,181.199,0.537,RaceComplete,1051,q_table_v7.json,True,11.078,Coast,cp:finish|dist:close|angle:forward|speed:cruise|progress:fresh|bomb:False|fsm:Racing
212,Bot 04,B04,True,True,519.524,15,14,15,2,4,222.047,0.534,RaceComplete,1055,q_table_v7.json,False,16.296,AccelerateForward,cp:finish|dist:close|angle:forward|speed:slow|progress:stale|bomb:False|fsm:Racing
213,Bot 03,B03,True,True,528.717,15,14,15,2,2,191.294,0.532,RaceComplete,1055,q_table_v7.json,False,11.222,AccelerateForward,cp:finish|dist:close|angle:forward|speed:slow|progress:fresh|bomb:False|fsm:Racing
214,Bot 06,B06,True,True,523.391,15,14,15,0,2,194.806,0.529,RaceComplete,1056,q_table_v7.json,False,12.175,Coast,cp:finish|dist:close|angle:forward|speed:cruise|progress:fresh|bomb:False|fsm:Racing
215,Bot 05,B05,True,True,528.716,15,14,15,2,2,193.462,0.526,RaceComplete,1056,q_table_v7.json,False,10.570,Coast,cp:finish|dist:close|angle:hardRight|speed:cruise|progress:fresh|bomb:False|fsm:Racing
216,Bot 09,B09,True,True,529.912,15,14,15,3,0,247.922,0.524,Stuck,1064,q_table_v7.json,False,45.022,RecoveryTurn,cp:finish|dist:close|angle:forward|speed:slow|progress:danger|bomb:False|fsm:Racing
217,Bot 08,B08,True,True,536.812,15,14,15,1,0,168.302,0.521,RaceComplete,1064,q_table_v7.json,True,15.847,TurnRightAndAccelerate,cp:finish|dist:close|angle:forward|speed:cruise|progress:stale|bomb:False|fsm:Racing
218,Bot 01,B01,True,True,527.257,15,14,15,6,2,173.355,0.519,RaceComplete,1066,q_table_v7.json,False,11.509,Coast,cp:finish|dist:close|angle:forward|speed:cruise|progress:fresh|bomb:False|fsm:Racing
219,Bot 07,B07,True,True,537.119,15,14,15,2,0,162.689,0.516,RaceComplete,1109,q_table_v7.json,True,13.748,Coast,cp:finish|dist:close|angle:forward|speed:cruise|progress:fresh|bomb:False|fsm:Racing
220,Bot 03,B03,True,True,425.986,12,11,12,3,1,148.099,0.513,Stuck,1116,q_table_v7.json,False,45.022,TurnRightAndAccelerate,cp:12|dist:medium|angle:behindRight|speed:cruise|progress:danger|bomb:False|fsm:Recover
221,Bot 08,B08,True,True,238.061,6,5,6,0,0,85.979,0.511,Stuck,1116,q_table_v7.json,False,45.019,TurnLeftAndAccelerate,cp:6|dist:close|angle:behindLeft|speed:slow|progress:danger|bomb:False|fsm:Racing
222,Bot 10,B10,True,True,534.322,15,14,15,8,0,199.592,0.508,RaceComplete,1116,q_table_v7.json,False,14.871,RecoveryTurn,cp:finish|dist:close|angle:forward|speed:cruise|progress:fresh|bomb:False|fsm:Racing
223,Bot 02,B02,True,True,531.433,15,14,15,1,1,185.558,0.506,RaceComplete,1116,q_table_v7.json,False,13.879,Coast,cp:finish|dist:close|angle:forward|speed:cruise|progress:fresh|bomb:False|fsm:Racing
224,Bot 06,B06,True,True,529.603,15,14,15,2,2,155.556,0.503,RaceComplete,1116,q_table_v7.json,False,15.028,TurnRightAndAccelerate,cp:finish|dist:close|angle:forward|speed:cruise|progress:stale|bomb:False|fsm:Racing
225,Bot 05,B05,True,True,539.037,15,14,15,1,0,158.024,0.501,RaceComplete,1116,q_table_v7.json,True,7.435,Coast,cp:finish|dist:close|angle:forward|speed:cruise|progress:fresh|bomb:False|fsm:Racing
226,Bot 04,B04,True,True,523.379,15,14,15,3,4,185.017,0.498,RaceComplete,1116,q_table_v7.json,False,9.544,Coast,cp:finish|dist:close|angle:forward|speed:cruise|progress:fresh|bomb:False|fsm:Racing
227,Bot 09,B09,True,True,534.770,15,14,15,1,0,192.281,0.496,RaceComplete,1116,q_table_v7.json,False,12.754,AccelerateForward,cp:finish|dist:close|angle:forward|speed:slow|progress:fresh|bomb:False|fsm:Racing
228,Bot 01,B01,True,True,538.234,15,14,15,7,0,151.050,0.493,RaceComplete,1122,q_table_v7.json,False,10.243,TurnRightAndAccelerate,cp:finish|dist:close|angle:forward|speed:cruise|progress:fresh|bomb:False|fsm:Racing
229,Bot 09,B09,True,True,98.993,3,2,3,1,0,58.081,0.491,Stuck,1128,q_table_v7.json,False,45.037,HardRight,cp:3|dist:close|angle:behindLeft|speed:cruise|progress:danger|bomb:False|fsm:Racing
230,Bot 10,B10,True,True,538.235,15,14,15,0,0,147.694,0.488,RaceComplete,1157,q_table_v7.json,False,12.903,TurnRightAndAccelerate,cp:finish|dist:close|angle:left|speed:cruise|progress:fresh|bomb:False|fsm:Racing
231,Bot 05,B05,True,True,534.194,15,14,15,3,1,136.895,0.486,RaceComplete,1160,q_table_v7.json,False,9.956,Coast,cp:finish|dist:close|angle:forward|speed:cruise|progress:fresh|bomb:False|fsm:Racing
232,Bot 03,B03,True,True,419.401,12,11,12,4,0,162.991,0.483,Stuck,1166,q_table_v7.json,False,45.025,TurnRightAndAccelerate,cp:12|dist:medium|angle:forward|speed:slow|progress:danger|bomb:False|fsm:Racing
233,Bot 08,B08,True,True,422.276,12,11,12,3,1,171.255,0.481,Stuck,1169,q_table_v7.json,False,45.019,HardLeft,cp:12|dist:close|angle:forward|speed:slow|progress:danger|bomb:False|fsm:Racing
234,Bot 07,B07,True,True,529.637,15,14,15,2,2,181.621,0.479,RaceComplete,1169,q_table_v7.json,False,12.285,AccelerateForward,cp:finish|dist:close|angle:forward|speed:slow|progress:fresh|bomb:False|fsm:Racing
235,Bot 02,B02,True,True,532.460,15,14,15,0,1,171.107,0.476,RaceComplete,1170,q_table_v7.json,False,17.949,RecoveryTurn,cp:finish|dist:close|angle:forward|speed:cruise|progress:stale|bomb:False|fsm:Racing
236,Bot 06,B06,True,True,528.755,15,14,15,3,2,167.105,0.474,RaceComplete,1170,q_table_v7.json,False,16.609,TurnRightAndAccelerate,cp:finish|dist:close|angle:left|speed:cruise|progress:stale|bomb:False|fsm:Racing
237,Bot 04,B04,True,True,536.127,15,14,15,2,0,172.652,0.471,RaceComplete,1185,q_table_v7.json,False,12.624,Coast,cp:finish|dist:close|angle:forward|speed:cruise|progress:fresh|bomb:False|fsm:Racing
238,Bot 01,B01,True,True,538.070,15,14,15,0,0,119.361,0.469,RaceComplete,1189,q_table_v7.json,False,13.325,Coast,cp:finish|dist:close|angle:forward|speed:cruise|progress:fresh|bomb:False|fsm:Racing
239,Bot 07,B07,True,True,539.319,15,14,15,5,0,105.471,0.467,RaceComplete,1226,q_table_v7.json,True,6.741,Coast,cp:finish|dist:close|angle:right|speed:cruise|progress:fresh|bomb:False|fsm:Racing
240,Bot 10,B10,True,True,538.784,15,14,15,6,0,148.392,0.464,RaceComplete,1241,q_table_v7.json,False,8.695,HardRight,cp:finish|dist:close|angle:right|speed:cruise|progress:fresh|bomb:False|fsm:Racing
241,Bot 06,B06,True,True,538.405,15,14,15,1,0,118.915,0.462,RaceComplete,1241,q_table_v7.json,False,9.316,HardLeft,cp:finish|dist:close|angle:hardRight|speed:cruise|progress:fresh|bomb:False|fsm:Racing
242,Bot 05,B05,True,True,534.240,15,14,15,9,0,150.771,0.460,Stuck,1242,q_table_v7.json,False,45.013,HardRight,cp:finish|dist:close|angle:forward|speed:slow|progress:danger|bomb:False|fsm:Racing
243,Bot 09,B09,True,True,422.202,12,11,12,1,3,183.442,0.458,Stuck,1242,q_table_v7.json,False,45.027,AccelerateForward,cp:12|dist:close|angle:forward|speed:slow|progress:danger|bomb:False|fsm:Racing
244,Bot 03,B03,True,True,534.257,15,14,15,1,1,146.069,0.455,RaceComplete,1242,q_table_v7.json,False,10.031,AccelerateForward,cp:finish|dist:close|angle:left|speed:cruise|progress:fresh|bomb:False|fsm:Racing
245,Bot 02,B02,True,True,308.864,9,8,9,0,2,127.807,0.453,Stuck,1242,q_table_v7.json,False,45.061,TurnRightAndAccelerate,cp:9|dist:medium|angle:hardLeft|speed:slow|progress:danger|bomb:False|fsm:Recover
246,Bot 08,B08,True,True,538.412,15,14,15,6,0,152.451,0.451,RaceComplete,1242,q_table_v7.json,False,7.007,TurnRightAndAccelerate,cp:finish|dist:close|angle:forward|speed:cruise|progress:fresh|bomb:False|fsm:Racing
247,Bot 04,B04,True,True,424.798,12,11,12,0,0,153.715,0.448,Stuck,1245,q_table_v7.json,False,45.008,HardRight,cp:12|dist:close|angle:forward|speed:slow|progress:danger|bomb:False|fsm:Racing
248,Bot 01,B01,True,True,528.872,15,14,15,2,3,167.598,0.446,RaceComplete,1246,q_table_v7.json,False,15.281,Coast,cp:finish|dist:close|angle:left|speed:cruise|progress:stale|bomb:False|fsm:Racing
249,Bot 03,B03,True,True,538.913,15,14,15,4,0,114.891,0.444,RaceComplete,1261,q_table_v7.json,False,10.375,Coast,cp:finish|dist:close|angle:forward|speed:cruise|progress:fresh|bomb:False|fsm:Racing
250,Bot 07,B07,True,True,427.237,12,11,12,2,1,151.329,0.442,Stuck,1263,q_table_v7.json,False,45.021,AccelerateForward,cp:12|dist:medium|angle:hardRight|speed:slow|progress:danger|bomb:False|fsm:Recover
251,Bot 05,B05,True,True,527.544,15,14,15,3,3,127.924,0.440,RaceComplete,1263,q_table_v7.json,False,10.666,TurnRightAndAccelerate,cp:finish|dist:close|angle:forward|speed:cruise|progress:fresh|bomb:False|fsm:Racing
252,Bot 09,B09,True,True,533.239,15,14,15,2,1,130.431,0.437,RaceComplete,1268,q_table_v7.json,False,15.143,TurnRightAndAccelerate,cp:finish|dist:close|angle:forward|speed:cruise|progress:stale|bomb:False|fsm:Racing
253,Bot 08,B08,True,True,539.373,15,14,15,0,0,114.193,0.435,RaceComplete,1272,q_table_v7.json,True,12.363,Coast,cp:finish|dist:close|angle:forward|speed:cruise|progress:fresh|bomb:False|fsm:Racing
254,Bot 06,B06,True,True,425.195,12,11,12,5,0,148.925,0.433,Stuck,1279,q_table_v7.json,False,45.027,RecoveryTurn,cp:12|dist:close|angle:forward|speed:cruise|progress:danger|bomb:False|fsm:Racing
255,Bot 02,B02,True,True,462.591,13,12,13,0,0,142.325,0.431,Stuck,1279,q_table_v7.json,False,45.016,TurnRightAndAccelerate,cp:13|dist:medium|angle:forward|speed:slow|progress:danger|bomb:False|fsm:Racing
256,Bot 10,B10,True,True,538.415,15,14,15,8,0,159.050,0.429,RaceComplete,1279,q_table_v7.json,False,6.579,Coast,cp:finish|dist:close|angle:behindRight|speed:cruise|progress:fresh|bomb:False|fsm:Racing
257,Bot 04,B04,True,True,537.006,15,14,15,1,0,156.953,0.427,RaceComplete,1295,q_table_v7.json,False,12.201,Coast,cp:finish|dist:close|angle:right|speed:cruise|progress:fresh|bomb:False|fsm:Racing
258,Bot 01,B01,True,True,532.490,15,14,15,1,1,139.555,0.424,RaceComplete,1305,q_table_v7.json,False,16.276,AccelerateForward,cp:finish|dist:close|angle:forward|speed:slow|progress:stale|bomb:False|fsm:Racing
259,Bot 08,B08,True,True,210.829,6,5,6,1,0,91.867,0.422,Stuck,1310,q_table_v7.json,False,45.029,HardLeft,cp:6|dist:medium|angle:behindLeft|speed:slow|progress:danger|bomb:False|fsm:Recover
260,Bot 07,B07,True,True,534.576,15,14,15,3,1,118.096,0.420,RaceComplete,1322,q_table_v7.json,False,9.388,HardRight,cp:finish|dist:close|angle:forward|speed:cruise|progress:fresh|bomb:False|fsm:Racing
261,Bot 05,B05,True,True,534.699,15,14,15,2,1,118.238,0.418,RaceComplete,1324,q_table_v7.json,False,13.745,TurnLeftAndAccelerate,cp:finish|dist:close|angle:forward|speed:slow|progress:fresh|bomb:False|fsm:Racing
262,Bot 03,B03,True,True,535.225,15,14,15,6,2,145.035,0.416,RaceComplete,1329,q_table_v7.json,False,9.817,TurnLeftAndAccelerate,cp:finish|dist:close|angle:right|speed:cruise|progress:fresh|bomb:False|fsm:Racing
263,Bot 10,B10,True,True,534.623,15,14,15,2,1,124.552,0.414,RaceComplete,1330,q_table_v7.json,False,12.628,Coast,cp:finish|dist:close|angle:forward|speed:cruise|progress:fresh|bomb:False|fsm:Racing
264,Bot 09,B09,True,True,541.307,15,14,15,1,1,164.789,0.412,RaceComplete,1330,q_table_v7.json,True,6.165,Coast,cp:finish|dist:close|angle:forward|speed:cruise|progress:fresh|bomb:False|fsm:Racing
265,Bot 02,B02,True,True,529.233,15,14,15,6,4,155.823,0.410,RaceComplete,1331,q_table_v7.json,False,8.408,TurnRightAndAccelerate,cp:finish|dist:close|angle:behindRight|speed:cruise|progress:fresh|bomb:False|fsm:Racing
266,Bot 06,B06,True,True,543.157,15,14,15,1,0,160.969,0.408,RaceComplete,1331,q_table_v7.json,True,7.252,Coast,cp:finish|dist:close|angle:right|speed:cruise|progress:fresh|bomb:False|fsm:Racing
267,Bot 04,B04,True,True,531.074,15,14,15,1,2,132.680,0.406,RaceComplete,1352,q_table_v7.json,False,9.960,Coast,cp:finish|dist:close|angle:hardRight|speed:cruise|progress:fresh|bomb:False|fsm:Racing
268,Bot 01,B01,True,True,541.191,15,14,15,2,0,131.559,0.404,RaceComplete,1358,q_table_v7.json,False,14.864,Coast,cp:finish|dist:close|angle:forward|speed:cruise|progress:fresh|bomb:False|fsm:Racing
269,Bot 10,B10,True,True,213.374,6,5,6,4,0,79.800,0.402,Stuck,1358,q_table_v7.json,False,45.004,AccelerateForward,cp:6|dist:close|angle:forward|speed:slow|progress:danger|bomb:False|fsm:Racing
270,Bot 08,B08,True,True,418.269,12,11,12,5,1,141.658,0.400,Stuck,1358,q_table_v7.json,False,45.031,HardRight,cp:12|dist:medium|angle:hardRight|speed:slow|progress:danger|bomb:False|fsm:Recover
271,Bot 05,B05,True,True,533.845,15,14,15,4,1,129.601,0.398,RaceComplete,1360,q_table_v7.json,False,10.104,Coast,cp:finish|dist:close|angle:forward|speed:cruise|progress:fresh|bomb:False|fsm:Racing
272,Bot 07,B07,True,True,422.591,12,11,12,2,0,148.669,0.396,Stuck,1364,q_table_v7.json,False,45.023,AccelerateForward,cp:12|dist:close|angle:forward|speed:cruise|progress:danger|bomb:False|fsm:Racing
273,Bot 03,B03,True,True,530.260,15,14,15,2,3,134.923,0.394,RaceComplete,1365,q_table_v7.json,False,10.372,Brake,cp:finish|dist:close|angle:forward|speed:slow|progress:fresh|bomb:False|fsm:Racing
274,Bot 06,B06,True,True,539.197,15,14,15,6,0,127.516,0.392,RaceComplete,1366,q_table_v7.json,False,5.460,Coast,cp:finish|dist:close|angle:forward|speed:cruise|progress:fresh|bomb:False|fsm:Racing
275,Bot 09,B09,True,True,537.860,15,14,15,2,0,140.398,0.390,RaceComplete,1366,q_table_v7.json,False,9.826,Coast,cp:finish|dist:close|angle:forward|speed:cruise|progress:fresh|bomb:False|fsm:Racing
276,Bot 04,B04,True,True,539.270,15,14,15,1,0,106.862,0.388,RaceComplete,1366,q_table_v7.json,False,8.416,RecoveryTurn,cp:finish|dist:close|angle:forward|speed:cruise|progress:fresh|bomb:False|fsm:Racing
277,Bot 10,B10,True,True,539.268,15,14,15,8,0,118.234,0.386,RaceComplete,1369,q_table_v7.json,False,12.056,AccelerateForward,cp:finish|dist:close|angle:forward|speed:slow|progress:fresh|bomb:False|fsm:Racing
278,Bot 02,B02,True,True,537.705,15,14,15,4,0,177.562,0.384,RaceComplete,1369,q_table_v7.json,False,11.500,Coast,cp:finish|dist:close|angle:forward|speed:cruise|progress:fresh|bomb:False|fsm:Racing
279,Bot 01,B01,True,True,536.929,15,14,15,3,0,148.253,0.382,RaceComplete,1371,q_table_v7.json,False,16.555,TurnRightAndAccelerate,cp:finish|dist:close|angle:left|speed:cruise|progress:stale|bomb:False|fsm:Racing
280,Bot 08,B08,True,True,523.070,15,14,15,2,5,161.010,0.380,RaceComplete,1375,q_table_v7.json,False,7.433,Brake,cp:finish|dist:close|angle:forward|speed:cruise|progress:fresh|bomb:False|fsm:Racing
281,Bot 07,B07,True,True,410.729,12,11,12,2,3,144.037,0.378,Stuck,1383,q_table_v7.json,False,45.018,Brake,cp:12|dist:medium|angle:hardRight|speed:cruise|progress:danger|bomb:False|fsm:Recover
282,Bot 03,B03,True,True,423.429,12,11,12,0,0,139.550,0.376,Stuck,1383,q_table_v7.json,False,45.027,HardRight,cp:12|dist:close|angle:behindLeft|speed:slow|progress:danger|bomb:False|fsm:Racing
283,Bot 06,B06,True,True,540.332,15,14,15,2,0,114.022,0.374,RaceComplete,1390,q_table_v7.json,False,12.626,Coast,cp:finish|dist:close|angle:forward|speed:cruise|progress:fresh|bomb:False|fsm:Racing
284,Bot 05,B05,True,True,516.606,15,14,15,2,7,178.115,0.373,RaceComplete,1393,q_table_v7.json,False,10.514,Coast,cp:finish|dist:close|angle:forward|speed:cruise|progress:fresh|bomb:False|fsm:Racing
285,Bot 09,B09,True,True,540.156,15,14,15,8,0,128.764,0.371,RaceComplete,1400,q_table_v7.json,False,10.385,Coast,cp:finish|dist:close|angle:right|speed:cruise|progress:fresh|bomb:False|fsm:Racing
286,Bot 01,B01,True,True,173.161,5,4,5,1,0,72.383,0.369,Stuck,1405,q_table_v7.json,False,45.025,TurnRightAndAccelerate,cp:5|dist:far|angle:behindRight|speed:cruise|progress:danger|bomb:False|fsm:Recover
287,Bot 04,B04,True,True,537.359,15,14,15,6,0,136.459,0.367,RaceComplete,1406,q_table_v7.json,False,6.163,TurnRightAndAccelerate,cp:finish|dist:close|angle:left|speed:cruise|progress:fresh|bomb:False|fsm:Racing
288,Bot 10,B10,True,True,534.619,15,14,15,3,1,127.354,0.365,RaceComplete,1408,q_table_v7.json,False,6.457,Brake,cp:finish|dist:close|angle:right|speed:cruise|progress:fresh|bomb:False|fsm:Racing
289,Bot 02,B02,True,True,537.099,15,14,15,2,0,140.109,0.363,RaceComplete,1410,q_table_v7.json,False,9.683,Coast,cp:finish|dist:close|angle:right|speed:cruise|progress:fresh|bomb:False|fsm:Racing
290,Bot 07,B07,True,True,538.038,15,14,15,1,0,104.213,0.361,RaceComplete,1414,q_table_v7.json,False,7.714,Coast,cp:finish|dist:close|angle:hardLeft|speed:cruise|progress:fresh|bomb:False|fsm:Racing
291,Bot 08,B08,True,True,538.939,15,14,15,2,0,121.327,0.360,RaceComplete,1415,q_table_v7.json,False,8.818,Coast,cp:finish|dist:close|angle:forward|speed:cruise|progress:fresh|bomb:False|fsm:Racing
292,Bot 03,B03,True,True,539.976,15,14,15,1,0,116.412,0.358,RaceComplete,1415,q_table_v7.json,False,10.935,Coast,cp:finish|dist:close|angle:forward|speed:cruise|progress:fresh|bomb:False|fsm:Racing
293,Bot 09,B09,True,True,88.388,3,2,3,4,4,91.457,0.356,Stuck,1416,q_table_v7.json,False,45.020,AccelerateForward,cp:3|dist:close|angle:behindLeft|speed:cruise|progress:danger|bomb:False|fsm:Racing
294,Bot 06,B06,True,True,537.798,15,14,15,2,0,121.632,0.354,RaceComplete,1416,q_table_v7.json,False,10.408,Coast,cp:finish|dist:close|angle:forward|speed:cruise|progress:fresh|bomb:False|fsm:Racing
295,Bot 05,B05,True,True,524.296,15,14,15,3,3,128.327,0.353,RaceComplete,1419,q_table_v7.json,False,16.405,TurnRightAndAccelerate,cp:finish|dist:close|angle:forward|speed:cruise|progress:stale|bomb:False|fsm:Racing
296,Bot 04,B04,True,True,540.619,15,14,15,2,0,124.278,0.351,RaceComplete,1419,q_table_v7.json,False,9.694,Coast,cp:finish|dist:close|angle:left|speed:cruise|progress:fresh|bomb:False|fsm:Racing
297,Bot 09,B09,True,True,96.034,3,2,3,0,0,57.084,0.349,Stuck,1420,q_table_v7.json,False,45.134,TurnLeftAndAccelerate,cp:3|dist:medium|angle:right|speed:cruise|progress:danger|bomb:False|fsm:Recover
298,Bot 01,B01,True,True,421.420,12,11,12,1,1,139.405,0.347,Stuck,1420,q_table_v7.json,False,45.015,RecoveryTurn,cp:12|dist:close|angle:forward|speed:slow|progress:danger|bomb:False|fsm:Racing
299,Bot 10,B10,True,True,540.320,15,14,15,6,0,129.742,0.346,RaceComplete,1428,q_table_v7.json,False,10.243,AccelerateForward,cp:finish|dist:close|angle:behindRight|speed:cruise|progress:fresh|bomb:False|fsm:Racing
300,Bot 07,B07,True,True,539.577,15,14,15,3,0,115.156,0.344,RaceComplete,1440,q_table_v7.json,False,11.360,Coast,cp:finish|dist:close|angle:right|speed:cruise|progress:fresh|bomb:False|fsm:Racing
301,Bot 08,B08,True,True,394.347,11,10,11,0,0,105.793,0.342,Stuck,1440,q_table_v7.json,False,45.059,TurnLeftAndAccelerate,cp:11|dist:medium|angle:hardLeft|speed:slow|progress:danger|bomb:False|fsm:Recover
302,Bot 03,B03,True,True,540.423,15,14,15,5,0,113.878,0.340,RaceComplete,1443,q_table_v7.json,False,6.028,AccelerateForward,cp:finish|dist:close|angle:hardRight|speed:cruise|progress:fresh|bomb:False|fsm:Racing
303,Bot 06,B06,True,True,534.810,15,14,15,1,1,104.497,0.339,RaceComplete,1443,q_table_v7.json,False,8.849,Coast,cp:finish|dist:close|angle:hardRight|speed:cruise|progress:fresh|bomb:False|fsm:Racing
304,Bot 10,B10,True,True,170.575,5,4,5,1,0,67.741,0.337,Stuck,1450,q_table_v7.json,False,45.126,TurnRightAndAccelerate,cp:5|dist:close|angle:forward|speed:cruise|progress:danger|bomb:False|fsm:Racing
305,Bot 05,B05,True,True,537.790,15,14,15,3,0,128.054,0.335,RaceComplete,1453,q_table_v7.json,False,12.202,TurnLeftAndAccelerate,cp:finish|dist:close|angle:hardRight|speed:cruise|progress:fresh|bomb:False|fsm:Racing
306,Bot 02,B02,True,True,528.459,15,14,15,3,2,204.769,0.334,Stuck,1457,q_table_v7.json,False,45.020,RecoveryTurn,cp:finish|dist:medium|angle:forward|speed:slow|progress:danger|bomb:False|fsm:Racing
307,Bot 09,B09,True,True,537.049,15,14,15,3,1,114.310,0.332,RaceComplete,1457,q_table_v7.json,False,7.576,TurnRightAndAccelerate,cp:finish|dist:close|angle:behindRight|speed:cruise|progress:fresh|bomb:False|fsm:Racing
308,Bot 01,B01,True,True,418.705,12,11,12,1,0,128.901,0.330,Stuck,1466,q_table_v7.json,False,45.029,HardLeft,cp:12|dist:medium|angle:hardRight|speed:cruise|progress:danger|bomb:False|fsm:Recover
309,Bot 03,B03,True,True,167.819,5,4,5,2,1,80.934,0.329,Stuck,1473,q_table_v7.json,False,45.025,Coast,cp:5|dist:medium|angle:forward|speed:slow|progress:danger|bomb:False|fsm:Collect
310,Bot 08,B08,True,True,536.920,15,14,15,5,1,108.938,0.327,RaceComplete,1485,q_table_v7.json,False,6.444,Coast,cp:finish|dist:close|angle:right|speed:cruise|progress:fresh|bomb:False|fsm:Racing
311,Bot 10,B10,True,True,171.469,5,4,5,3,0,72.362,0.325,Stuck,1492,q_table_v7.json,False,45.012,TurnRightAndAccelerate,cp:5|dist:medium|angle:right|speed:slow|progress:danger|bomb:False|fsm:Recover
312,Bot 04,B04,True,True,528.092,15,14,15,5,1,174.474,0.324,Stuck,1498,q_table_v7.json,False,45.014,Coast,cp:finish|dist:medium|angle:hardLeft|speed:cruise|progress:danger|bomb:False|fsm:Recover
313,Bot 07,B07,True,True,411.058,12,11,12,1,2,131.133,0.322,Stuck,1500,q_table_v7.json,False,45.025,HardLeft,cp:12|dist:medium|angle:behindRight|speed:slow|progress:danger|bomb:False|fsm:Recover
314,Bot 05,B05,True,True,535.446,15,14,15,2,1,100.568,0.321,RaceComplete,1511,q_table_v7.json,False,6.877,Coast,cp:finish|dist:close|angle:behindRight|speed:cruise|progress:fresh|bomb:False|fsm:Racing
315,Bot 09,B09,True,True,247.750,7,6,7,1,0,84.151,0.319,Stuck,1511,q_table_v7.json,False,45.017,AccelerateForward,cp:7|dist:medium|angle:forward|speed:cruise|progress:danger|bomb:False|fsm:Racing
316,Bot 03,B03,True,True,170.033,5,4,5,1,0,75.164,0.317,Stuck,1512,q_table_v7.json,False,45.009,TurnLeftAndAccelerate,cp:5|dist:close|angle:behindLeft|speed:slow|progress:danger|bomb:False|fsm:Racing
317,Bot 06,B06,True,True,548.065,15,14,15,1,0,155.390,0.316,RaceComplete,1512,q_table_v7.json,True,10.097,Coast,cp:finish|dist:close|angle:right|speed:cruise|progress:fresh|bomb:False|fsm:Racing
318,Bot 02,B02,True,True,538.813,15,14,15,2,0,112.211,0.314,RaceComplete,1513,q_table_v7.json,False,6.450,TurnRightAndAccelerate,cp:finish|dist:close|angle:behindLeft|speed:cruise|progress:fresh|bomb:False|fsm:Racing
319,Bot 08,B08,True,True,538.405,15,14,15,1,0,80.923,0.313,RaceComplete,1518,q_table_v7.json,False,7.157,Coast,cp:finish|dist:close|angle:right|speed:cruise|progress:fresh|bomb:False|fsm:Racing
320,Bot 04,B04,True,True,92.676,3,2,3,3,2,65.928,0.311,Stuck,1520,q_table_v7.json,False,45.032,HardRight,cp:3|dist:far|angle:behindRight|speed:fast|progress:danger|bomb:False|fsm:Recover
321,Bot 10,B10,True,True,539.402,15,14,15,0,0,99.592,0.309,RaceComplete,1522,q_table_v7.json,False,8.829,TurnRightAndAccelerate,cp:finish|dist:close|angle:forward|speed:cruise|progress:fresh|bomb:False|fsm:Racing
322,Bot 01,B01,True,True,419.638,12,11,12,5,1,134.788,0.308,Stuck,1526,q_table_v7.json,False,45.025,TurnLeftAndAccelerate,cp:12|dist:close|angle:behindRight|speed:slow|progress:danger|bomb:False|fsm:Racing
323,Bot 09,B09,True,True,539.096,15,14,15,5,0,79.114,0.306,RaceComplete,1543,q_table_v7.json,False,7.157,AccelerateForward,cp:finish|dist:close|angle:behindLeft|speed:cruise|progress:fresh|bomb:False|fsm:Racing
324,Bot 02,B02,True,True,99.214,3,2,3,0,0,64.387,0.305,Stuck,1557,q_table_v7.json,False,45.021,AccelerateForward,cp:3|dist:close|angle:forward|speed:cruise|progress:danger|bomb:False|fsm:Collect
325,Bot 03,B03,True,True,325.359,9,8,9,0,0,88.654,0.303,Stuck,1564,q_table_v7.json,False,45.023,AccelerateForward,cp:9|dist:medium|angle:hardRight|speed:fast|progress:danger|bomb:False|fsm:Recover
326,Bot 07,B07,True,True,431.806,12,11,12,2,1,151.056,0.302,Stuck,1572,q_table_v7.json,False,45.018,Coast,cp:12|dist:medium|angle:hardRight|speed:slow|progress:danger|bomb:False|fsm:Recover
327,Bot 05,B05,True,True,387.186,11,10,11,4,1,129.179,0.300,Stuck,1572,q_table_v7.json,False,45.028,TurnLeftAndAccelerate,cp:11|dist:medium|angle:hardLeft|speed:cruise|progress:danger|bomb:False|fsm:Recover
328,Bot 06,B06,True,True,537.364,15,14,15,1,1,139.133,0.299,RaceComplete,1574,q_table_v7.json,False,6.737,HardLeft,cp:finish|dist:close|angle:behindRight|speed:cruise|progress:fresh|bomb:False|fsm:Racing
329,Bot 04,B04,True,True,420.613,12,11,12,2,0,120.889,0.297,Stuck,1574,q_table_v7.json,False,45.019,AccelerateForward,cp:12|dist:close|angle:forward|speed:slow|progress:danger|bomb:False|fsm:Racing
330,Bot 08,B08,True,True,419.979,12,11,12,5,0,125.813,0.296,Stuck,1574,q_table_v7.json,False,45.027,RecoveryTurn,cp:12|dist:close|angle:behindLeft|speed:cruise|progress:danger|bomb:False|fsm:Racing
331,Bot 01,B01,True,True,539.543,15,14,15,3,0,100.137,0.294,RaceComplete,1574,q_table_v7.json,False,9.260,AccelerateForward,cp:finish|dist:close|angle:hardLeft|speed:cruise|progress:fresh|bomb:False|fsm:Racing
332,Bot 09,B09,True,True,539.895,15,14,15,1,0,111.368,0.293,RaceComplete,1575,q_table_v7.json,False,8.278,AccelerateForward,cp:finish|dist:close|angle:hardLeft|speed:cruise|progress:fresh|bomb:False|fsm:Racing
333,Bot 10,B10,True,True,521.977,15,14,15,3,6,132.399,0.291,RaceComplete,1575,q_table_v7.json,False,12.899,AccelerateForward,cp:finish|dist:close|angle:forward|speed:slow|progress:fresh|bomb:False|fsm:Racing
334,Bot 02,B02,True,True,540.190,15,14,15,2,0,123.133,0.290,RaceComplete,1576,q_table_v7.json,False,6.304,HardRight,cp:finish|dist:close|angle:behindLeft|speed:cruise|progress:fresh|bomb:False|fsm:Racing
335,Bot 03,B03,True,True,420.440,12,11,12,2,0,117.668,0.288,Stuck,1576,q_table_v7.json,False,45.019,AccelerateForward,cp:12|dist:close|angle:left|speed:cruise|progress:danger|bomb:False|fsm:Racing
336,Bot 05,B05,True,True,539.229,15,14,15,3,0,98.463,0.287,RaceComplete,1576,q_table_v7.json,False,9.118,AccelerateForward,cp:finish|dist:close|angle:behindLeft|speed:cruise|progress:fresh|bomb:False|fsm:Racing
337,Bot 07,B07,True,True,540.687,15,14,15,4,0,113.323,0.286,RaceComplete,1576,q_table_v7.json,False,7.290,TurnRightAndAccelerate,cp:finish|dist:close|angle:behindLeft|speed:cruise|progress:fresh|bomb:False|fsm:Racing
338,Bot 09,B09,True,True,136.408,4,3,4,1,0,70.276,0.284,Stuck,1600,q_table_v7.json,False,45.129,HardLeft,cp:4|dist:medium|angle:behindLeft|speed:slow|progress:danger|bomb:False|fsm:Recover
339,Bot 04,B04,True,True,421.674,12,11,12,3,0,111.236,0.283,Stuck,1607,q_table_v7.json,False,45.026,TurnRightAndAccelerate,cp:12|dist:medium|angle:forward|speed:cruise|progress:danger|bomb:False|fsm:Racing
340,Bot 08,B08,True,True,536.284,15,14,15,2,1,124.264,0.281,RaceComplete,1607,q_table_v7.json,False,9.819,AccelerateForward,cp:finish|dist:close|angle:left|speed:cruise|progress:fresh|bomb:False|fsm:Racing
341,Bot 03,B03,True,True,172.762,5,4,5,2,0,73.631,0.280,Stuck,1608,q_table_v7.json,False,45.018,Brake,cp:5|dist:medium|angle:forward|speed:slow|progress:danger|bomb:True|fsm:AvoidDanger
342,Bot 01,B01,True,True,418.779,12,11,12,0,0,132.267,0.279,Stuck,1609,q_table_v7.json,False,45.022,AccelerateForward,cp:12|dist:close|angle:forward|speed:slow|progress:danger|bomb:False|fsm:Racing
343,Bot 06,B06,True,True,539.549,15,14,15,7,0,143.896,0.277,RaceComplete,1610,q_table_v7.json,False,6.458,AccelerateForward,cp:finish|dist:close|angle:behindLeft|speed:cruise|progress:fresh|bomb:False|fsm:Racing
344,Bot 10,B10,True,True,538.956,15,14,15,3,0,116.830,0.276,RaceComplete,1615,q_table_v7.json,False,11.074,TurnRightAndAccelerate,cp:finish|dist:close|angle:hardLeft|speed:cruise|progress:fresh|bomb:False|fsm:Racing
345,Bot 03,B03,True,True,66.663,2,1,2,0,0,54.281,0.274,Stuck,1619,q_table_v7.json,False,45.018,RecoveryTurn,cp:2|dist:medium|angle:behindRight|speed:slow|progress:danger|bomb:False|fsm:Recover
346,Bot 05,B05,True,True,538.190,15,14,15,2,1,132.405,0.273,RaceComplete,1628,q_table_v7.json,False,9.391,AccelerateForward,cp:finish|dist:close|angle:left|speed:cruise|progress:fresh|bomb:False|fsm:Racing
347,Bot 02,B02,True,True,541.144,15,14,15,1,1,153.162,0.272,RaceComplete,1632,q_table_v7.json,False,7.717,TurnRightAndAccelerate,cp:finish|dist:close|angle:left|speed:cruise|progress:fresh|bomb:False|fsm:Racing
348,Bot 09,B09,True,True,326.962,9,8,9,1,1,121.870,0.270,Stuck,1649,q_table_v7.json,False,45.016,AccelerateForward,cp:9|dist:far|angle:hardLeft|speed:slow|progress:danger|bomb:False|fsm:Recover
349,Bot 07,B07,True,True,535.904,15,14,15,1,0,149.102,0.269,RaceComplete,1655,q_table_v7.json,False,10.247,TurnLeftAndAccelerate,cp:finish|dist:close|angle:right|speed:cruise|progress:fresh|bomb:False|fsm:Racing
350,Bot 04,B04,True,True,540.092,15,14,15,3,0,123.284,0.268,RaceComplete,1656,q_table_v7.json,False,8.839,TurnRightAndAccelerate,cp:finish|dist:close|angle:hardLeft|speed:cruise|progress:fresh|bomb:False|fsm:Racing
351,Bot 08,B08,True,True,538.833,15,14,15,4,0,120.204,0.266,RaceComplete,1663,q_table_v7.json,False,14.865,Coast,cp:finish|dist:close|angle:forward|speed:cruise|progress:fresh|bomb:False|fsm:Racing
352,Bot 01,B01,True,True,535.442,15,14,15,4,1,109.256,0.265,RaceComplete,1665,q_table_v7.json,False,15.151,AccelerateForward,cp:finish|dist:close|angle:forward|speed:cruise|progress:stale|bomb:False|fsm:Racing
353,Bot 10,B10,True,True,316.887,8,7,8,1,1,101.554,0.264,Stuck,1667,q_table_v7.json,False,45.032,Brake,cp:8|dist:medium|angle:forward|speed:cruise|progress:danger|bomb:False|fsm:Recover
354,Bot 06,B06,True,True,539.644,15,14,15,6,0,113.185,0.262,RaceComplete,1667,q_table_v7.json,False,13.180,Coast,cp:finish|dist:close|angle:forward|speed:cruise|progress:fresh|bomb:False|fsm:Racing
355,Bot 03,B03,True,True,310.164,9,8,9,0,1,101.973,0.261,Stuck,1703,q_table_v7.json,False,45.030,HardLeft,cp:9|dist:medium|angle:behindLeft|speed:slow|progress:danger|bomb:False|fsm:Recover
356,Bot 02,B02,True,True,257.552,7,6,7,4,0,93.692,0.260,Stuck,1710,q_table_v7.json,False,45.018,TurnLeftAndAccelerate,cp:7|dist:medium|angle:forward|speed:cruise|progress:danger|bomb:False|fsm:Racing
357,Bot 04,B04,True,True,214.331,6,5,6,2,0,70.273,0.258,Stuck,1710,q_table_v7.json,False,45.024,AccelerateForward,cp:6|dist:close|angle:forward|speed:slow|progress:danger|bomb:False|fsm:Racing
358,Bot 09,B09,True,True,534.193,15,14,15,0,1,102.950,0.257,RaceComplete,1727,q_table_v7.json,False,9.405,Coast,cp:finish|dist:close|angle:right|speed:cruise|progress:fresh|bomb:False|fsm:Racing
359,Bot 07,B07,True,True,420.262,12,11,12,1,0,105.898,0.256,Stuck,1733,q_table_v7.json,False,45.017,Brake,cp:12|dist:close|angle:behindLeft|speed:cruise|progress:danger|bomb:False|fsm:Racing
360,Bot 01,B01,True,True,247.443,7,6,7,1,1,87.656,0.255,Stuck,1733,q_table_v7.json,False,45.021,AccelerateForward,cp:7|dist:close|angle:forward|speed:cruise|progress:danger|bomb:False|fsm:Racing
361,Bot 05,B05,True,True,289.940,8,7,8,1,0,139.698,0.253,Stuck,1734,q_table_v7.json,False,45.027,AccelerateForward,cp:8|dist:medium|angle:forward|speed:cruise|progress:danger|bomb:False|fsm:Recover
362,Bot 08,B08,True,True,540.889,15,14,15,6,0,103.638,0.252,RaceComplete,1737,q_table_v7.json,False,9.241,AccelerateForward,cp:finish|dist:close|angle:hardLeft|speed:cruise|progress:fresh|bomb:False|fsm:Racing
363,Bot 06,B06,True,True,426.704,12,11,12,1,0,115.566,0.251,Stuck,1741,q_table_v7.json,False,45.028,TurnRightAndAccelerate,cp:12|dist:medium|angle:forward|speed:cruise|progress:danger|bomb:False|fsm:Racing
364,Bot 10,B10,True,True,413.258,12,11,12,4,2,133.511,0.249,Stuck,1748,q_table_v7.json,False,45.020,AccelerateForward,cp:12|dist:close|angle:hardLeft|speed:cruise|progress:danger|bomb:False|fsm:Racing
365,Bot 03,B03,True,True,529.911,15,14,15,4,1,122.992,0.248,RaceComplete,1759,q_table_v7.json,False,12.319,Coast,cp:finish|dist:close|angle:right|speed:cruise|progress:fresh|bomb:False|fsm:Racing
366,Bot 02,B02,True,True,404.893,11,10,11,2,1,114.595,0.247,Stuck,1761,q_table_v7.json,False,45.027,TurnRightAndAccelerate,cp:11|dist:close|angle:hardRight|speed:cruise|progress:danger|bomb:False|fsm:Recover
367,Bot 04,B04,True,True,532.171,15,14,15,2,0,138.995,0.246,RaceComplete,1774,q_table_v7.json,False,11.081,TurnLeftAndAccelerate,cp:finish|dist:close|angle:forward|speed:slow|progress:fresh|bomb:False|fsm:Racing
368,Bot 09,B09,True,True,418.029,12,11,12,3,0,120.911,0.245,Stuck,1780,q_table_v7.json,False,45.006,AccelerateForward,cp:12|dist:close|angle:left|speed:cruise|progress:danger|bomb:False|fsm:Racing
369,Bot 07,B07,True,True,541.200,15,14,15,1,0,113.100,0.243,RaceComplete,1780,q_table_v7.json,False,4.940,Coast,cp:finish|dist:close|angle:behindRight|speed:cruise|progress:fresh|bomb:False|fsm:Racing
370,Bot 01,B01,True,True,418.226,12,11,12,4,1,117.945,0.242,Stuck,1789,q_table_v7.json,False,45.013,TurnRightAndAccelerate,cp:12|dist:medium|angle:hardLeft|speed:cruise|progress:danger|bomb:False|fsm:Recover
371,Bot 05,B05,True,True,291.787,8,7,8,2,1,125.100,0.241,Stuck,1808,q_table_v7.json,False,45.011,TurnRightAndAccelerate,cp:8|dist:far|angle:behindRight|speed:slow|progress:danger|bomb:False|fsm:Recover
372,Bot 08,B08,True,True,513.380,14,13,14,2,0,134.641,0.240,Stuck,1824,q_table_v7.json,False,45.022,HardRight,cp:14|dist:far|angle:forward|speed:slow|progress:danger|bomb:False|fsm:Recover
373,Bot 06,B06,True,True,418.727,12,11,12,1,0,146.284,0.238,Stuck,1829,q_table_v7.json,False,45.016,Coast,cp:12|dist:far|angle:behindLeft|speed:slow|progress:danger|bomb:False|fsm:Recover
374,Bot 02,B02,True,True,389.677,11,10,11,0,0,109.809,0.237,Stuck,1831,q_table_v7.json,False,45.020,Brake,cp:11|dist:medium|angle:left|speed:cruise|progress:danger|bomb:False|fsm:Recover
375,Bot 10,B10,True,True,533.633,15,14,15,3,3,141.236,0.236,RaceComplete,1832,q_table_v7.json,False,11.632,TurnLeftAndAccelerate,cp:finish|dist:close|angle:hardRight|speed:cruise|progress:fresh|bomb:False|fsm:Racing
376,Bot 03,B03,True,True,537.963,15,14,15,3,0,140.255,0.235,RaceComplete,1838,q_table_v7.json,False,9.262,TurnRightAndAccelerate,cp:finish|dist:close|angle:left|speed:cruise|progress:fresh|bomb:False|fsm:Racing
377,Bot 09,B09,True,True,428.562,12,11,12,3,0,113.884,0.234,Stuck,1842,q_table_v7.json,False,45.009,TurnRightAndAccelerate,cp:12|dist:close|angle:forward|speed:cruise|progress:danger|bomb:False|fsm:Racing
378,Bot 07,B07,True,True,420.443,12,11,12,5,0,113.759,0.233,Stuck,1842,q_table_v7.json,False,45.049,AccelerateForward,cp:12|dist:close|angle:hardLeft|speed:cruise|progress:danger|bomb:False|fsm:Racing
379,Bot 01,B01,True,True,420.294,12,11,12,1,0,118.946,0.231,Stuck,1851,q_table_v7.json,False,45.016,AccelerateForward,cp:12|dist:close|angle:forward|speed:slow|progress:danger|bomb:False|fsm:Racing
380,Bot 04,B04,True,True,544.306,15,14,15,5,1,136.749,0.230,RaceComplete,1860,q_table_v7.json,False,13.301,AccelerateForward,cp:finish|dist:close|angle:forward|speed:slow|progress:fresh|bomb:False|fsm:Racing
381,Bot 05,B05,True,True,508.468,14,13,14,2,0,119.219,0.229,Stuck,1863,q_table_v7.json,False,45.015,AccelerateForward,cp:14|dist:close|angle:forward|speed:cruise|progress:danger|bomb:False|fsm:Racing
382,Bot 08,B08,True,True,535.684,15,14,15,2,1,112.625,0.228,RaceComplete,1863,q_table_v7.json,False,8.282,AccelerateForward,cp:finish|dist:close|angle:forward|speed:slow|progress:fresh|bomb:False|fsm:Racing
383,Bot 02,B02,True,True,537.844,15,14,15,1,0,94.972,0.227,RaceComplete,1870,q_table_v7.json,False,12.773,AccelerateForward,cp:finish|dist:close|angle:forward|speed:slow|progress:fresh|bomb:False|fsm:Racing
384,Bot 06,B06,True,True,440.589,12,11,12,2,1,116.001,0.226,Stuck,1878,q_table_v7.json,False,45.022,TurnLeftAndAccelerate,cp:12|dist:close|angle:hardRight|speed:cruise|progress:danger|bomb:False|fsm:Racing
385,Bot 10,B10,True,True,419.915,12,11,12,1,0,117.256,0.225,Stuck,1892,q_table_v7.json,False,45.027,AccelerateForward,cp:12|dist:close|angle:forward|speed:slow|progress:danger|bomb:False|fsm:Racing
386,Bot 08,B08,True,True,64.489,2,1,2,0,0,54.989,0.223,Stuck,1903,q_table_v7.json,False,45.038,TurnLeftAndAccelerate,cp:2|dist:close|angle:hardLeft|speed:cruise|progress:danger|bomb:False|fsm:Racing
387,Bot 09,B09,True,True,393.341,11,10,11,0,0,105.614,0.222,Stuck,1928,q_table_v7.json,False,45.030,TurnLeftAndAccelerate,cp:11|dist:far|angle:right|speed:cruise|progress:danger|bomb:False|fsm:Recover
388,Bot 03,B03,True,True,334.776,9,8,9,3,0,122.583,0.221,Stuck,1931,q_table_v7.json,False,45.020,Brake,cp:9|dist:far|angle:forward|speed:fast|progress:danger|bomb:False|fsm:Recover
389,Bot 07,B07,True,True,421.772,12,11,12,1,0,115.811,0.220,Stuck,1932,q_table_v7.json,False,45.023,Brake,cp:12|dist:far|angle:behindLeft|speed:slow|progress:danger|bomb:False|fsm:Recover
390,Bot 05,B05,True,True,533.497,15,14,15,0,1,101.823,0.219,RaceComplete,1934,q_table_v7.json,False,11.078,AccelerateForward,cp:finish|dist:close|angle:forward|speed:slow|progress:fresh|bomb:False|fsm:Racing
391,Bot 04,B04,True,True,514.876,14,13,14,5,0,113.559,0.218,Stuck,1938,q_table_v7.json,False,45.113,AccelerateForward,cp:14|dist:medium|angle:forward|speed:cruise|progress:danger|bomb:False|fsm:Racing
392,Bot 01,B01,True,True,539.679,15,14,15,1,0,133.384,0.217,RaceComplete,1942,q_table_v7.json,False,11.298,AccelerateForward,cp:finish|dist:close|angle:forward|speed:slow|progress:fresh|bomb:False|fsm:Racing
393,Bot 02,B02,True,True,540.563,15,14,15,2,0,90.996,0.216,RaceComplete,1942,q_table_v7.json,False,7.013,HardRight,cp:finish|dist:close|angle:right|speed:slow|progress:fresh|bomb:False|fsm:Racing
394,Bot 08,B08,True,True,538.215,15,14,15,5,0,83.016,0.215,RaceComplete,1952,q_table_v7.json,False,14.148,AccelerateForward,cp:finish|dist:close|angle:forward|speed:cruise|progress:fresh|bomb:False|fsm:Racing
395,Bot 03,B03,True,True,244.249,7,6,7,1,0,80.661,0.214,Stuck,1958,q_table_v7.json,False,45.038,TurnLeftAndAccelerate,cp:7|dist:medium|angle:forward|speed:slow|progress:danger|bomb:False|fsm:Recover
396,Bot 06,B06,True,True,286.854,8,7,8,2,0,128.934,0.212,Stuck,1962,q_table_v7.json,False,45.068,TurnRightAndAccelerate,cp:8|dist:medium|angle:behindRight|speed:slow|progress:danger|bomb:False|fsm:Recover
397,Bot 10,B10,True,True,536.159,15,14,15,0,1,120.905,0.211,RaceComplete,1963,q_table_v7.json,False,8.490,AccelerateForward,cp:finish|dist:close|angle:left|speed:cruise|progress:fresh|bomb:False|fsm:Racing
398,Bot 09,B09,True,True,396.085,11,10,11,1,0,107.996,0.210,Stuck,1964,q_table_v7.json,False,45.031,AccelerateForward,cp:11|dist:close|angle:forward|speed:slow|progress:danger|bomb:False|fsm:Racing
399,Bot 07,B07,True,True,535.346,15,14,15,4,0,111.772,0.209,RaceComplete,1977,q_table_v7.json,False,11.776,AccelerateForward,cp:finish|dist:close|angle:forward|speed:cruise|progress:fresh|bomb:False|fsm:Racing
400,Bot 05,B05,True,True,320.285,9,8,9,3,0,105.185,0.208,Stuck,1979,q_table_v7.json,False,45.021,AccelerateForward,cp:9|dist:close|angle:hardLeft|speed:cruise|progress:danger|bomb:False|fsm:Racing
401,Bot 04,B04,True,True,299.797,8,7,8,1,0,98.366,0.207,Stuck,1980,q_table_v7.json,False,45.014,TurnLeftAndAccelerate,cp:8|dist:medium|angle:left|speed:slow|progress:danger|bomb:False|fsm:Recover
402,Bot 02,B02,True,True,314.370,9,8,9,5,1,101.541,0.206,Stuck,1988,q_table_v7.json,False,45.128,HardLeft,cp:9|dist:close|angle:behindRight|speed:slow|progress:danger|bomb:False|fsm:Racing
403,Bot 09,B09,True,True,100.011,3,2,3,0,0,56.946,0.205,Stuck,2001,q_table_v7.json,False,45.018,HardLeft,cp:3|dist:far|angle:behindRight|speed:cruise|progress:danger|bomb:False|fsm:Recover
404,Bot 01,B01,True,True,548.844,15,14,15,1,0,136.464,0.204,RaceComplete,2008,q_table_v7.json,True,9.537,AccelerateForward,cp:finish|dist:close|angle:forward|speed:cruise|progress:fresh|bomb:False|fsm:Racing
405,Bot 08,B08,True,True,427.674,12,11,12,3,1,109.814,0.203,Stuck,2009,q_table_v7.json,False,45.013,Brake,cp:12|dist:far|angle:left|speed:slow|progress:danger|bomb:False|fsm:Recover
406,Bot 10,B10,True,True,246.546,7,6,7,5,1,82.599,0.202,Stuck,2010,q_table_v7.json,False,45.012,RecoveryTurn,cp:7|dist:medium|angle:hardRight|speed:slow|progress:danger|bomb:False|fsm:Recover
407,Bot 06,B06,True,True,427.608,12,11,12,0,0,100.655,0.201,Stuck,2010,q_table_v7.json,False,45.022,AccelerateForward,cp:12|dist:close|angle:forward|speed:slow|progress:danger|bomb:False|fsm:Racing
408,Bot 03,B03,True,True,535.095,15,14,15,3,1,110.789,0.200,RaceComplete,2010,q_table_v7.json,False,3.649,AccelerateForward,cp:finish|dist:close|angle:left|speed:cruise|progress:fresh|bomb:False|fsm:Racing
409,Bot 05,B05,True,True,401.236,11,10,11,0,0,113.737,0.199,Stuck,2017,q_table_v7.json,False,45.022,AccelerateForward,cp:11|dist:close|angle:forward|speed:cruise|progress:danger|bomb:False|fsm:Racing
410,Bot 07,B07,True,True,425.399,12,11,12,3,1,118.515,0.198,Stuck,2018,q_table_v7.json,False,45.017,HardRight,cp:12|dist:medium|angle:hardRight|speed:slow|progress:danger|bomb:False|fsm:Recover
411,Bot 09,B09,True,True,539.109,15,14,15,1,0,82.463,0.197,RaceComplete,2018,q_table_v7.json,False,7.688,AccelerateForward,cp:finish|dist:close|angle:forward|speed:cruise|progress:fresh|bomb:False|fsm:Racing
412,Bot 04,B04,True,True,439.728,12,11,12,0,0,123.565,0.196,Stuck,2018,q_table_v7.json,False,45.015,AccelerateForward,cp:12|dist:close|angle:forward|speed:slow|progress:danger|bomb:False|fsm:Racing
413,Bot 02,B02,True,True,545.876,15,14,15,0,0,106.173,0.195,RaceComplete,2018,q_table_v7.json,False,7.014,TurnRightAndAccelerate,cp:finish|dist:close|angle:behindRight|speed:cruise|progress:fresh|bomb:False|fsm:Racing
414,Bot 08,B08,True,True,541.636,15,14,15,5,0,93.976,0.194,RaceComplete,2022,q_table_v7.json,False,6.037,AccelerateForward,cp:finish|dist:close|angle:hardRight|speed:cruise|progress:fresh|bomb:False|fsm:Racing
415,Bot 01,B01,True,True,421.428,12,11,12,3,0,112.765,0.193,Stuck,2026,q_table_v7.json,False,45.021,RecoveryTurn,cp:12|dist:close|angle:forward|speed:slow|progress:danger|bomb:False|fsm:Racing
416,Bot 10,B10,True,True,427.316,12,11,12,5,0,113.330,0.192,Stuck,2030,q_table_v7.json,False,45.023,AccelerateForward,cp:12|dist:close|angle:forward|speed:slow|progress:danger|bomb:False|fsm:Racing
417,Bot 03,B03,True,True,538.833,15,14,15,0,0,98.882,0.191,RaceComplete,2034,q_table_v7.json,False,9.398,AccelerateForward,cp:finish|dist:close|angle:forward|speed:cruise|progress:fresh|bomb:False|fsm:Racing
418,Bot 04,B04,True,True,63.507,2,1,2,0,0,51.057,0.190,Stuck,2037,q_table_v7.json,False,45.020,HardRight,cp:2|dist:medium|angle:behindRight|speed:slow|progress:danger|bomb:False|fsm:Recover
419,Bot 07,B07,True,True,101.714,3,2,3,0,0,58.210,0.189,Stuck,2037,q_table_v7.json,False,45.020,Brake,cp:3|dist:far|angle:behindLeft|speed:cruise|progress:danger|bomb:False|fsm:Recover
420,Bot 06,B06,True,True,158.542,5,4,5,3,7,105.892,0.188,Stuck,2038,q_table_v7.json,False,45.021,AccelerateForward,cp:5|dist:medium|angle:forward|speed:cruise|progress:danger|bomb:False|fsm:Collect
421,Bot 09,B09,True,True,95.998,3,2,3,0,0,57.933,0.187,Stuck,2047,q_table_v7.json,False,45.026,TurnRightAndAccelerate,cp:3|dist:far|angle:left|speed:cruise|progress:danger|bomb:False|fsm:Recover
422,Bot 05,B05,True,True,217.617,6,5,6,1,0,88.680,0.187,Stuck,2083,q_table_v7.json,False,45.057,RecoveryTurn,cp:6|dist:far|angle:behindLeft|speed:cruise|progress:danger|bomb:False|fsm:Recover
423,Bot 08,B08,True,True,146.161,4,3,4,0,1,67.074,0.186,Stuck,2100,q_table_v7.json,False,45.058,Brake,cp:4|dist:far|angle:behindRight|speed:max|progress:danger|bomb:False|fsm:Recover
424,Bot 02,B02,True,True,284.603,8,7,8,1,0,88.277,0.185,Stuck,2101,q_table_v7.json,False,45.082,AccelerateForward,cp:8|dist:far|angle:forward|speed:cruise|progress:danger|bomb:False|fsm:Recover
425,Bot 10,B10,True,True,32.045,1,0,1,0,0,47.584,0.184,Stuck,2102,q_table_v7.json,False,45.061,Brake,cp:1|dist:medium|angle:behindRight|speed:slow|progress:danger|bomb:False|fsm:Recover
426,Bot 04,B04,True,True,32.121,1,0,1,0,0,47.729,0.183,Stuck,2104,q_table_v7.json,False,45.055,TurnRightAndAccelerate,cp:1|dist:medium|angle:hardRight|speed:slow|progress:danger|bomb:False|fsm:Recover
427,Bot 06,B06,True,True,32.487,1,0,1,0,0,47.748,0.182,Stuck,2104,q_table_v7.json,False,45.080,AccelerateForward,cp:1|dist:medium|angle:forward|speed:cruise|progress:danger|bomb:False|fsm:Collect
428,Bot 05,B05,True,True,212.421,6,5,6,3,0,69.287,0.181,Stuck,2113,q_table_v7.json,False,45.022,Coast,cp:6|dist:close|angle:forward|speed:cruise|progress:danger|bomb:False|fsm:Racing
429,Bot 06,B06,True,True,98.957,3,2,3,0,0,55.516,0.180,Stuck,2124,q_table_v7.json,False,45.023,AccelerateForward,cp:3|dist:medium|angle:forward|speed:cruise|progress:danger|bomb:False|fsm:Racing
430,Bot 02,B02,True,True,165.274,5,4,5,0,1,69.403,0.179,Stuck,2128,q_table_v7.json,False,45.020,AccelerateForward,cp:5|dist:close|angle:hardLeft|speed:cruise|progress:danger|bomb:False|fsm:Racing
431,Bot 07,B07,True,True,414.664,12,11,12,6,3,119.389,0.178,Stuck,2131,q_table_v7.json,False,45.021,RecoveryTurn,cp:12|dist:close|angle:forward|speed:cruise|progress:danger|bomb:False|fsm:Racing
432,Bot 01,B01,True,True,538.346,15,14,15,4,1,145.902,0.177,RaceComplete,2132,q_table_v7.json,False,9.817,AccelerateForward,cp:finish|dist:close|angle:forward|speed:cruise|progress:fresh|bomb:False|fsm:Racing
433,Bot 10,B10,True,True,539.072,15,14,15,2,0,93.544,0.177,RaceComplete,2134,q_table_v7.json,False,5.748,AccelerateForward,cp:finish|dist:close|angle:behindLeft|speed:cruise|progress:fresh|bomb:False|fsm:Racing
434,Bot 03,B03,True,True,438.088,12,11,12,1,0,142.256,0.176,Stuck,2136,q_table_v7.json,False,45.026,TurnRightAndAccelerate,cp:12|dist:close|angle:forward|speed:cruise|progress:danger|bomb:False|fsm:Racing
435,Bot 09,B09,True,True,420.632,12,11,12,7,0,142.247,0.175,Stuck,2139,q_table_v7.json,False,45.016,AccelerateForward,cp:12|dist:close|angle:forward|speed:slow|progress:danger|bomb:False|fsm:Racing
436,Bot 08,B08,True,True,228.333,6,5,6,5,0,126.374,0.174,Stuck,2150,q_table_v7.json,False,45.025,RecoveryTurn,cp:6|dist:far|angle:left|speed:slow|progress:danger|bomb:False|fsm:Recover
437,Bot 02,B02,True,True,243.569,7,6,7,1,0,70.976,0.173,Stuck,2171,q_table_v7.json,False,45.031,Brake,cp:7|dist:far|angle:behindRight|speed:fast|progress:danger|bomb:False|fsm:Recover
438,Bot 04,B04,True,True,504.878,14,13,14,2,0,139.123,0.172,Stuck,2172,q_table_v7.json,False,45.021,TurnLeftAndAccelerate,cp:14|dist:medium|angle:behindRight|speed:slow|progress:danger|bomb:False|fsm:Recover
439,Bot 05,B05,True,True,535.213,15,14,15,1,1,93.839,0.171,RaceComplete,2172,q_table_v7.json,False,5.337,TurnLeftAndAccelerate,cp:finish|dist:close|angle:forward|speed:cruise|progress:fresh|bomb:False|fsm:Racing
440,Bot 06,B06,True,True,536.768,15,14,15,1,0,107.295,0.170,RaceComplete,2172,q_table_v7.json,False,6.312,AccelerateForward,cp:finish|dist:close|angle:forward|speed:cruise|progress:fresh|bomb:False|fsm:Racing
441,Bot 07,B07,True,True,538.433,15,14,15,0,0,104.494,0.170,RaceComplete,2172,q_table_v7.json,False,8.973,AccelerateForward,cp:finish|dist:close|angle:hardLeft|speed:cruise|progress:fresh|bomb:False|fsm:Racing
442,Bot 01,B01,True,True,420.875,12,11,12,0,0,105.046,0.169,Stuck,2172,q_table_v7.json,False,45.016,AccelerateForward,cp:12|dist:close|angle:behindRight|speed:slow|progress:danger|bomb:False|fsm:Racing
443,Bot 10,B10,True,True,420.424,12,11,12,7,0,104.484,0.168,Stuck,2172,q_table_v7.json,False,45.016,RecoveryTurn,cp:12|dist:close|angle:hardLeft|speed:slow|progress:danger|bomb:False|fsm:Racing
444,Bot 03,B03,True,True,419.160,12,11,12,6,0,103.365,0.167,Stuck,2172,q_table_v7.json,False,45.019,TurnLeftAndAccelerate,cp:12|dist:close|angle:behindRight|speed:slow|progress:danger|bomb:False|fsm:Racing
445,Bot 09,B09,True,True,541.318,15,14,15,2,0,118.820,0.166,RaceComplete,2173,q_table_v7.json,False,7.875,AccelerateForward,cp:finish|dist:close|angle:forward|speed:cruise|progress:fresh|bomb:False|fsm:Racing
446,Bot 08,B08,True,True,537.770,15,14,15,2,0,102.102,0.165,RaceComplete,2173,q_table_v7.json,False,5.880,AccelerateForward,cp:finish|dist:close|angle:behindRight|speed:cruise|progress:fresh|bomb:False|fsm:Racing
447,Bot 06,B06,True,True,98.102,3,2,3,3,1,65.130,0.165,Stuck,2178,q_table_v7.json,False,45.078,HardRight,cp:3|dist:close|angle:behindLeft|speed:cruise|progress:danger|bomb:False|fsm:Recover
448,Bot 02,B02,True,True,537.979,15,14,15,1,0,101.685,0.164,RaceComplete,2178,q_table_v7.json,False,6.235,AccelerateForward,cp:finish|dist:close|angle:behindRight|speed:cruise|progress:fresh|bomb:False|fsm:Racing
449,Bot 04,B04,True,True,411.504,12,11,12,0,2,108.715,0.163,Stuck,2178,q_table_v7.json,False,45.034,AccelerateForward,cp:12|dist:close|angle:forward|speed:slow|progress:danger|bomb:False|fsm:Racing
450,Bot 05,B05,True,True,421.778,12,11,12,1,0,108.138,0.162,Stuck,2183,q_table_v7.json,False,45.025,AccelerateForward,cp:12|dist:close|angle:left|speed:cruise|progress:danger|bomb:False|fsm:Racing
451,Bot 07,B07,True,True,546.289,15,14,15,0,1,109.403,0.161,RaceComplete,2215,q_table_v7.json,False,7.293,Brake,cp:finish|dist:close|angle:forward|speed:cruise|progress:fresh|bomb:False|fsm:Racing
452,Bot 03,B03,True,True,406.729,10,9,10,0,0,94.950,0.160,Stuck,2218,q_table_v7.json,False,45.096,HardRight,cp:10|dist:far|angle:behindLeft|speed:fast|progress:danger|bomb:False|fsm:Recover
453,Bot 10,B10,True,True,418.772,12,11,12,7,0,117.119,0.160,Stuck,2220,q_table_v7.json,False,45.062,AccelerateForward,cp:12|dist:close|angle:forward|speed:slow|progress:danger|bomb:False|fsm:Racing
454,Bot 08,B08,True,True,541.128,15,14,15,1,0,99.677,0.159,RaceComplete,2220,q_table_v7.json,False,5.565,AccelerateForward,cp:finish|dist:close|angle:right|speed:cruise|progress:fresh|bomb:False|fsm:Racing
455,Bot 09,B09,True,True,533.870,15,14,15,1,1,107.682,0.158,RaceComplete,2220,q_table_v7.json,False,5.328,AccelerateForward,cp:finish|dist:close|angle:behindLeft|speed:cruise|progress:fresh|bomb:False|fsm:Racing
456,Bot 01,B01,True,True,431.854,12,11,12,2,0,138.445,0.157,Stuck,2220,q_table_v7.json,False,45.028,Coast,cp:12|dist:medium|angle:behindRight|speed:slow|progress:danger|bomb:False|fsm:Recover
457,Bot 02,B02,True,True,531.476,15,14,15,1,1,118.510,0.157,RaceComplete,2221,q_table_v7.json,False,7.020,Brake,cp:finish|dist:close|angle:forward|speed:cruise|progress:fresh|bomb:False|fsm:Racing
458,Bot 05,B05,True,True,421.381,12,11,12,5,0,113.752,0.156,Stuck,2221,q_table_v7.json,False,45.026,AccelerateForward,cp:12|dist:close|angle:forward|speed:slow|progress:danger|bomb:False|fsm:Racing
459,Bot 04,B04,True,True,530.659,15,14,15,0,2,118.641,0.155,RaceComplete,2221,q_table_v7.json,False,8.976,Coast,cp:finish|dist:close|angle:forward|speed:cruise|progress:fresh|bomb:False|fsm:Racing
460,Bot 06,B06,True,True,547.156,15,14,15,2,1,154.372,0.154,RaceComplete,2222,q_table_v7.json,False,8.835,Coast,cp:finish|dist:close|angle:forward|speed:cruise|progress:fresh|bomb:False|fsm:Racing
461,Bot 01,B01,True,True,96.611,3,2,3,0,0,60.297,0.153,Stuck,2225,q_table_v7.json,False,45.015,Brake,cp:3|dist:medium|angle:left|speed:slow|progress:danger|bomb:False|fsm:Recover
462,Bot 03,B03,True,True,535.982,15,14,15,2,0,113.468,0.153,RaceComplete,2237,q_table_v7.json,False,5.190,Coast,cp:finish|dist:close|angle:forward|speed:cruise|progress:fresh|bomb:False|fsm:Racing
463,Bot 02,B02,True,True,104.679,3,2,3,0,0,61.989,0.152,Stuck,2237,q_table_v7.json,False,45.026,Coast,cp:3|dist:medium|angle:forward|speed:cruise|progress:danger|bomb:False|fsm:Recover
464,Bot 07,B07,True,True,307.132,9,8,9,6,2,131.145,0.151,Stuck,2238,q_table_v7.json,False,45.028,AccelerateForward,cp:9|dist:medium|angle:left|speed:cruise|progress:danger|bomb:False|fsm:Recover
465,Bot 10,B10,True,True,422.454,12,11,12,1,0,109.675,0.150,Stuck,2238,q_table_v7.json,False,45.025,AccelerateForward,cp:12|dist:close|angle:behindLeft|speed:slow|progress:danger|bomb:False|fsm:Racing
466,Bot 08,B08,True,True,391.096,11,10,11,5,0,104.919,0.150,Stuck,2239,q_table_v7.json,False,45.026,HardLeft,cp:11|dist:medium|angle:behindRight|speed:cruise|progress:danger|bomb:False|fsm:Recover
467,Bot 01,B01,True,True,100.484,3,2,3,2,0,59.335,0.149,Stuck,2249,q_table_v7.json,False,45.027,RecoveryTurn,cp:3|dist:close|angle:forward|speed:slow|progress:danger|bomb:False|fsm:Racing
468,Bot 03,B03,True,True,97.164,3,2,3,0,0,58.214,0.148,Stuck,2263,q_table_v7.json,False,45.005,TurnLeftAndAccelerate,cp:3|dist:close|angle:behindRight|speed:slow|progress:danger|bomb:False|fsm:Racing
469,Bot 06,B06,True,True,539.258,15,14,15,3,0,83.735,0.147,RaceComplete,2266,q_table_v7.json,False,6.869,Coast,cp:finish|dist:close|angle:left|speed:cruise|progress:fresh|bomb:False|fsm:Racing
470,Bot 04,B04,True,True,531.210,15,14,15,1,1,101.970,0.147,RaceComplete,2268,q_table_v7.json,False,9.548,Coast,cp:finish|dist:close|angle:forward|speed:cruise|progress:fresh|bomb:False|fsm:Racing
471,Bot 05,B05,True,True,386.890,11,10,11,2,0,116.567,0.146,Stuck,2272,q_table_v7.json,False,45.047,AccelerateForward,cp:11|dist:medium|angle:hardLeft|speed:slow|progress:danger|bomb:False|fsm:Recover
472,Bot 08,B08,True,True,100.826,3,2,3,2,0,56.827,0.145,Stuck,2273,q_table_v7.json,False,45.054,Coast,cp:3|dist:far|angle:hardRight|speed:slow|progress:danger|bomb:False|fsm:Recover
473,Bot 09,B09,True,True,555.406,15,14,15,4,1,165.370,0.144,RaceComplete,2278,q_table_v7.json,True,7.718,Coast,cp:finish|dist:close|angle:forward|speed:cruise|progress:fresh|bomb:False|fsm:Racing
474,Bot 07,B07,True,True,212.284,6,5,6,4,0,78.417,0.144,Stuck,2278,q_table_v7.json,False,45.034,TurnRightAndAccelerate,cp:6|dist:medium|angle:behindRight|speed:slow|progress:danger|bomb:False|fsm:Recover
475,Bot 02,B02,True,True,421.154,12,11,12,3,0,104.344,0.143,Stuck,2280,q_table_v7.json,False,45.010,RecoveryTurn,cp:12|dist:close|angle:forward|speed:cruise|progress:danger|bomb:False|fsm:Racing
476,Bot 06,B06,True,True,102.526,3,2,3,0,0,59.045,0.142,Stuck,2280,q_table_v7.json,False,45.057,TurnLeftAndAccelerate,cp:3|dist:medium|angle:right|speed:cruise|progress:danger|bomb:False|fsm:Collect
477,Bot 05,B05,True,True,99.440,3,2,3,0,0,56.505,0.142,Stuck,2282,q_table_v7.json,False,45.027,AccelerateForward,cp:3|dist:medium|angle:forward|speed:cruise|progress:danger|bomb:False|fsm:Collect
478,Bot 04,B04,True,True,538.757,15,14,15,1,0,72.620,0.141,RaceComplete,2283,q_table_v7.json,False,4.907,Coast,cp:finish|dist:close|angle:forward|speed:cruise|progress:fresh|bomb:False|fsm:Racing
479,Bot 01,B01,True,True,420.742,12,11,12,0,0,97.329,0.140,Stuck,2283,q_table_v7.json,False,45.021,AccelerateForward,cp:12|dist:close|angle:forward|speed:slow|progress:danger|bomb:False|fsm:Racing
480,Bot 03,B03,True,True,418.796,12,11,12,8,0,94.810,0.139,Stuck,2287,q_table_v7.json,False,45.018,HardRight,cp:12|dist:far|angle:behindLeft|speed:fast|progress:danger|bomb:False|fsm:Recover
481,Bot 10,B10,True,True,540.742,15,14,15,0,0,144.883,0.139,RaceComplete,2289,q_table_v7.json,False,7.853,Coast,cp:finish|dist:close|angle:left|speed:cruise|progress:fresh|bomb:False|fsm:Racing
482,Bot 07,B07,True,True,313.905,9,8,9,0,0,77.123,0.138,Stuck,2291,q_table_v7.json,False,45.022,TurnRightAndAccelerate,cp:9|dist:medium|angle:behindLeft|speed:slow|progress:danger|bomb:False|fsm:Recover
483,Bot 09,B09,True,True,238.908,7,6,7,1,1,105.599,0.137,Stuck,2293,q_table_v7.json,False,45.017,TurnRightAndAccelerate,cp:7|dist:medium|angle:behindRight|speed:slow|progress:danger|bomb:False|fsm:Recover
484,Bot 08,B08,True,True,534.977,15,14,15,1,1,117.784,0.137,RaceComplete,2293,q_table_v7.json,False,6.312,Coast,cp:finish|dist:close|angle:left|speed:cruise|progress:fresh|bomb:False|fsm:Racing
485,Bot 02,B02,True,True,318.325,9,8,9,4,0,88.508,0.136,Stuck,2293,q_table_v7.json,False,45.026,HardRight,cp:9|dist:close|angle:behindLeft|speed:slow|progress:danger|bomb:False|fsm:Racing
486,Bot 06,B06,True,True,534.302,15,14,15,1,1,93.546,0.135,RaceComplete,2294,q_table_v7.json,False,8.130,Coast,cp:finish|dist:close|angle:left|speed:cruise|progress:fresh|bomb:False|fsm:Racing
487,Bot 04,B04,True,True,246.245,7,6,7,9,0,79.100,0.135,Stuck,2295,q_table_v7.json,False,45.024,HardRight,cp:7|dist:medium|angle:behindRight|speed:slow|progress:danger|bomb:False|fsm:Recover
488,Bot 05,B05,True,True,538.555,15,14,15,0,0,96.068,0.134,RaceComplete,2301,q_table_v7.json,False,6.731,Coast,cp:finish|dist:close|angle:forward|speed:cruise|progress:fresh|bomb:False|fsm:Racing
489,Bot 10,B10,True,True,540.300,15,14,15,2,0,96.778,0.133,RaceComplete,2317,q_table_v7.json,False,7.845,Coast,cp:finish|dist:close|angle:forward|speed:cruise|progress:fresh|bomb:False|fsm:Racing
490,Bot 03,B03,True,True,415.147,12,11,12,2,2,105.260,0.133,Stuck,2317,q_table_v7.json,False,45.097,TurnRightAndAccelerate,cp:12|dist:close|angle:behindLeft|speed:slow|progress:danger|bomb:False|fsm:Racing
491,Bot 01,B01,True,True,524.154,15,14,15,5,4,114.609,0.132,RaceComplete,2317,q_table_v7.json,False,10.383,Coast,cp:finish|dist:close|angle:forward|speed:cruise|progress:fresh|bomb:False|fsm:Racing
492,Bot 02,B02,True,True,171.543,5,4,5,0,0,64.233,0.131,Stuck,2319,q_table_v7.json,False,45.023,Coast,cp:5|dist:far|angle:behindRight|speed:cruise|progress:danger|bomb:False|fsm:Recover
493,Bot 08,B08,True,True,210.824,6,5,6,0,1,72.615,0.131,Stuck,2319,q_table_v7.json,False,45.126,Brake,cp:6|dist:close|angle:behindLeft|speed:slow|progress:danger|bomb:False|fsm:Racing
494,Bot 06,B06,True,True,248.919,7,6,7,0,0,72.225,0.130,Stuck,2323,q_table_v7.json,False,45.024,HardLeft,cp:7|dist:medium|angle:behindRight|speed:slow|progress:danger|bomb:False|fsm:Recover
495,Bot 07,B07,True,True,549.259,15,14,15,2,0,157.083,0.129,RaceComplete,2357,q_table_v7.json,False,6.594,Coast,cp:finish|dist:close|angle:hardLeft|speed:cruise|progress:fresh|bomb:False|fsm:Racing
496,Bot 09,B09,True,True,533.522,15,14,15,2,2,130.851,0.129,RaceComplete,2357,q_table_v7.json,False,6.586,Coast,cp:finish|dist:close|angle:behindLeft|speed:cruise|progress:fresh|bomb:False|fsm:Racing
497,Bot 10,B10,True,True,316.359,9,8,9,5,0,80.930,0.128,Stuck,2367,q_table_v7.json,False,45.029,AccelerateForward,cp:9|dist:medium|angle:hardRight|speed:cruise|progress:danger|bomb:False|fsm:Racing
498,Bot 01,B01,True,True,308.349,9,8,9,1,1,81.346,0.127,Stuck,2367,q_table_v7.json,False,45.016,RecoveryTurn,cp:9|dist:medium|angle:hardLeft|speed:slow|progress:danger|bomb:False|fsm:Recover
499,Bot 04,B04,True,True,282.997,8,7,8,6,1,125.669,0.127,Stuck,2368,q_table_v7.json,False,45.021,AccelerateForward,cp:8|dist:medium|angle:right|speed:cruise|progress:danger|bomb:False|fsm:Recover
500,Bot 08,B08,True,True,319.484,9,8,9,0,0,75.069,0.126,Stuck,2368,q_table_v7.json,False,45.022,Coast,cp:9|dist:medium|angle:behindLeft|speed:cruise|progress:danger|bomb:False|fsm:Recover
501,Bot 02,B02,True,True,285.859,8,7,8,0,0,76.722,0.126,Stuck,2370,q_table_v7.json,False,45.023,AccelerateForward,cp:8|dist:medium|angle:hardRight|speed:cruise|progress:danger|bomb:False|fsm:Recover
502,Bot 03,B03,True,True,316.697,9,8,9,0,1,89.136,0.125,Stuck,2370,q_table_v7.json,False,45.031,AccelerateForward,cp:9|dist:medium|angle:right|speed:cruise|progress:danger|bomb:False|fsm:Recover
503,Bot 06,B06,True,True,313.429,9,8,9,2,0,79.241,0.124,Stuck,2375,q_table_v7.json,False,45.020,TurnLeftAndAccelerate,cp:9|dist:medium|angle:left|speed:cruise|progress:danger|bomb:False|fsm:Recover
504,Bot 05,B05,True,True,546.460,15,14,15,2,0,157.371,0.124,RaceComplete,2379,q_table_v7.json,False,6.735,Coast,cp:finish|dist:close|angle:behindLeft|speed:cruise|progress:fresh|bomb:False|fsm:Racing
505,Bot 09,B09,True,True,207.726,6,5,6,1,1,74.500,0.123,Stuck,2381,q_table_v7.json,False,45.024,Brake,cp:6|dist:close|angle:behindLeft|speed:slow|progress:danger|bomb:False|fsm:Racing
506,Bot 07,B07,True,True,383.708,11,10,11,1,0,95.655,0.122,Stuck,2382,q_table_v7.json,False,45.015,RecoveryTurn,cp:11|dist:far|angle:behindRight|speed:slow|progress:danger|bomb:False|fsm:Recover
507,Bot 01,B01,True,True,534.814,15,14,15,1,1,83.036,0.122,RaceComplete,2382,q_table_v7.json,False,6.874,Coast,cp:finish|dist:close|angle:hardLeft|speed:cruise|progress:fresh|bomb:False|fsm:Racing
508,Bot 03,B03,True,True,537.041,15,14,15,1,0,76.172,0.121,RaceComplete,2382,q_table_v7.json,False,7.315,Coast,cp:finish|dist:close|angle:forward|speed:cruise|progress:fresh|bomb:False|fsm:Racing
509,Bot 06,B06,True,True,98.120,3,2,3,0,0,57.302,0.121,Stuck,2382,q_table_v7.json,False,45.099,RecoveryTurn,cp:3|dist:close|angle:right|speed:slow|progress:danger|bomb:False|fsm:Racing
510,Bot 08,B08,True,True,539.023,15,14,15,0,0,80.930,0.120,RaceComplete,2382,q_table_v7.json,False,7.438,Coast,cp:finish|dist:close|angle:forward|speed:cruise|progress:fresh|bomb:False|fsm:Racing
511,Bot 04,B04,True,True,535.359,15,14,15,3,1,98.044,0.119,RaceComplete,2383,q_table_v7.json,False,7.015,Coast,cp:finish|dist:close|angle:forward|speed:cruise|progress:fresh|bomb:False|fsm:Racing
512,Bot 02,B02,True,True,386.221,11,10,11,3,0,117.962,0.119,Stuck,2385,q_table_v7.json,False,45.035,TurnLeftAndAccelerate,cp:11|dist:medium|angle:behindLeft|speed:slow|progress:danger|bomb:False|fsm:Recover
513,Bot 10,B10,True,True,397.953,11,10,11,2,0,127.484,0.118,Stuck,2386,q_table_v7.json,False,45.011,HardRight,cp:11|dist:medium|angle:behindLeft|speed:slow|progress:danger|bomb:False|fsm:Recover
514,Bot 05,B05,True,True,420.186,12,11,12,0,0,96.636,0.118,Stuck,2396,q_table_v7.json,False,45.023,TurnLeftAndAccelerate,cp:12|dist:far|angle:behindLeft|speed:fast|progress:danger|bomb:False|fsm:Recover
515,Bot 06,B06,True,True,539.387,15,14,15,7,0,78.891,0.117,RaceComplete,2409,q_table_v7.json,False,6.031,Coast,cp:finish|dist:close|angle:forward|speed:cruise|progress:fresh|bomb:False|fsm:Racing
516,Bot 08,B08,True,True,146.976,4,3,4,1,0,79.495,0.116,Stuck,2409,q_table_v7.json,False,45.046,AccelerateForward,cp:4|dist:far|angle:forward|speed:slow|progress:danger|bomb:False|fsm:Recover
517,Bot 09,B09,True,True,538.152,15,14,15,1,1,104.078,0.116,RaceComplete,2409,q_table_v7.json,False,7.440,Coast,cp:finish|dist:close|angle:forward|speed:cruise|progress:fresh|bomb:False|fsm:Racing
518,Bot 01,B01,True,True,416.745,12,11,12,2,0,99.999,0.115,Stuck,2409,q_table_v7.json,False,45.020,TurnRightAndAccelerate,cp:12|dist:close|angle:left|speed:slow|progress:danger|bomb:False|fsm:Racing
519,Bot 03,B03,True,True,415.107,12,11,12,0,1,99.753,0.115,Stuck,2409,q_table_v7.json,False,45.044,AccelerateForward,cp:12|dist:close|angle:left|speed:cruise|progress:danger|bomb:False|fsm:Racing
520,Bot 07,B07,True,True,392.618,11,10,11,0,1,114.872,0.114,Stuck,2410,q_table_v7.json,False,45.025,TurnRightAndAccelerate,cp:11|dist:far|angle:hardRight|speed:cruise|progress:danger|bomb:False|fsm:Recover
521,Bot 04,B04,True,True,419.092,12,11,12,1,0,106.176,0.114,Stuck,2410,q_table_v7.json,False,45.021,AccelerateForward,cp:12|dist:close|angle:forward|speed:slow|progress:danger|bomb:False|fsm:Racing
522,Bot 10,B10,True,True,421.333,12,11,12,5,0,98.467,0.113,Stuck,2411,q_table_v7.json,False,45.028,AccelerateForward,cp:12|dist:close|angle:forward|speed:slow|progress:danger|bomb:False|fsm:Racing
523,Bot 02,B02,True,True,412.743,12,11,12,4,2,108.122,0.112,Stuck,2411,q_table_v7.json,False,45.079,TurnRightAndAccelerate,cp:12|dist:close|angle:forward|speed:slow|progress:danger|bomb:False|fsm:Racing
524,Bot 01,B01,True,True,141.473,4,3,4,0,0,60.168,0.112,Stuck,2415,q_table_v7.json,False,45.020,HardLeft,cp:4|dist:medium|angle:behindLeft|speed:slow|progress:danger|bomb:False|fsm:Recover
525,Bot 06,B06,True,True,311.570,9,8,9,0,1,90.604,0.111,Stuck,2417,q_table_v7.json,False,45.017,TurnLeftAndAccelerate,cp:9|dist:close|angle:behindRight|speed:slow|progress:danger|bomb:False|fsm:Recover
526,Bot 08,B08,True,True,318.638,9,8,9,5,0,99.392,0.111,Stuck,2418,q_table_v7.json,False,45.019,AccelerateForward,cp:9|dist:medium|angle:hardRight|speed:slow|progress:danger|bomb:False|fsm:Recover
527,Bot 05,B05,True,True,533.492,15,14,15,1,0,123.711,0.110,RaceComplete,2418,q_table_v7.json,False,6.453,Coast,cp:finish|dist:close|angle:forward|speed:cruise|progress:fresh|bomb:False|fsm:Racing
528,Bot 03,B03,True,True,541.178,15,14,15,0,0,96.321,0.110,RaceComplete,2420,q_table_v7.json,False,6.717,Coast,cp:finish|dist:close|angle:forward|speed:cruise|progress:fresh|bomb:False|fsm:Racing
529,Bot 07,B07,True,True,392.200,11,10,11,1,0,88.644,0.109,Stuck,2421,q_table_v7.json,False,45.027,TurnLeftAndAccelerate,cp:11|dist:far|angle:right|speed:cruise|progress:danger|bomb:False|fsm:Recover
530,Bot 10,B10,True,True,420.107,12,11,12,2,0,97.617,0.109,Stuck,2424,q_table_v7.json,False,45.027,AccelerateForward,cp:12|dist:close|angle:behindLeft|speed:slow|progress:danger|bomb:False|fsm:Racing
531,Bot 09,B09,True,True,415.975,12,11,12,1,0,165.613,0.108,Stuck,2425,q_table_v7.json,False,45.184,AccelerateForward,cp:12|dist:close|angle:left|speed:cruise|progress:danger|bomb:False|fsm:Racing
532,Bot 02,B02,True,True,420.404,12,11,12,2,0,100.430,0.107,Stuck,2426,q_table_v7.json,False,45.030,AccelerateForward,cp:12|dist:close|angle:behindLeft|speed:slow|progress:danger|bomb:False|fsm:Racing
533,Bot 08,B08,True,True,530.212,15,14,15,4,2,75.741,0.107,RaceComplete,2429,q_table_v7.json,False,5.471,HardLeft,cp:finish|dist:close|angle:left|speed:cruise|progress:fresh|bomb:False|fsm:Racing
534,Bot 06,B06,True,True,417.300,12,11,12,0,0,92.430,0.106,Stuck,2434,q_table_v7.json,False,45.016,RecoveryTurn,cp:12|dist:close|angle:forward|speed:slow|progress:danger|bomb:False|fsm:Racing
535,Bot 04,B04,True,True,494.416,14,13,14,0,1,143.484,0.106,Stuck,2437,q_table_v7.json,False,45.025,HardRight,cp:14|dist:far|angle:forward|speed:cruise|progress:danger|bomb:False|fsm:Recover
536,Bot 01,B01,True,True,533.695,15,14,15,1,1,133.528,0.105,RaceComplete,2445,q_table_v7.json,False,6.455,Coast,cp:finish|dist:close|angle:behindLeft|speed:cruise|progress:fresh|bomb:False|fsm:Racing
537,Bot 09,B09,True,True,97.897,3,2,3,0,0,55.988,0.105,Stuck,2445,q_table_v7.json,False,45.013,HardRight,cp:3|dist:medium|angle:behindRight|speed:slow|progress:danger|bomb:False|fsm:Recover
538,Bot 06,B06,True,True,98.947,3,2,3,2,0,60.588,0.104,Stuck,2453,q_table_v7.json,False,45.020,RecoveryTurn,cp:3|dist:close|angle:forward|speed:slow|progress:danger|bomb:False|fsm:Racing
539,Bot 10,B10,True,True,134.330,4,3,4,1,1,86.535,0.104,Stuck,2453,q_table_v7.json,False,45.021,TurnRightAndAccelerate,cp:4|dist:medium|angle:behindRight|speed:cruise|progress:danger|bomb:False|fsm:Recover
540,Bot 05,B05,True,True,545.703,15,14,15,7,0,147.547,0.103,RaceComplete,2454,q_table_v7.json,False,8.837,Coast,cp:finish|dist:close|angle:forward|speed:cruise|progress:fresh|bomb:False|fsm:Racing
541,Bot 03,B03,True,True,535.981,15,14,15,3,0,138.851,0.103,RaceComplete,2455,q_table_v7.json,False,6.734,Coast,cp:finish|dist:close|angle:forward|speed:cruise|progress:fresh|bomb:False|fsm:Racing
542,Bot 07,B07,True,True,546.058,15,14,15,0,0,140.115,0.102,RaceComplete,2455,q_table_v7.json,False,9.823,Coast,cp:finish|dist:close|angle:forward|speed:cruise|progress:fresh|bomb:False|fsm:Racing
543,Bot 02,B02,True,True,407.799,11,10,11,3,0,94.669,0.102,Stuck,2455,q_table_v7.json,False,45.017,RecoveryTurn,cp:11|dist:far|angle:behindLeft|speed:cruise|progress:danger|bomb:False|fsm:Recover
544,Bot 04,B04,True,True,534.268,15,14,15,1,1,79.661,0.101,RaceComplete,2455,q_table_v7.json,False,6.729,Coast,cp:finish|dist:close|angle:hardLeft|speed:cruise|progress:fresh|bomb:False|fsm:Racing
545,Bot 08,B08,True,True,541.673,15,14,15,0,0,103.787,0.101,RaceComplete,2455,q_table_v7.json,False,8.411,Coast,cp:finish|dist:close|angle:forward|speed:cruise|progress:fresh|bomb:False|fsm:Racing
546,Bot 09,B09,True,True,97.216,3,2,3,0,0,57.085,0.100,Stuck,2455,q_table_v7.json,False,45.016,AccelerateForward,cp:3|dist:medium|angle:right|speed:slow|progress:danger|bomb:False|fsm:Recover
547,Bot 01,B01,True,True,214.129,6,5,6,1,0,66.227,0.100,Stuck,2455,q_table_v7.json,False,45.053,Coast,cp:6|dist:close|angle:behindRight|speed:slow|progress:danger|bomb:False|fsm:Racing
548,Bot 10,B10,True,True,170.487,5,4,5,0,0,65.080,0.099,Stuck,2462,q_table_v7.json,False,45.028,TurnLeftAndAccelerate,cp:5|dist:close|angle:forward|speed:slow|progress:danger|bomb:False|fsm:Racing
549,Bot 03,B03,True,True,98.279,3,2,3,0,0,55.679,0.099,Stuck,2463,q_table_v7.json,False,45.133,TurnLeftAndAccelerate,cp:3|dist:medium|angle:behindRight|speed:cruise|progress:danger|bomb:False|fsm:Recover
550,Bot 06,B06,True,True,313.653,9,8,9,5,2,89.344,0.098,Stuck,2484,q_table_v7.json,False,45.018,AccelerateForward,cp:9|dist:far|angle:forward|speed:cruise|progress:danger|bomb:False|fsm:Recover
551,Bot 05,B05,True,True,353.589,10,9,10,1,0,88.360,0.098,Stuck,2487,q_table_v7.json,False,45.020,TurnLeftAndAccelerate,cp:10|dist:far|angle:hardLeft|speed:cruise|progress:danger|bomb:False|fsm:Recover
552,Bot 09,B09,True,True,538.156,15,14,15,0,0,67.464,0.097,RaceComplete,2491,q_table_v7.json,False,6.171,Coast,cp:finish|dist:close|angle:forward|speed:cruise|progress:fresh|bomb:False|fsm:Racing
553,Bot 07,B07,True,True,396.693,11,10,11,1,0,101.544,0.097,Stuck,2501,q_table_v7.json,False,45.017,TurnLeftAndAccelerate,cp:11|dist:medium|angle:behindRight|speed:slow|progress:danger|bomb:False|fsm:Recover
554,Bot 02,B02,True,True,419.503,12,11,12,8,0,100.809,0.096,Stuck,2501,q_table_v7.json,False,45.125,AccelerateForward,cp:12|dist:close|angle:left|speed:cruise|progress:danger|bomb:False|fsm:Racing
555,Bot 04,B04,True,True,395.718,11,10,11,1,0,106.459,0.096,Stuck,2509,q_table_v7.json,False,45.033,AccelerateForward,cp:11|dist:medium|angle:left|speed:fast|progress:danger|bomb:False|fsm:Recover
556,Bot 10,B10,True,True,277.671,8,7,8,0,2,79.804,0.095,Stuck,2518,q_table_v7.json,False,45.022,AccelerateForward,cp:8|dist:medium|angle:forward|speed:cruise|progress:danger|bomb:False|fsm:Recover
557,Bot 03,B03,True,True,324.239,9,8,9,2,0,82.187,0.095,Stuck,2522,q_table_v7.json,False,45.016,TurnRightAndAccelerate,cp:9|dist:medium|angle:behindRight|speed:cruise|progress:danger|bomb:False|fsm:Recover
558,Bot 01,B01,True,True,303.159,8,7,8,1,0,114.005,0.094,Stuck,2522,q_table_v7.json,False,45.026,Brake,cp:8|dist:far|angle:behindLeft|speed:max|progress:danger|bomb:False|fsm:Recover
559,Bot 05,B05,True,True,212.776,6,5,6,0,0,67.462,0.094,Stuck,2531,q_table_v7.json,False,45.020,TurnRightAndAccelerate,cp:6|dist:close|angle:behindLeft|speed:cruise|progress:danger|bomb:False|fsm:Racing
560,Bot 09,B09,True,True,213.665,6,5,6,1,0,69.991,0.093,Stuck,2534,q_table_v7.json,False,45.019,AccelerateForward,cp:6|dist:close|angle:behindRight|speed:slow|progress:danger|bomb:False|fsm:Racing
561,Bot 08,B08,True,True,416.934,11,10,11,0,0,138.713,0.093,Stuck,2534,q_table_v7.json,False,45.022,Coast,cp:11|dist:medium|angle:hardRight|speed:cruise|progress:danger|bomb:False|fsm:Recover
562,Bot 06,B06,True,True,436.665,12,11,12,1,0,93.272,0.092,Stuck,2534,q_table_v7.json,False,45.022,Brake,cp:12|dist:far|angle:behindLeft|speed:cruise|progress:danger|bomb:False|fsm:Recover
563,Bot 02,B02,True,True,316.800,9,8,9,0,0,73.666,0.092,Stuck,2534,q_table_v7.json,False,45.018,Brake,cp:9|dist:far|angle:behindRight|speed:cruise|progress:danger|bomb:False|fsm:Recover
564,Bot 04,B04,True,True,322.080,9,8,9,3,0,72.788,0.092,Stuck,2534,q_table_v7.json,False,45.026,Coast,cp:9|dist:far|angle:right|speed:cruise|progress:danger|bomb:False|fsm:Recover
565,Bot 07,B07,True,True,535.080,15,14,15,5,1,87.387,0.091,RaceComplete,2536,q_table_v7.json,False,6.595,Coast,cp:finish|dist:close|angle:forward|speed:cruise|progress:fresh|bomb:False|fsm:Racing
566,Bot 10,B10,True,True,169.851,5,4,5,1,0,66.902,0.091,Stuck,2542,q_table_v7.json,False,45.022,AccelerateForward,cp:5|dist:medium|angle:forward|speed:cruise|progress:danger|bomb:False|fsm:Racing
567,Bot 01,B01,True,True,212.351,6,5,6,1,0,69.143,0.090,Stuck,2542,q_table_v7.json,False,45.026,Brake,cp:6|dist:close|angle:behindLeft|speed:slow|progress:danger|bomb:False|fsm:Racing
568,Bot 09,B09,True,True,212.540,6,5,6,0,0,64.241,0.090,Stuck,2544,q_table_v7.json,False,45.027,Coast,cp:6|dist:medium|angle:behindRight|speed:slow|progress:danger|bomb:False|fsm:Recover
569,Bot 02,B02,True,True,286.533,8,7,8,0,0,76.445,0.089,Stuck,2565,q_table_v7.json,False,45.021,AccelerateForward,cp:8|dist:medium|angle:left|speed:cruise|progress:danger|bomb:False|fsm:Recover
570,Bot 10,B10,True,True,171.165,5,4,5,0,0,62.136,0.089,Stuck,2572,q_table_v7.json,False,45.026,AccelerateForward,cp:5|dist:close|angle:left|speed:slow|progress:danger|bomb:False|fsm:Racing
571,Bot 04,B04,True,True,279.729,8,7,8,1,0,79.672,0.088,Stuck,2580,q_table_v7.json,False,45.031,Coast,cp:8|dist:close|angle:forward|speed:cruise|progress:danger|bomb:False|fsm:Racing
572,Bot 07,B07,True,True,280.702,8,7,8,2,0,76.324,0.088,Stuck,2580,q_table_v7.json,False,45.103,TurnRightAndAccelerate,cp:8|dist:medium|angle:behindRight|speed:cruise|progress:danger|bomb:False|fsm:Recover
573,Bot 05,B05,True,True,541.624,15,14,15,4,1,123.011,0.088,RaceComplete,2581,q_table_v7.json,False,7.005,Coast,cp:finish|dist:close|angle:forward|speed:cruise|progress:fresh|bomb:False|fsm:Racing
574,Bot 03,B03,True,True,400.385,11,10,11,6,0,137.515,0.087,Stuck,2581,q_table_v7.json,False,45.082,TurnLeftAndAccelerate,cp:11|dist:far|angle:right|speed:cruise|progress:danger|bomb:False|fsm:Recover
575,Bot 06,B06,True,True,446.410,12,11,12,2,0,107.301,0.087,Stuck,2581,q_table_v7.json,False,45.024,TurnLeftAndAccelerate,cp:12|dist:far|angle:hardRight|speed:fast|progress:danger|bomb:False|fsm:Recover
576,Bot 08,B08,True,True,537.692,15,14,15,2,0,121.509,0.086,RaceComplete,2582,q_table_v7.json,False,6.488,Coast,cp:finish|dist:close|angle:left|speed:cruise|progress:fresh|bomb:False|fsm:Racing
577,Bot 01,B01,True,True,419.608,12,11,12,0,0,99.589,0.086,Stuck,2586,q_table_v7.json,False,45.025,AccelerateForward,cp:12|dist:close|angle:forward|speed:slow|progress:danger|bomb:False|fsm:Racing
578,Bot 09,B09,True,True,313.597,9,8,9,2,1,90.749,0.085,Stuck,2587,q_table_v7.json,False,45.075,AccelerateForward,cp:9|dist:medium|angle:behindLeft|speed:cruise|progress:danger|bomb:False|fsm:Recover
579,Bot 05,B05,True,True,98.478,3,2,3,3,0,57.498,0.085,Stuck,2596,q_table_v7.json,False,45.005,HardLeft,cp:3|dist:medium|angle:behindLeft|speed:cruise|progress:danger|bomb:False|fsm:Recover
580,Bot 03,B03,True,True,148.440,4,3,4,1,0,58.710,0.084,Stuck,2598,q_table_v7.json,False,45.019,Coast,cp:4|dist:close|angle:forward|speed:cruise|progress:danger|bomb:False|fsm:Racing
581,Bot 07,B07,True,True,255.261,7,6,7,0,0,70.260,0.084,Stuck,2599,q_table_v7.json,False,45.035,TurnLeftAndAccelerate,cp:7|dist:far|angle:left|speed:cruise|progress:danger|bomb:False|fsm:Recover
582,Bot 10,B10,True,True,282.459,8,7,8,0,1,77.989,0.084,Stuck,2599,q_table_v7.json,False,45.028,AccelerateForward,cp:8|dist:far|angle:left|speed:cruise|progress:danger|bomb:False|fsm:Recover
583,Bot 04,B04,True,True,539.028,15,14,15,8,0,86.533,0.083,RaceComplete,2604,q_table_v7.json,False,6.731,Coast,cp:finish|dist:close|angle:forward|speed:cruise|progress:fresh|bomb:False|fsm:Racing
584,Bot 01,B01,True,True,65.971,2,1,2,0,0,52.171,0.083,Stuck,2604,q_table_v7.json,False,45.033,AccelerateForward,cp:2|dist:medium|angle:forward|speed:slow|progress:danger|bomb:False|fsm:Collect
585,Bot 08,B08,True,True,282.712,8,7,8,1,0,76.145,0.082,Stuck,2604,q_table_v7.json,False,45.027,AccelerateForward,cp:8|dist:close|angle:forward|speed:slow|progress:danger|bomb:False|fsm:Racing
586,Bot 02,B02,True,True,321.619,9,8,9,0,1,110.939,0.082,Stuck,2606,q_table_v7.json,False,45.024,TurnLeftAndAccelerate,cp:9|dist:medium|angle:hardLeft|speed:cruise|progress:danger|bomb:False|fsm:Recover
587,Bot 10,B10,True,True,99.785,3,2,3,0,0,55.392,0.082,Stuck,2609,q_table_v7.json,False,45.010,RecoveryTurn,cp:3|dist:close|angle:forward|speed:slow|progress:danger|bomb:False|fsm:Racing
588,Bot 06,B06,True,True,535.013,15,14,15,0,0,122.441,0.081,RaceComplete,2611,q_table_v7.json,False,9.949,Coast,cp:finish|dist:close|angle:forward|speed:cruise|progress:fresh|bomb:False|fsm:Racing
589,Bot 03,B03,True,True,285.712,8,7,8,4,0,76.010,0.081,Stuck,2615,q_table_v7.json,False,45.008,AccelerateForward,cp:8|dist:medium|angle:right|speed:cruise|progress:danger|bomb:False|fsm:Recover
590,Bot 05,B05,True,True,278.018,8,7,8,5,1,88.084,0.080,Stuck,2617,q_table_v7.json,False,45.022,AccelerateForward,cp:8|dist:close|angle:left|speed:slow|progress:danger|bomb:False|fsm:Racing
591,Bot 09,B09,True,True,284.824,8,7,8,1,0,115.562,0.080,Stuck,2619,q_table_v7.json,False,45.017,Coast,cp:8|dist:close|angle:forward|speed:cruise|progress:danger|bomb:False|fsm:Racing
592,Bot 04,B04,True,True,278.008,8,7,8,1,0,76.862,0.080,Stuck,2620,q_table_v7.json,False,45.021,AccelerateForward,cp:8|dist:medium|angle:forward|speed:cruise|progress:danger|bomb:False|fsm:Recover
593,Bot 08,B08,True,True,280.785,8,7,8,0,0,77.140,0.079,Stuck,2621,q_table_v7.json,False,45.013,AccelerateForward,cp:8|dist:medium|angle:left|speed:cruise|progress:danger|bomb:False|fsm:Recover
594,Bot 02,B02,True,True,293.745,8,7,8,1,0,73.216,0.079,Stuck,2623,q_table_v7.json,False,45.026,TurnRightAndAccelerate,cp:8|dist:close|angle:hardLeft|speed:cruise|progress:danger|bomb:False|fsm:Racing
595,Bot 01,B01,True,True,145.360,4,3,4,1,0,97.333,0.078,Stuck,2632,q_table_v7.json,False,45.026,HardLeft,cp:4|dist:close|angle:behindLeft|speed:cruise|progress:danger|bomb:False|fsm:Recover
596,Bot 10,B10,True,True,254.885,7,6,7,1,0,72.931,0.078,Stuck,2638,q_table_v7.json,False,45.021,HardLeft,cp:7|dist:medium|angle:behindLeft|speed:slow|progress:danger|bomb:False|fsm:Recover
597,Bot 09,B09,True,True,172.614,5,4,5,4,0,67.600,0.078,Stuck,2652,q_table_v7.json,False,45.020,AccelerateForward,cp:5|dist:close|angle:left|speed:cruise|progress:danger|bomb:False|fsm:Racing
598,Bot 06,B06,True,True,326.050,9,8,9,0,0,107.294,0.077,Stuck,2652,q_table_v7.json,False,45.024,Coast,cp:9|dist:far|angle:behindLeft|speed:cruise|progress:danger|bomb:False|fsm:Recover
599,Bot 03,B03,True,True,364.548,10,9,10,0,0,109.972,0.077,Stuck,2659,q_table_v7.json,False,45.033,TurnLeftAndAccelerate,cp:10|dist:medium|angle:behindLeft|speed:cruise|progress:danger|bomb:False|fsm:Recover
600,Bot 05,B05,True,True,326.073,9,8,9,2,0,109.962,0.076,Stuck,2660,q_table_v7.json,False,45.025,AccelerateForward,cp:9|dist:far|angle:hardRight|speed:cruise|progress:danger|bomb:False|fsm:Recover
601,Bot 07,B07,True,True,428.183,12,11,12,1,0,195.081,0.076,Stuck,2663,q_table_v7.json,False,45.024,AccelerateForward,cp:12|dist:close|angle:behindRight|speed:cruise|progress:danger|bomb:False|fsm:Recover
602,Bot 02,B02,True,True,400.905,11,10,11,2,0,98.182,0.076,Stuck,2666,q_table_v7.json,False,45.023,Coast,cp:11|dist:far|angle:forward|speed:cruise|progress:danger|bomb:False|fsm:Recover
603,Bot 04,B04,True,True,539.098,15,14,15,8,0,107.718,0.075,RaceComplete,2668,q_table_v7.json,False,7.996,Coast,cp:finish|dist:close|angle:forward|speed:cruise|progress:fresh|bomb:False|fsm:Racing
604,Bot 10,B10,True,True,211.285,6,5,6,1,1,77.445,0.075,Stuck,2673,q_table_v7.json,False,45.050,TurnRightAndAccelerate,cp:6|dist:far|angle:right|speed:slow|progress:danger|bomb:False|fsm:Recover
605,Bot 08,B08,True,True,416.020,12,11,12,0,1,116.700,0.075,Stuck,2682,q_table_v7.json,False,45.033,TurnRightAndAccelerate,cp:12|dist:far|angle:behindLeft|speed:cruise|progress:danger|bomb:False|fsm:Recover
606,Bot 03,B03,True,True,73.866,2,1,2,0,0,54.144,0.074,Stuck,2694,q_table_v7.json,False,45.018,AccelerateForward,cp:2|dist:far|angle:left|speed:cruise|progress:danger|bomb:False|fsm:Recover
607,Bot 09,B09,True,True,221.826,6,5,6,3,1,74.774,0.074,Stuck,2694,q_table_v7.json,False,45.018,AccelerateForward,cp:6|dist:far|angle:left|speed:slow|progress:danger|bomb:False|fsm:Recover
608,Bot 01,B01,True,True,427.214,12,11,12,2,0,121.350,0.073,Stuck,2695,q_table_v7.json,False,45.045,Brake,cp:12|dist:medium|angle:behindRight|speed:slow|progress:danger|bomb:False|fsm:Recover
609,Bot 07,B07,True,True,99.535,3,2,3,0,0,55.828,0.073,Stuck,2698,q_table_v7.json,False,45.077,AccelerateForward,cp:3|dist:medium|angle:behindLeft|speed:cruise|progress:danger|bomb:False|fsm:Recover
610,Bot 02,B02,True,True,99.049,3,2,3,0,0,58.205,0.073,Stuck,2698,q_table_v7.json,False,45.021,HardRight,cp:3|dist:close|angle:behindLeft|speed:slow|progress:danger|bomb:False|fsm:Racing
611,Bot 04,B04,True,True,212.742,6,5,6,0,0,66.194,0.072,Stuck,2698,q_table_v7.json,False,45.024,AccelerateForward,cp:6|dist:close|angle:behindLeft|speed:slow|progress:danger|bomb:False|fsm:Racing
612,Bot 06,B06,True,True,248.617,7,6,7,1,0,107.298,0.072,Stuck,2698,q_table_v7.json,False,45.024,HardRight,cp:7|dist:medium|angle:behindRight|speed:slow|progress:danger|bomb:False|fsm:Recover
613,Bot 05,B05,True,True,283.779,8,7,8,2,0,94.525,0.072,Stuck,2705,q_table_v7.json,False,45.015,TurnRightAndAccelerate,cp:8|dist:close|angle:behindRight|speed:slow|progress:danger|bomb:False|fsm:Racing
614,Bot 09,B09,True,True,62.280,2,1,2,0,0,50.696,0.071,Stuck,2705,q_table_v7.json,False,45.095,TurnLeftAndAccelerate,cp:2|dist:medium|angle:hardRight|speed:cruise|progress:danger|bomb:False|fsm:Recover
615,Bot 01,B01,True,True,171.906,5,4,5,1,0,64.483,0.071,Stuck,2714,q_table_v7.json,False,45.016,AccelerateForward,cp:5|dist:close|angle:forward|speed:cruise|progress:danger|bomb:False|fsm:Racing
616,Bot 03,B03,True,True,275.188,8,7,8,1,1,82.740,0.071,Stuck,2719,q_table_v7.json,False,45.010,Brake,cp:8|dist:medium|angle:behindRight|speed:slow|progress:danger|bomb:False|fsm:Recover
617,Bot 07,B07,True,True,169.864,5,4,5,0,0,65.775,0.070,Stuck,2720,q_table_v7.json,False,45.026,TurnLeftAndAccelerate,cp:5|dist:close|angle:hardRight|speed:cruise|progress:danger|bomb:False|fsm:Racing
618,Bot 10,B10,True,True,322.700,9,8,9,1,1,111.358,0.070,Stuck,2722,q_table_v7.json,False,45.037,AccelerateForward,cp:9|dist:medium|angle:hardLeft|speed:cruise|progress:danger|bomb:False|fsm:Racing
619,Bot 08,B08,True,True,362.650,10,9,10,5,0,118.658,0.069,Stuck,2723,q_table_v7.json,False,45.030,AccelerateForward,cp:10|dist:medium|angle:hardRight|speed:fast|progress:danger|bomb:False|fsm:Recover
