Episode,BotName,BotId,SharedQTable,TotalReward,CheckpointsReached,BestCheckpointIndex,CoinsCollected,BombsHit,Duration,Epsilon,EndReason,LearnedStateCount,QTableFile,NewBest
1,Bot 09,B09,True,68.094,2,1,0,0,25.676,1.000,Stuck,42,q_table_v5.json,True
2,Bot 07,B07,True,64.444,2,1,0,0,26.504,0.995,Stuck,44,q_table_v5.json,False
3,Bot 05,B05,True,65.495,2,1,0,0,29.653,0.990,Stuck,50,q_table_v5.json,False
4,Bot 04,B04,True,110.282,3,2,0,0,50.946,0.985,Stuck,74,q_table_v5.json,True
5,Bot 10,B10,True,213.927,6,5,9,1,51.445,0.980,Stuck,76,q_table_v5.json,True
6,Bot 09,B09,True,69.408,2,1,0,0,26.261,0.975,Stuck,77,q_table_v5.json,False
7,Bot 05,B05,True,70.550,2,1,0,0,25.845,0.970,Stuck,81,q_table_v5.json,False
8,Bot 03,B03,True,241.074,7,6,6,2,70.741,0.966,Stuck,90,q_table_v5.json,True
9,Bot 02,B02,True,215.513,6,5,2,3,72.814,0.961,Stuck,91,q_table_v5.json,False
10,Bot 08,B08,True,326.759,9,8,10,1,76.623,0.956,Stuck,98,q_table_v5.json,True
11,Bot 10,B10,True,71.424,2,1,0,0,25.344,0.951,Stuck,98,q_table_v5.json,False
12,Bot 04,B04,True,65.235,2,1,0,0,28.746,0.946,Stuck,99,q_table_v5.json,False
13,Bot 05,B05,True,74.205,2,1,0,0,29.823,0.942,Stuck,105,q_table_v5.json,False
14,Bot 01,B01,True,391.635,11,10,2,1,90.047,0.937,TimeLimit,110,q_table_v5.json,True
15,Bot 06,B06,True,317.528,9,8,2,2,90.047,0.932,TimeLimit,110,q_table_v5.json,False
16,Bot 07,B07,True,288.045,8,7,2,1,64.619,0.928,Stuck,110,q_table_v5.json,False
17,Bot 02,B02,True,64.436,2,1,0,0,27.092,0.923,Stuck,112,q_table_v5.json,False
18,Bot 03,B03,True,102.418,3,2,0,1,32.473,0.918,Stuck,114,q_table_v5.json,False
19,Bot 04,B04,True,64.262,2,1,0,0,25.762,0.914,Stuck,115,q_table_v5.json,False
20,Bot 05,B05,True,66.959,2,1,0,0,26.427,0.909,Stuck,121,q_table_v5.json,False
21,Bot 09,B09,True,243.311,7,6,6,2,60.967,0.905,Stuck,121,q_table_v5.json,False
22,Bot 07,B07,True,66.949,2,1,0,0,31.396,0.900,Stuck,129,q_table_v5.json,False
23,Bot 08,B08,True,186.718,5,4,0,0,46.394,0.896,Stuck,129,q_table_v5.json,False
24,Bot 02,B02,True,66.508,2,1,0,0,30.568,0.891,Stuck,130,q_table_v5.json,False
25,Bot 04,B04,True,65.492,2,1,0,0,28.247,0.887,Stuck,130,q_table_v5.json,False
26,Bot 05,B05,True,36.610,1,0,0,0,22.452,0.882,Stuck,130,q_table_v5.json,False
27,Bot 01,B01,True,91.574,3,2,2,2,44.898,0.878,Stuck,130,q_table_v5.json,False
28,Bot 09,B09,True,70.187,2,1,0,0,25.934,0.873,Stuck,131,q_table_v5.json,False
29,Bot 06,B06,True,218.598,6,5,6,1,63.209,0.869,Stuck,139,q_table_v5.json,False
30,Bot 08,B08,True,107.554,3,2,0,0,33.137,0.865,Stuck,140,q_table_v5.json,False
31,Bot 05,B05,True,65.888,2,1,0,0,25.265,0.860,Stuck,142,q_table_v5.json,False
32,Bot 02,B02,True,111.026,3,2,0,0,33.867,0.856,Stuck,145,q_table_v5.json,False
33,Bot 07,B07,True,180.790,5,4,0,0,43.580,0.852,Stuck,146,q_table_v5.json,False
34,Bot 10,B10,True,436.583,12,11,2,0,90.046,0.848,TimeLimit,146,q_table_v5.json,True
35,Bot 03,B03,True,284.939,8,7,10,0,70.753,0.843,Stuck,146,q_table_v5.json,False
36,Bot 04,B04,True,96.625,3,2,3,3,44.737,0.839,Stuck,147,q_table_v5.json,False
37,Bot 06,B06,True,67.783,2,1,0,0,25.676,0.835,Stuck,147,q_table_v5.json,False
38,Bot 09,B09,True,221.779,6,5,3,0,47.880,0.831,Stuck,147,q_table_v5.json,False
39,Bot 01,B01,True,174.403,5,4,4,2,52.314,0.827,Stuck,148,q_table_v5.json,False
40,Bot 02,B02,True,101.275,3,2,0,0,30.083,0.822,Stuck,148,q_table_v5.json,False
41,Bot 10,B10,True,99.670,3,2,0,0,33.058,0.818,Stuck,148,q_table_v5.json,False
42,Bot 08,B08,True,95.725,3,2,5,1,46.843,0.814,Stuck,148,q_table_v5.json,False
43,Bot 04,B04,True,69.868,2,1,0,0,27.087,0.810,Stuck,149,q_table_v5.json,False
44,Bot 01,B01,True,65.484,2,1,0,0,26.135,0.806,Stuck,153,q_table_v5.json,False
45,Bot 05,B05,True,252.689,7,6,1,0,54.757,0.802,Stuck,154,q_table_v5.json,False
46,Bot 09,B09,True,75.804,2,1,0,0,27.752,0.798,Stuck,154,q_table_v5.json,False
47,Bot 06,B06,True,139.499,4,3,5,0,41.337,0.794,Stuck,155,q_table_v5.json,False
48,Bot 07,B07,True,170.003,5,4,4,4,58.234,0.790,Stuck,155,q_table_v5.json,False
49,Bot 10,B10,True,69.314,2,1,0,1,28.248,0.786,Stuck,156,q_table_v5.json,False
50,Bot 04,B04,True,65.614,2,1,0,0,26.514,0.782,Stuck,156,q_table_v5.json,False
51,Bot 02,B02,True,102.618,3,2,0,0,39.022,0.778,Stuck,156,q_table_v5.json,False
52,Bot 01,B01,True,67.909,2,1,0,0,26.177,0.774,Stuck,158,q_table_v5.json,False
53,Bot 03,B03,True,253.541,7,6,11,0,69.083,0.771,Stuck,159,q_table_v5.json,False
54,Bot 09,B09,True,64.806,2,1,0,0,29.989,0.767,Stuck,159,q_table_v5.json,False
55,Bot 06,B06,True,69.540,2,1,0,0,25.763,0.763,Stuck,159,q_table_v5.json,False
56,Bot 10,B10,True,68.119,2,1,0,0,28.413,0.759,Stuck,159,q_table_v5.json,False
57,Bot 07,B07,True,102.239,3,2,0,0,32.719,0.755,Stuck,159,q_table_v5.json,False
58,Bot 08,B08,True,328.783,9,8,2,0,56.294,0.751,Stuck,160,q_table_v5.json,False
59,Bot 02,B02,True,68.639,2,1,0,0,27.917,0.748,Stuck,160,q_table_v5.json,False
60,Bot 04,B04,True,64.897,2,1,0,0,29.823,0.744,Stuck,160,q_table_v5.json,False
61,Bot 03,B03,True,31.200,1,0,0,0,22.618,0.740,Stuck,161,q_table_v5.json,False
62,Bot 06,B06,True,67.069,2,1,0,0,25.685,0.737,Stuck,161,q_table_v5.json,False
63,Bot 05,B05,True,327.210,9,8,5,0,69.423,0.733,Stuck,161,q_table_v5.json,False
64,Bot 07,B07,True,67.865,2,1,2,0,28.332,0.729,Stuck,161,q_table_v5.json,False
65,Bot 01,B01,True,221.107,6,5,5,1,51.532,0.726,Stuck,162,q_table_v5.json,False
66,Bot 08,B08,True,66.170,2,1,0,0,32.058,0.722,Stuck,162,q_table_v5.json,False
67,Bot 02,B02,True,70.643,2,1,0,0,30.069,0.718,Stuck,162,q_table_v5.json,False
68,Bot 03,B03,True,68.413,2,1,0,0,27.418,0.715,Stuck,162,q_table_v5.json,False
69,Bot 10,B10,True,98.769,3,2,2,1,37.117,0.711,Stuck,162,q_table_v5.json,False
70,Bot 09,B09,True,226.737,6,5,6,0,51.943,0.708,Stuck,162,q_table_v5.json,False
71,Bot 05,B05,True,65.891,2,1,0,0,26.593,0.704,Stuck,163,q_table_v5.json,False
72,Bot 04,B04,True,221.242,6,5,5,0,54.505,0.701,Stuck,164,q_table_v5.json,False
73,Bot 07,B07,True,106.623,3,2,0,0,32.312,0.697,Stuck,164,q_table_v5.json,False
74,Bot 08,B08,True,72.604,2,1,0,0,27.342,0.694,Stuck,165,q_table_v5.json,False
75,Bot 02,B02,True,67.191,2,1,0,0,27.756,0.690,Stuck,165,q_table_v5.json,False
76,Bot 10,B10,True,67.414,2,1,1,1,26.921,0.687,Stuck,165,q_table_v5.json,False
77,Bot 01,B01,True,150.608,4,3,0,0,33.550,0.683,Stuck,165,q_table_v5.json,False
78,Bot 09,B09,True,66.474,2,1,0,0,29.827,0.680,Stuck,165,q_table_v5.json,False
79,Bot 03,B03,True,224.967,6,5,5,0,46.725,0.676,Stuck,165,q_table_v5.json,False
80,Bot 04,B04,True,68.529,2,1,0,0,25.267,0.673,Stuck,166,q_table_v5.json,False
81,Bot 06,B06,True,324.899,9,8,3,0,72.732,0.670,Stuck,166,q_table_v5.json,False
82,Bot 10,B10,True,72.002,2,1,0,0,26.756,0.666,Stuck,167,q_table_v5.json,False
83,Bot 07,B07,True,65.209,2,1,2,2,31.395,0.663,Stuck,167,q_table_v5.json,False
84,Bot 02,B02,True,68.065,2,1,0,0,29.992,0.660,Stuck,167,q_table_v5.json,False
85,Bot 05,B05,True,220.867,6,5,9,0,44.566,0.656,Stuck,168,q_table_v5.json,False
86,Bot 04,B04,True,73.897,2,1,0,0,27.006,0.653,Stuck,168,q_table_v5.json,False
87,Bot 03,B03,True,70.896,2,1,0,0,30.153,0.650,Stuck,168,q_table_v5.json,False
88,Bot 06,B06,True,70.209,2,1,0,0,27.255,0.647,Stuck,168,q_table_v5.json,False
89,Bot 10,B10,True,64.847,2,1,0,0,26.427,0.643,Stuck,168,q_table_v5.json,False
90,Bot 01,B01,True,320.894,9,8,2,0,52.933,0.640,Stuck,168,q_table_v5.json,False
91,Bot 09,B09,True,214.079,6,5,1,2,51.770,0.637,Stuck,168,q_table_v5.json,False
92,Bot 02,B02,True,66.453,2,1,0,0,28.989,0.634,Stuck,168,q_table_v5.json,False
93,Bot 08,B08,True,220.758,6,5,5,0,59.559,0.631,Stuck,168,q_table_v5.json,False
94,Bot 07,B07,True,103.859,3,2,0,0,34.298,0.627,Stuck,168,q_table_v5.json,False
95,Bot 05,B05,True,67.702,2,1,0,0,28.999,0.624,Stuck,168,q_table_v5.json,False
96,Bot 06,B06,True,74.257,2,1,0,0,26.347,0.621,Stuck,168,q_table_v5.json,False
97,Bot 04,B04,True,71.867,2,1,0,0,30.567,0.618,Stuck,168,q_table_v5.json,False
98,Bot 10,B10,True,72.644,2,1,0,0,27.089,0.615,Stuck,168,q_table_v5.json,False
99,Bot 02,B02,True,70.281,2,1,0,0,26.427,0.612,Stuck,168,q_table_v5.json,False
100,Bot 05,B05,True,69.423,2,1,0,0,29.322,0.609,Stuck,168,q_table_v5.json,False
101,Bot 03,B03,True,222.110,6,5,2,0,45.731,0.606,Stuck,168,q_table_v5.json,False
102,Bot 01,B01,True,222.813,6,5,1,0,44.488,0.603,Stuck,168,q_table_v5.json,False
103,Bot 09,B09,True,225.515,6,5,3,0,47.471,0.600,Stuck,168,q_table_v5.json,False
104,Bot 10,B10,True,67.799,2,1,0,0,25.268,0.597,Stuck,168,q_table_v5.json,False
105,Bot 07,B07,True,253.199,7,6,1,0,47.384,0.594,Stuck,168,q_table_v5.json,False
106,Bot 02,B02,True,69.268,2,1,0,0,27.260,0.591,Stuck,168,q_table_v5.json,False
107,Bot 08,B08,True,293.491,8,7,7,0,54.923,0.588,Stuck,168,q_table_v5.json,False
108,Bot 06,B06,True,228.637,6,5,4,0,47.135,0.585,Stuck,168,q_table_v5.json,False
109,Bot 01,B01,True,71.333,2,1,0,0,26.591,0.582,Stuck,168,q_table_v5.json,False
110,Bot 07,B07,True,66.829,2,1,0,0,26.428,0.579,Stuck,168,q_table_v5.json,False
111,Bot 04,B04,True,247.611,7,6,4,2,63.547,0.576,Stuck,168,q_table_v5.json,False
112,Bot 10,B10,True,181.332,5,4,5,0,39.434,0.573,Stuck,168,q_table_v5.json,False
113,Bot 06,B06,True,69.230,2,1,0,0,25.267,0.570,Stuck,168,q_table_v5.json,False
114,Bot 03,B03,True,181.284,5,4,5,1,57.820,0.568,Stuck,168,q_table_v5.json,False
115,Bot 01,B01,True,67.864,2,1,0,0,26.674,0.565,Stuck,168,q_table_v5.json,False
116,Bot 05,B05,True,215.813,6,5,2,0,62.214,0.562,Stuck,168,q_table_v5.json,False
117,Bot 09,B09,True,225.351,6,5,4,1,55.423,0.559,Stuck,168,q_table_v5.json,False
118,Bot 04,B04,True,68.110,2,1,0,0,26.424,0.556,Stuck,168,q_table_v5.json,False
119,Bot 08,B08,True,249.387,7,6,0,2,57.326,0.554,Stuck,168,q_table_v5.json,False
120,Bot 10,B10,True,71.253,2,1,0,0,25.265,0.551,Stuck,168,q_table_v5.json,False
121,Bot 02,B02,True,217.792,6,5,2,1,62.041,0.548,Stuck,168,q_table_v5.json,False
122,Bot 03,B03,True,62.197,2,1,0,1,26.180,0.545,Stuck,168,q_table_v5.json,False
123,Bot 07,B07,True,221.234,6,5,2,0,51.773,0.543,Stuck,168,q_table_v5.json,False
124,Bot 04,B04,True,68.702,2,1,0,0,26.100,0.540,Stuck,168,q_table_v5.json,False
125,Bot 10,B10,True,69.384,2,1,0,0,25.266,0.537,Stuck,168,q_table_v5.json,False
126,Bot 05,B05,True,177.782,5,4,1,0,40.841,0.534,Stuck,168,q_table_v5.json,False
127,Bot 01,B01,True,213.868,6,5,3,1,46.314,0.532,Stuck,169,q_table_v5.json,False
128,Bot 06,B06,True,224.160,6,5,7,0,51.445,0.529,Stuck,169,q_table_v5.json,False
129,Bot 03,B03,True,71.856,2,1,0,0,27.421,0.526,Stuck,169,q_table_v5.json,False
130,Bot 09,B09,True,136.937,4,3,0,0,47.215,0.524,Stuck,169,q_table_v5.json,False
131,Bot 07,B07,True,73.046,2,1,0,0,25.769,0.521,Stuck,170,q_table_v5.json,False
132,Bot 08,B08,True,251.729,7,6,1,0,44.571,0.519,Stuck,170,q_table_v5.json,False
133,Bot 05,B05,True,34.019,1,0,0,0,22.616,0.516,Stuck,170,q_table_v5.json,False
134,Bot 10,B10,True,65.512,2,1,0,0,26.762,0.513,Stuck,171,q_table_v5.json,False
135,Bot 01,B01,True,35.676,1,0,0,0,23.356,0.511,Stuck,171,q_table_v5.json,False
136,Bot 02,B02,True,215.466,6,5,1,2,54.761,0.508,Stuck,171,q_table_v5.json,False
137,Bot 06,B06,True,68.925,2,1,0,0,27.421,0.506,Stuck,171,q_table_v5.json,False
138,Bot 09,B09,True,75.525,2,1,0,0,25.348,0.503,Stuck,171,q_table_v5.json,False
139,Bot 07,B07,True,72.486,2,1,0,0,26.920,0.501,Stuck,171,q_table_v5.json,False
140,Bot 05,B05,True,69.186,2,1,0,0,25.597,0.498,Stuck,171,q_table_v5.json,False
141,Bot 08,B08,True,102.915,3,2,0,0,31.808,0.496,Stuck,171,q_table_v5.json,False
142,Bot 10,B10,True,67.306,2,1,0,0,27.833,0.493,Stuck,171,q_table_v5.json,False
143,Bot 04,B04,True,182.706,5,4,0,0,55.743,0.491,Stuck,171,q_table_v5.json,False
144,Bot 02,B02,True,66.854,2,1,0,0,27.502,0.488,Stuck,171,q_table_v5.json,False
145,Bot 09,B09,True,69.944,2,1,0,0,25.268,0.486,Stuck,171,q_table_v5.json,False
146,Bot 01,B01,True,185.549,5,4,5,1,41.338,0.483,Stuck,172,q_table_v5.json,False
147,Bot 03,B03,True,224.420,6,5,3,0,65.608,0.481,Stuck,173,q_table_v5.json,False
148,Bot 04,B04,True,38.222,1,0,0,0,22.698,0.479,Stuck,174,q_table_v5.json,False
149,Bot 06,B06,True,183.391,5,4,8,0,45.146,0.476,Stuck,174,q_table_v5.json,False
150,Bot 07,B07,True,155.527,4,3,0,0,35.706,0.474,Stuck,176,q_table_v5.json,False
151,Bot 05,B05,True,182.341,5,4,2,0,43.410,0.471,Stuck,176,q_table_v5.json,False
152,Bot 09,B09,True,109.413,3,2,0,0,33.305,0.469,Stuck,176,q_table_v5.json,False
153,Bot 08,B08,True,224.727,6,5,1,1,45.398,0.467,Stuck,176,q_table_v5.json,False
154,Bot 01,B01,True,60.123,2,1,1,4,27.756,0.464,Stuck,176,q_table_v5.json,False
155,Bot 10,B10,True,220.039,6,5,1,0,44.572,0.462,Stuck,176,q_table_v5.json,False
156,Bot 04,B04,True,71.145,2,1,0,0,27.753,0.460,Stuck,176,q_table_v5.json,False
157,Bot 03,B03,True,69.721,2,1,0,0,29.244,0.458,Stuck,176,q_table_v5.json,False
158,Bot 07,B07,True,67.724,2,1,0,0,25.181,0.455,Stuck,176,q_table_v5.json,False
159,Bot 06,B06,True,56.369,2,1,4,5,28.665,0.453,Stuck,176,q_table_v5.json,False
160,Bot 05,B05,True,66.268,2,1,0,0,25.681,0.451,Stuck,177,q_table_v5.json,False
161,Bot 08,B08,True,66.670,2,1,0,0,26.596,0.448,Stuck,177,q_table_v5.json,False
162,Bot 09,B09,True,68.636,2,1,0,0,27.502,0.446,Stuck,177,q_table_v5.json,False
163,Bot 01,B01,True,71.476,2,1,0,0,26.093,0.444,Stuck,177,q_table_v5.json,False
164,Bot 02,B02,True,321.486,9,8,1,1,71.573,0.442,Stuck,177,q_table_v5.json,False
165,Bot 04,B04,True,69.748,2,1,0,0,27.005,0.440,Stuck,177,q_table_v5.json,False
166,Bot 06,B06,True,69.282,2,1,0,0,25.432,0.437,Stuck,177,q_table_v5.json,False
167,Bot 07,B07,True,100.148,3,2,0,0,31.235,0.435,Stuck,177,q_table_v5.json,False
168,Bot 10,B10,True,221.831,6,5,6,1,42.991,0.433,Stuck,179,q_table_v5.json,False
169,Bot 09,B09,True,66.960,2,1,0,0,25.266,0.431,Stuck,179,q_table_v5.json,False
170,Bot 03,B03,True,218.981,6,5,6,0,45.235,0.429,Stuck,179,q_table_v5.json,False
171,Bot 01,B01,True,68.618,2,1,0,0,28.911,0.427,Stuck,179,q_table_v5.json,False
172,Bot 06,B06,True,66.728,2,1,0,0,25.763,0.424,Stuck,179,q_table_v5.json,False
173,Bot 02,B02,True,68.082,2,1,0,0,27.757,0.422,Stuck,179,q_table_v5.json,False
174,Bot 04,B04,True,65.355,2,1,0,0,28.912,0.420,Stuck,179,q_table_v5.json,False
175,Bot 07,B07,True,68.513,2,1,0,0,25.349,0.418,Stuck,179,q_table_v5.json,False
176,Bot 10,B10,True,67.534,2,1,0,0,25.848,0.416,Stuck,179,q_table_v5.json,False
177,Bot 08,B08,True,251.072,7,6,2,0,46.636,0.414,Stuck,179,q_table_v5.json,False
178,Bot 03,B03,True,71.692,2,1,0,0,25.266,0.412,Stuck,179,q_table_v5.json,False
179,Bot 01,B01,True,68.964,2,1,0,0,25.265,0.410,Stuck,179,q_table_v5.json,False
180,Bot 09,B09,True,104.821,3,2,0,0,33.963,0.408,Stuck,179,q_table_v5.json,False
181,Bot 06,B06,True,67.994,2,1,1,0,25.265,0.406,Stuck,179,q_table_v5.json,False
182,Bot 05,B05,True,319.460,9,8,5,0,67.516,0.404,Stuck,179,q_table_v5.json,False
183,Bot 02,B02,True,66.950,2,1,0,0,27.581,0.402,Stuck,180,q_table_v5.json,False
184,Bot 04,B04,True,66.736,2,1,0,0,26.430,0.400,Stuck,180,q_table_v5.json,False
185,Bot 07,B07,True,68.037,2,1,0,0,29.327,0.398,Stuck,180,q_table_v5.json,False
186,Bot 10,B10,True,72.116,2,1,0,0,25.184,0.396,Stuck,180,q_table_v5.json,False
187,Bot 08,B08,True,68.807,2,1,0,0,25.266,0.394,Stuck,180,q_table_v5.json,False
188,Bot 03,B03,True,65.725,2,1,0,0,28.166,0.392,Stuck,180,q_table_v5.json,False
189,Bot 01,B01,True,106.411,3,2,0,0,30.403,0.390,Stuck,180,q_table_v5.json,False
190,Bot 06,B06,True,65.319,2,1,0,0,26.511,0.388,Stuck,180,q_table_v5.json,False
191,Bot 05,B05,True,72.891,2,1,0,0,25.930,0.386,Stuck,180,q_table_v5.json,False
192,Bot 09,B09,True,71.302,2,1,0,0,28.335,0.384,Stuck,180,q_table_v5.json,False
193,Bot 04,B04,True,69.724,2,1,0,0,28.080,0.382,Stuck,180,q_table_v5.json,False
194,Bot 02,B02,True,70.686,2,1,0,0,29.909,0.380,Stuck,180,q_table_v5.json,False
195,Bot 10,B10,True,70.263,2,1,3,0,25.682,0.378,Stuck,180,q_table_v5.json,False
196,Bot 08,B08,True,66.151,2,1,1,0,25.268,0.376,Stuck,180,q_table_v5.json,False
197,Bot 03,B03,True,68.508,2,1,0,0,26.588,0.374,Stuck,180,q_table_v5.json,False
198,Bot 01,B01,True,70.611,2,1,0,0,25.597,0.373,Stuck,180,q_table_v5.json,False
199,Bot 07,B07,True,221.334,6,5,0,0,43.324,0.371,Stuck,180,q_table_v5.json,False
200,Bot 05,B05,True,65.048,2,1,0,0,25.265,0.369,Stuck,180,q_table_v5.json,False
201,Bot 09,B09,True,70.601,2,1,1,0,25.264,0.367,Stuck,180,q_table_v5.json,False
202,Bot 06,B06,True,69.411,2,1,0,0,27.589,0.365,Stuck,180,q_table_v5.json,False
203,Bot 04,B04,True,66.786,2,1,0,0,26.514,0.363,Stuck,180,q_table_v5.json,False
204,Bot 02,B02,True,69.447,2,1,0,0,25.761,0.361,Stuck,180,q_table_v5.json,False
205,Bot 08,B08,True,34.552,1,0,0,0,23.035,0.360,Stuck,180,q_table_v5.json,False
206,Bot 01,B01,True,72.369,2,1,0,0,25.272,0.358,Stuck,182,q_table_v5.json,False
207,Bot 10,B10,True,178.623,5,4,5,0,41.832,0.356,Stuck,182,q_table_v5.json,False
208,Bot 05,B05,True,69.652,2,1,0,0,25.268,0.354,Stuck,182,q_table_v5.json,False
209,Bot 09,B09,True,100.738,3,2,0,0,31.065,0.353,Stuck,182,q_table_v5.json,False
210,Bot 07,B07,True,101.914,3,2,0,0,31.728,0.351,Stuck,182,q_table_v5.json,False
211,Bot 02,B02,True,67.546,2,1,0,0,25.681,0.349,Stuck,182,q_table_v5.json,False
212,Bot 04,B04,True,67.430,2,1,0,0,26.673,0.347,Stuck,182,q_table_v5.json,False
213,Bot 08,B08,True,111.984,3,2,0,0,29.989,0.346,Stuck,182,q_table_v5.json,False
214,Bot 03,B03,True,220.645,6,5,6,0,45.069,0.344,Stuck,182,q_table_v5.json,False
215,Bot 06,B06,True,176.967,5,4,2,2,50.037,0.342,Stuck,182,q_table_v5.json,False
216,Bot 01,B01,True,102.731,3,2,3,0,29.986,0.340,Stuck,182,q_table_v5.json,False
217,Bot 02,B02,True,70.385,2,1,0,0,25.271,0.339,Stuck,182,q_table_v5.json,False
218,Bot 07,B07,True,104.102,3,2,0,0,29.910,0.337,Stuck,182,q_table_v5.json,False
219,Bot 04,B04,True,143.047,4,3,0,0,35.788,0.335,Stuck,183,q_table_v5.json,False
220,Bot 05,B05,True,219.751,6,5,4,0,45.894,0.334,Stuck,183,q_table_v5.json,False
221,Bot 10,B10,True,251.908,7,6,1,0,51.364,0.332,Stuck,183,q_table_v5.json,False
222,Bot 03,B03,True,179.091,5,4,0,1,44.069,0.330,Stuck,183,q_table_v5.json,False
223,Bot 09,B09,True,208.656,6,5,2,2,54.180,0.329,Stuck,183,q_table_v5.json,False
224,Bot 08,B08,True,136.114,4,3,0,3,50.444,0.327,Stuck,183,q_table_v5.json,False
225,Bot 07,B07,True,72.245,2,1,0,0,26.588,0.325,Stuck,183,q_table_v5.json,False
226,Bot 04,B04,True,66.400,2,1,0,0,27.916,0.324,Stuck,184,q_table_v5.json,False
227,Bot 02,B02,True,218.101,6,5,1,0,40.090,0.322,Stuck,184,q_table_v5.json,False
228,Bot 01,B01,True,220.733,6,5,1,0,46.806,0.321,Stuck,184,q_table_v5.json,False
229,Bot 06,B06,True,325.074,9,8,4,1,56.990,0.319,Stuck,184,q_table_v5.json,False
230,Bot 03,B03,True,66.085,2,1,0,0,25.270,0.317,Stuck,184,q_table_v5.json,False
231,Bot 08,B08,True,68.990,2,1,0,0,28.001,0.316,Stuck,184,q_table_v5.json,False
232,Bot 07,B07,True,67.494,2,1,0,0,28.416,0.314,Stuck,184,q_table_v5.json,False
233,Bot 05,B05,True,182.306,5,4,0,0,50.370,0.313,Stuck,184,q_table_v5.json,False
234,Bot 09,B09,True,141.426,4,3,3,0,36.946,0.311,Stuck,184,q_table_v5.json,False
235,Bot 04,B04,True,69.283,2,1,0,0,26.345,0.309,Stuck,184,q_table_v5.json,False
236,Bot 02,B02,True,65.516,2,1,0,0,25.763,0.308,Stuck,184,q_table_v5.json,False
237,Bot 10,B10,True,218.630,6,5,1,0,49.289,0.306,Stuck,184,q_table_v5.json,False
238,Bot 01,B01,True,68.014,2,1,0,0,25.285,0.305,Stuck,184,q_table_v5.json,False
239,Bot 03,B03,True,63.950,2,1,0,0,25.264,0.303,Stuck,184,q_table_v5.json,False
240,Bot 07,B07,True,32.945,1,0,0,0,22.702,0.302,Stuck,185,q_table_v5.json,False
241,Bot 08,B08,True,71.076,2,1,0,0,25.597,0.300,Stuck,185,q_table_v5.json,False
242,Bot 02,B02,True,68.871,2,1,0,0,26.179,0.299,Stuck,185,q_table_v5.json,False
243,Bot 04,B04,True,66.730,2,1,0,0,26.774,0.297,Stuck,185,q_table_v5.json,False
244,Bot 01,B01,True,67.703,2,1,0,0,25.246,0.296,Stuck,185,q_table_v5.json,False
245,Bot 05,B05,True,67.871,2,1,0,0,29.241,0.294,Stuck,185,q_table_v5.json,False
246,Bot 10,B10,True,67.694,2,1,0,0,25.632,0.293,Stuck,185,q_table_v5.json,False
247,Bot 06,B06,True,178.823,5,4,4,0,52.107,0.291,Stuck,185,q_table_v5.json,False
248,Bot 09,B09,True,181.883,5,4,1,0,40.592,0.290,Stuck,185,q_table_v5.json,False
249,Bot 08,B08,True,71.815,2,1,0,0,25.268,0.288,Stuck,185,q_table_v5.json,False
250,Bot 03,B03,True,142.337,4,3,4,0,38.273,0.287,Stuck,185,q_table_v5.json,False
251,Bot 04,B04,True,72.338,2,1,0,0,25.249,0.286,Stuck,185,q_table_v5.json,False
252,Bot 01,B01,True,65.346,2,1,0,0,25.266,0.284,Stuck,185,q_table_v5.json,False
253,Bot 05,B05,True,70.625,2,1,0,0,25.266,0.283,Stuck,185,q_table_v5.json,False
254,Bot 10,B10,True,67.535,2,1,0,0,25.248,0.281,Stuck,185,q_table_v5.json,False
255,Bot 02,B02,True,71.530,2,1,0,0,28.084,0.280,Stuck,185,q_table_v5.json,False
256,Bot 07,B07,True,248.218,7,6,0,0,41.250,0.279,Stuck,185,q_table_v5.json,False
257,Bot 06,B06,True,63.758,2,1,0,0,25.267,0.277,Stuck,185,q_table_v5.json,False
258,Bot 09,B09,True,80.117,2,1,0,0,28.335,0.276,Stuck,186,q_table_v5.json,False
259,Bot 08,B08,True,103.636,3,2,3,0,31.068,0.274,Stuck,186,q_table_v5.json,False
260,Bot 04,B04,True,73.339,2,1,0,0,25.273,0.273,Stuck,186,q_table_v5.json,False
261,Bot 01,B01,True,75.972,2,1,0,0,25.934,0.272,Stuck,186,q_table_v5.json,False
262,Bot 03,B03,True,98.316,3,2,0,0,29.577,0.270,Stuck,186,q_table_v5.json,False
263,Bot 05,B05,True,104.274,3,2,0,0,29.574,0.269,Stuck,186,q_table_v5.json,False
264,Bot 10,B10,True,108.674,3,2,0,0,31.298,0.268,Stuck,186,q_table_v5.json,False
265,Bot 02,B02,True,216.609,6,5,3,0,42.748,0.266,Stuck,186,q_table_v5.json,False
266,Bot 09,B09,True,100.634,3,2,0,0,29.243,0.265,Stuck,186,q_table_v5.json,False
267,Bot 08,B08,True,67.326,2,1,0,0,26.588,0.264,Stuck,186,q_table_v5.json,False
268,Bot 04,B04,True,69.864,2,1,0,0,25.261,0.262,Stuck,186,q_table_v5.json,False
269,Bot 06,B06,True,215.809,6,5,2,0,40.260,0.261,Stuck,186,q_table_v5.json,False
270,Bot 05,B05,True,68.320,2,1,0,0,25.268,0.260,Stuck,186,q_table_v5.json,False
271,Bot 07,B07,True,224.820,6,5,5,1,64.703,0.258,Stuck,186,q_table_v5.json,False
272,Bot 03,B03,True,219.624,6,5,3,0,44.979,0.257,Stuck,187,q_table_v5.json,False
273,Bot 08,B08,True,66.781,2,1,0,0,25.268,0.256,Stuck,187,q_table_v5.json,False
274,Bot 01,B01,True,223.702,6,5,0,0,48.376,0.255,Stuck,187,q_table_v5.json,False
275,Bot 02,B02,True,193.301,5,4,2,0,38.354,0.253,Stuck,188,q_table_v5.json,False
276,Bot 10,B10,True,215.696,6,5,1,1,52.275,0.252,Stuck,188,q_table_v5.json,False
277,Bot 09,B09,True,221.444,6,5,1,0,45.314,0.251,Stuck,188,q_table_v5.json,False
278,Bot 04,B04,True,221.458,6,5,3,0,41.336,0.250,Stuck,188,q_table_v5.json,False
279,Bot 06,B06,True,220.303,6,5,1,0,43.165,0.250,Stuck,188,q_table_v5.json,False
280,Bot 03,B03,True,67.323,2,1,0,0,25.273,0.250,Stuck,189,q_table_v5.json,False
281,Bot 05,B05,True,225.983,6,5,1,0,47.037,0.250,Stuck,189,q_table_v5.json,False
282,Bot 07,B07,True,143.374,4,3,0,0,33.817,0.250,Stuck,189,q_table_v5.json,False
283,Bot 10,B10,True,104.049,3,2,0,0,30.153,0.250,Stuck,189,q_table_v5.json,False
284,Bot 08,B08,True,217.236,6,5,2,1,49.541,0.250,Stuck,189,q_table_v5.json,False
285,Bot 01,B01,True,221.774,6,5,0,0,48.380,0.250,Stuck,189,q_table_v5.json,False
286,Bot 04,B04,True,191.868,5,4,0,0,38.438,0.250,Stuck,189,q_table_v5.json,False
287,Bot 09,B09,True,220.874,6,5,1,0,39.845,0.250,Stuck,189,q_table_v5.json,False
288,Bot 02,B02,True,221.645,6,5,6,0,50.199,0.250,Stuck,189,q_table_v5.json,False
289,Bot 06,B06,True,225.546,6,5,0,0,41.254,0.250,Stuck,191,q_table_v5.json,False
290,Bot 03,B03,True,176.821,5,4,1,0,39.015,0.250,Stuck,191,q_table_v5.json,False
291,Bot 05,B05,True,135.083,4,3,0,1,40.693,0.250,Stuck,191,q_table_v5.json,False
292,Bot 07,B07,True,224.115,6,5,0,0,44.675,0.250,Stuck,191,q_table_v5.json,False
293,Bot 01,B01,True,67.675,2,1,0,0,25.268,0.250,Stuck,191,q_table_v5.json,False
294,Bot 10,B10,True,182.449,5,4,0,0,38.773,0.250,Stuck,191,q_table_v5.json,False
295,Bot 04,B04,True,99.533,3,2,0,0,30.987,0.250,Stuck,191,q_table_v5.json,False
296,Bot 06,B06,True,67.551,2,1,0,0,26.017,0.250,Stuck,191,q_table_v5.json,False
297,Bot 08,B08,True,184.777,5,4,3,0,38.685,0.250,Stuck,191,q_table_v5.json,False
298,Bot 02,B02,True,100.148,3,2,0,0,31.069,0.250,Stuck,191,q_table_v5.json,False
299,Bot 09,B09,True,262.075,7,6,1,0,42.414,0.250,Stuck,191,q_table_v5.json,False
300,Bot 05,B05,True,99.961,3,2,0,0,32.144,0.250,Stuck,191,q_table_v5.json,False
301,Bot 07,B07,True,105.557,3,2,0,0,28.535,0.250,Stuck,191,q_table_v5.json,False
302,Bot 03,B03,True,216.569,6,5,3,0,40.176,0.250,Stuck,191,q_table_v5.json,False
303,Bot 01,B01,True,94.221,3,2,5,2,40.182,0.250,Stuck,191,q_table_v5.json,False
304,Bot 10,B10,True,215.835,6,5,2,2,50.862,0.250,Stuck,191,q_table_v5.json,False
305,Bot 08,B08,True,220.209,6,5,2,0,44.155,0.250,Stuck,191,q_table_v5.json,False
306,Bot 06,B06,True,221.280,6,5,0,1,49.040,0.250,Stuck,191,q_table_v5.json,False
307,Bot 07,B07,True,137.125,4,3,2,0,36.950,0.250,Stuck,191,q_table_v5.json,False
308,Bot 02,B02,True,175.014,5,4,4,0,49.620,0.250,Stuck,191,q_table_v5.json,False
309,Bot 03,B03,True,136.528,4,3,0,0,39.020,0.250,Stuck,191,q_table_v5.json,False
310,Bot 09,B09,True,225.792,6,5,2,0,45.233,0.250,Stuck,191,q_table_v5.json,False
311,Bot 04,B04,True,248.143,7,6,0,2,61.465,0.250,Stuck,191,q_table_v5.json,False
312,Bot 01,B01,True,224.161,6,5,1,0,41.167,0.250,Stuck,191,q_table_v5.json,False
313,Bot 05,B05,True,222.306,6,5,1,0,57.076,0.250,Stuck,191,q_table_v5.json,False
314,Bot 03,B03,True,67.816,2,1,0,0,25.266,0.250,Stuck,191,q_table_v5.json,False
315,Bot 07,B07,True,100.723,3,2,0,0,32.391,0.250,Stuck,191,q_table_v5.json,False
316,Bot 02,B02,True,139.421,4,3,0,0,34.296,0.250,Stuck,191,q_table_v5.json,False
317,Bot 10,B10,True,253.421,7,6,1,0,44.486,0.250,Stuck,191,q_table_v5.json,False
318,Bot 06,B06,True,181.956,5,4,4,0,39.765,0.250,Stuck,191,q_table_v5.json,False
319,Bot 08,B08,True,251.563,7,6,3,0,44.651,0.250,Stuck,191,q_table_v5.json,False
320,Bot 09,B09,True,225.585,6,5,0,0,42.829,0.250,Stuck,191,q_table_v5.json,False
321,Bot 01,B01,True,138.047,4,3,0,0,35.214,0.250,Stuck,191,q_table_v5.json,False
322,Bot 04,B04,True,220.431,6,5,2,0,45.067,0.250,Stuck,191,q_table_v5.json,False
323,Bot 05,B05,True,180.304,5,4,1,1,42.911,0.250,Stuck,191,q_table_v5.json,False
324,Bot 03,B03,True,223.237,6,5,1,0,40.263,0.250,Stuck,191,q_table_v5.json,False
325,Bot 07,B07,True,138.927,4,3,0,0,36.118,0.250,Stuck,191,q_table_v5.json,False
326,Bot 06,B06,True,144.258,4,3,0,0,33.632,0.250,Stuck,191,q_table_v5.json,False
327,Bot 10,B10,True,141.843,4,3,3,0,35.870,0.250,Stuck,191,q_table_v5.json,False
328,Bot 02,B02,True,254.051,7,6,0,0,44.072,0.250,Stuck,192,q_table_v5.json,False
329,Bot 08,B08,True,192.348,5,4,5,1,42.914,0.250,Stuck,192,q_table_v5.json,False
330,Bot 09,B09,True,178.162,5,4,1,0,39.187,0.250,Stuck,192,q_table_v5.json,False
331,Bot 01,B01,True,178.759,5,4,0,0,39.097,0.250,Stuck,192,q_table_v5.json,False
332,Bot 04,B04,True,182.282,5,4,1,0,41.089,0.250,Stuck,192,q_table_v5.json,False
333,Bot 07,B07,True,140.553,4,3,1,0,32.971,0.250,Stuck,192,q_table_v5.json,False
334,Bot 10,B10,True,102.878,3,2,0,0,31.483,0.250,Stuck,192,q_table_v5.json,False
335,Bot 06,B06,True,99.728,3,2,0,0,34.045,0.250,Stuck,193,q_table_v5.json,False
336,Bot 05,B05,True,223.213,6,5,2,0,42.830,0.250,Stuck,194,q_table_v5.json,False
337,Bot 02,B02,True,68.540,2,1,0,0,26.591,0.250,Stuck,194,q_table_v5.json,False
338,Bot 08,B08,True,68.151,2,1,0,0,26.093,0.250,Stuck,194,q_table_v5.json,False
339,Bot 09,B09,True,66.989,2,1,1,0,26.588,0.250,Stuck,194,q_table_v5.json,False
340,Bot 03,B03,True,214.636,6,5,2,2,51.444,0.250,Stuck,194,q_table_v5.json,False
341,Bot 05,B05,True,65.763,2,1,0,0,25.348,0.250,Stuck,194,q_table_v5.json,False
342,Bot 02,B02,True,67.911,2,1,0,0,25.268,0.250,Stuck,194,q_table_v5.json,False
343,Bot 01,B01,True,189.060,5,4,5,1,41.353,0.250,Stuck,194,q_table_v5.json,False
344,Bot 04,B04,True,141.404,4,3,1,0,39.678,0.250,Stuck,195,q_table_v5.json,False
345,Bot 09,B09,True,65.107,2,1,0,0,26.344,0.250,Stuck,196,q_table_v5.json,False
346,Bot 07,B07,True,190.431,5,4,0,0,40.677,0.250,Stuck,196,q_table_v5.json,False
347,Bot 08,B08,True,102.104,3,2,1,1,36.617,0.250,Stuck,196,q_table_v5.json,False
348,Bot 06,B06,True,186.182,5,4,0,1,38.771,0.250,Stuck,196,q_table_v5.json,False
349,Bot 03,B03,True,68.369,2,1,0,0,25.266,0.250,Stuck,196,q_table_v5.json,False
350,Bot 05,B05,True,68.537,2,1,1,0,26.594,0.250,Stuck,196,q_table_v5.json,False
351,Bot 01,B01,True,67.692,2,1,0,0,25.254,0.250,Stuck,196,q_table_v5.json,False
352,Bot 04,B04,True,64.640,2,1,3,0,25.268,0.250,Stuck,196,q_table_v5.json,False
353,Bot 10,B10,True,221.152,6,5,3,1,58.236,0.250,Stuck,196,q_table_v5.json,False
354,Bot 02,B02,True,139.263,4,3,2,0,35.956,0.250,Stuck,196,q_table_v5.json,False
355,Bot 07,B07,True,68.591,2,1,0,0,25.268,0.250,Stuck,196,q_table_v5.json,False
356,Bot 06,B06,True,70.662,2,1,0,0,25.268,0.250,Stuck,196,q_table_v5.json,False
357,Bot 03,B03,True,70.428,2,1,2,0,25.183,0.250,Stuck,196,q_table_v5.json,False
358,Bot 05,B05,True,66.715,2,1,0,0,25.266,0.250,Stuck,196,q_table_v5.json,False
359,Bot 01,B01,True,69.019,2,1,0,0,26.008,0.250,Stuck,196,q_table_v5.json,False
360,Bot 04,B04,True,70.411,2,1,0,0,25.269,0.250,Stuck,196,q_table_v5.json,False
361,Bot 09,B09,True,179.840,5,4,3,1,47.635,0.250,Stuck,196,q_table_v5.json,False
362,Bot 02,B02,True,66.892,2,1,0,0,25.266,0.250,Stuck,196,q_table_v5.json,False
363,Bot 08,B08,True,253.159,7,6,3,0,50.009,0.250,Stuck,196,q_table_v5.json,False
364,Bot 07,B07,True,68.830,2,1,0,0,25.557,0.250,Stuck,196,q_table_v5.json,False
365,Bot 06,B06,True,67.565,2,1,1,0,25.265,0.250,Stuck,196,q_table_v5.json,False
366,Bot 03,B03,True,70.165,2,1,0,0,25.266,0.250,Stuck,196,q_table_v5.json,False
367,Bot 10,B10,True,219.743,6,5,3,0,41.751,0.250,Stuck,196,q_table_v5.json,False
368,Bot 05,B05,True,66.302,2,1,0,0,26.430,0.250,Stuck,196,q_table_v5.json,False
369,Bot 01,B01,True,66.695,2,1,0,0,25.269,0.250,Stuck,196,q_table_v5.json,False
370,Bot 04,B04,True,69.584,2,1,0,0,25.761,0.250,Stuck,196,q_table_v5.json,False
371,Bot 09,B09,True,72.570,2,1,0,0,25.266,0.250,Stuck,196,q_table_v5.json,False
372,Bot 02,B02,True,65.085,2,1,0,0,25.599,0.250,Stuck,196,q_table_v5.json,False
373,Bot 06,B06,True,64.145,2,1,0,0,25.266,0.250,Stuck,196,q_table_v5.json,False
374,Bot 07,B07,True,67.371,2,1,0,0,26.055,0.250,Stuck,196,q_table_v5.json,False
375,Bot 08,B08,True,65.832,2,1,0,0,26.125,0.250,Stuck,196,q_table_v5.json,False
376,Bot 03,B03,True,66.540,2,1,0,0,26.263,0.250,Stuck,196,q_table_v5.json,False
377,Bot 10,B10,True,71.552,2,1,0,0,25.268,0.250,Stuck,196,q_table_v5.json,False
378,Bot 05,B05,True,68.154,2,1,0,0,25.284,0.250,Stuck,196,q_table_v5.json,False
379,Bot 01,B01,True,67.555,2,1,0,0,25.250,0.250,Stuck,196,q_table_v5.json,False
380,Bot 04,B04,True,67.704,2,1,1,0,26.344,0.250,Stuck,196,q_table_v5.json,False
381,Bot 09,B09,True,66.611,2,1,0,0,27.499,0.250,Stuck,196,q_table_v5.json,False
382,Bot 02,B02,True,70.297,2,1,0,0,25.264,0.250,Stuck,196,q_table_v5.json,False
383,Bot 08,B08,True,67.810,2,1,0,0,25.264,0.250,Stuck,196,q_table_v5.json,False
384,Bot 03,B03,True,68.728,2,1,0,0,25.265,0.250,Stuck,197,q_table_v5.json,False
385,Bot 06,B06,True,104.428,3,2,0,0,30.320,0.250,Stuck,197,q_table_v5.json,False
386,Bot 07,B07,True,110.756,3,2,0,0,31.644,0.250,Stuck,197,q_table_v5.json,False
387,Bot 05,B05,True,71.815,2,1,0,0,25.246,0.250,Stuck,197,q_table_v5.json,False
388,Bot 01,B01,True,74.755,2,1,0,0,25.779,0.250,Stuck,197,q_table_v5.json,False
389,Bot 04,B04,True,34.826,1,0,0,0,24.272,0.250,Stuck,197,q_table_v5.json,False
390,Bot 09,B09,True,34.988,1,0,0,0,22.618,0.250,Stuck,197,q_table_v5.json,False
391,Bot 02,B02,True,68.086,2,1,1,0,25.271,0.250,Stuck,197,q_table_v5.json,False
392,Bot 08,B08,True,66.936,2,1,0,0,25.186,0.250,Stuck,197,q_table_v5.json,False
393,Bot 03,B03,True,67.657,2,1,0,0,25.353,0.250,Stuck,197,q_table_v5.json,False
394,Bot 06,B06,True,69.188,2,1,0,0,25.269,0.250,Stuck,197,q_table_v5.json,False
395,Bot 07,B07,True,70.058,2,1,0,0,25.701,0.250,Stuck,197,q_table_v5.json,False
396,Bot 10,B10,True,208.808,6,5,1,4,53.845,0.250,Stuck,197,q_table_v5.json,False
397,Bot 05,B05,True,71.423,2,1,0,0,27.009,0.250,Stuck,197,q_table_v5.json,False
398,Bot 01,B01,True,68.917,2,1,0,0,26.266,0.250,Stuck,197,q_table_v5.json,False
399,Bot 04,B04,True,65.065,2,1,0,0,25.683,0.250,Stuck,197,q_table_v5.json,False
400,Bot 09,B09,True,69.960,2,1,0,0,25.267,0.250,Stuck,197,q_table_v5.json,False
401,Bot 02,B02,True,67.228,2,1,0,0,25.760,0.250,Stuck,197,q_table_v5.json,False
402,Bot 08,B08,True,68.603,2,1,0,0,25.845,0.250,Stuck,197,q_table_v5.json,False
403,Bot 03,B03,True,77.455,2,1,0,0,27.832,0.250,Stuck,197,q_table_v5.json,False
404,Bot 06,B06,True,68.256,2,1,0,0,25.598,0.250,Stuck,197,q_table_v5.json,False
405,Bot 10,B10,True,72.519,2,1,0,0,25.431,0.250,Stuck,197,q_table_v5.json,False
406,Bot 05,B05,True,65.691,2,1,0,0,25.264,0.250,Stuck,197,q_table_v5.json,False
407,Bot 01,B01,True,63.358,2,1,0,0,25.264,0.250,Stuck,197,q_table_v5.json,False
408,Bot 09,B09,True,66.982,2,1,0,0,25.268,0.250,Stuck,197,q_table_v5.json,False
409,Bot 02,B02,True,32.309,1,0,0,0,22.615,0.250,Stuck,197,q_table_v5.json,False
410,Bot 06,B06,True,40.256,1,0,0,0,22.615,0.250,Stuck,197,q_table_v5.json,False
411,Bot 07,B07,True,181.646,5,4,3,0,47.697,0.250,Stuck,197,q_table_v5.json,False
412,Bot 08,B08,True,99.544,3,2,0,0,31.725,0.250,Stuck,197,q_table_v5.json,False
413,Bot 04,B04,True,210.462,6,5,5,0,42.416,0.250,Stuck,197,q_table_v5.json,False
414,Bot 02,B02,True,38.239,1,0,0,0,22.614,0.250,Stuck,197,q_table_v5.json,False
415,Bot 03,B03,True,222.073,6,5,2,0,40.096,0.250,Stuck,197,q_table_v5.json,False
416,Bot 01,B01,True,60.690,2,1,3,4,30.399,0.250,Stuck,197,q_table_v5.json,False
417,Bot 06,B06,True,69.176,2,1,0,0,25.269,0.250,Stuck,197,q_table_v5.json,False
418,Bot 10,B10,True,181.997,5,4,0,1,42.004,0.250,Stuck,197,q_table_v5.json,False
419,Bot 07,B07,True,62.001,2,1,0,0,25.264,0.250,Stuck,197,q_table_v5.json,False
420,Bot 05,B05,True,185.783,5,4,3,0,39.436,0.250,Stuck,197,q_table_v5.json,False
421,Bot 09,B09,True,136.727,4,3,6,0,38.521,0.250,Stuck,197,q_table_v5.json,False
422,Bot 04,B04,True,67.170,2,1,0,0,28.662,0.250,Stuck,197,q_table_v5.json,False
423,Bot 03,B03,True,66.857,2,1,0,0,25.268,0.250,Stuck,197,q_table_v5.json,False
424,Bot 02,B02,True,68.769,2,1,0,0,26.604,0.250,Stuck,197,q_table_v5.json,False
425,Bot 08,B08,True,189.251,5,4,0,0,44.154,0.250,Stuck,198,q_table_v5.json,False
426,Bot 06,B06,True,66.814,2,1,0,0,25.679,0.250,Stuck,198,q_table_v5.json,False
427,Bot 07,B07,True,68.492,2,1,0,0,25.268,0.250,Stuck,198,q_table_v5.json,False
428,Bot 05,B05,True,66.332,2,1,0,0,26.426,0.250,Stuck,198,q_table_v5.json,False
429,Bot 10,B10,True,101.229,3,2,0,0,31.974,0.250,Stuck,198,q_table_v5.json,False
430,Bot 04,B04,True,64.067,2,1,0,0,25.268,0.250,Stuck,198,q_table_v5.json,False
431,Bot 01,B01,True,219.190,6,5,4,0,44.241,0.250,Stuck,198,q_table_v5.json,False
432,Bot 05,B05,True,67.135,2,1,0,0,26.841,0.250,Stuck,198,q_table_v5.json,False
433,Bot 03,B03,True,182.545,5,4,1,0,40.596,0.250,Stuck,198,q_table_v5.json,False
434,Bot 09,B09,True,177.664,5,4,1,3,54.839,0.250,Stuck,198,q_table_v5.json,False
435,Bot 10,B10,True,64.041,2,1,0,0,29.658,0.250,Stuck,198,q_table_v5.json,False
436,Bot 01,B01,True,64.219,2,1,0,0,25.266,0.250,Stuck,198,q_table_v5.json,False
437,Bot 07,B07,True,178.452,5,4,4,0,38.273,0.250,Stuck,198,q_table_v5.json,False
438,Bot 08,B08,True,182.105,5,4,4,0,43.744,0.250,Stuck,198,q_table_v5.json,False
439,Bot 06,B06,True,179.978,5,4,2,1,44.486,0.250,Stuck,198,q_table_v5.json,False
440,Bot 02,B02,True,173.369,5,4,2,3,54.003,0.250,Stuck,198,q_table_v5.json,False
441,Bot 04,B04,True,195.842,5,4,1,0,40.258,0.250,Stuck,198,q_table_v5.json,False
442,Bot 10,B10,True,68.149,2,1,0,0,25.266,0.250,Stuck,198,q_table_v5.json,False
443,Bot 01,B01,True,68.981,2,1,0,0,26.012,0.250,Stuck,198,q_table_v5.json,False
444,Bot 08,B08,True,68.363,2,1,0,0,25.931,0.250,Stuck,198,q_table_v5.json,False
445,Bot 06,B06,True,67.687,2,1,0,0,25.434,0.250,Stuck,199,q_table_v5.json,False
446,Bot 03,B03,True,192.511,5,4,4,0,38.764,0.250,Stuck,199,q_table_v5.json,False
447,Bot 02,B02,True,61.403,2,1,0,0,25.266,0.250,Stuck,199,q_table_v5.json,False
448,Bot 05,B05,True,215.056,6,5,5,1,44.828,0.250,Stuck,199,q_table_v5.json,False
449,Bot 04,B04,True,70.900,2,1,0,0,25.208,0.250,Stuck,199,q_table_v5.json,False
450,Bot 07,B07,True,188.979,5,4,5,0,40.759,0.250,Stuck,200,q_table_v5.json,False
451,Bot 09,B09,True,182.284,5,4,0,0,53.847,0.250,Stuck,201,q_table_v5.json,False
452,Bot 10,B10,True,68.390,2,1,0,0,26.343,0.250,Stuck,201,q_table_v5.json,False
453,Bot 01,B01,True,67.616,2,1,0,0,25.262,0.250,Stuck,201,q_table_v5.json,False
454,Bot 08,B08,True,68.569,2,1,0,0,27.250,0.250,Stuck,201,q_table_v5.json,False
455,Bot 06,B06,True,63.052,2,1,2,1,25.261,0.250,Stuck,201,q_table_v5.json,False
456,Bot 02,B02,True,67.733,2,1,0,0,26.009,0.250,Stuck,201,q_table_v5.json,False
457,Bot 05,B05,True,34.720,1,0,0,0,22.685,0.250,Stuck,201,q_table_v5.json,False
458,Bot 03,B03,True,100.255,3,2,0,0,29.322,0.250,Stuck,201,q_table_v5.json,False
459,Bot 04,B04,True,70.215,2,1,0,0,25.239,0.250,Stuck,201,q_table_v5.json,False
460,Bot 07,B07,True,67.106,2,1,0,0,27.664,0.250,Stuck,201,q_table_v5.json,False
461,Bot 09,B09,True,69.536,2,1,0,0,25.512,0.250,Stuck,201,q_table_v5.json,False
462,Bot 10,B10,True,138.804,4,3,0,0,33.632,0.250,Stuck,201,q_table_v5.json,False
463,Bot 05,B05,True,100.840,3,2,0,0,29.492,0.250,Stuck,201,q_table_v5.json,False
464,Bot 02,B02,True,106.584,3,2,0,0,31.233,0.250,Stuck,201,q_table_v5.json,False
465,Bot 03,B03,True,106.004,3,2,0,0,30.321,0.250,Stuck,201,q_table_v5.json,False
466,Bot 06,B06,True,143.222,4,3,0,0,36.035,0.250,Stuck,201,q_table_v5.json,False
467,Bot 01,B01,True,255.199,7,6,5,0,44.820,0.250,Stuck,201,q_table_v5.json,False
468,Bot 08,B08,True,223.277,6,5,4,0,42.496,0.250,Stuck,201,q_table_v5.json,False
469,Bot 07,B07,True,106.244,3,2,0,0,34.295,0.250,Stuck,201,q_table_v5.json,False
470,Bot 04,B04,True,176.968,5,4,5,0,42.250,0.250,Stuck,201,q_table_v5.json,False
471,Bot 02,B02,True,68.931,2,1,0,0,25.268,0.250,Stuck,202,q_table_v5.json,False
472,Bot 06,B06,True,65.988,2,1,0,0,25.441,0.250,Stuck,202,q_table_v5.json,False
473,Bot 03,B03,True,68.135,2,1,0,0,26.675,0.250,Stuck,202,q_table_v5.json,False
474,Bot 08,B08,True,65.582,2,1,0,0,25.265,0.250,Stuck,202,q_table_v5.json,False
475,Bot 01,B01,True,103.921,3,2,0,0,29.991,0.250,Stuck,204,q_table_v5.json,False
476,Bot 09,B09,True,225.402,6,5,8,2,51.874,0.250,Stuck,204,q_table_v5.json,False
477,Bot 10,B10,True,224.567,6,5,2,0,42.746,0.250,Stuck,204,q_table_v5.json,False
478,Bot 07,B07,True,64.996,2,1,0,0,26.095,0.250,Stuck,204,q_table_v5.json,False
479,Bot 04,B04,True,67.312,2,1,0,0,25.267,0.250,Stuck,204,q_table_v5.json,False
480,Bot 05,B05,True,217.544,6,5,7,1,45.394,0.250,Stuck,204,q_table_v5.json,False
481,Bot 02,B02,True,64.344,2,1,0,0,25.264,0.250,Stuck,204,q_table_v5.json,False
482,Bot 06,B06,True,69.999,2,1,0,0,25.346,0.250,Stuck,204,q_table_v5.json,False
483,Bot 01,B01,True,68.231,2,1,0,0,25.263,0.250,Stuck,204,q_table_v5.json,False
484,Bot 04,B04,True,66.241,2,1,0,0,25.432,0.250,Stuck,204,q_table_v5.json,False
485,Bot 05,B05,True,66.347,2,1,0,0,26.345,0.250,Stuck,204,q_table_v5.json,False
486,Bot 07,B07,True,104.974,3,2,0,0,31.315,0.250,Stuck,204,q_table_v5.json,False
487,Bot 10,B10,True,139.904,4,3,2,0,37.776,0.250,Stuck,204,q_table_v5.json,False
488,Bot 02,B02,True,67.063,2,1,0,0,25.266,0.250,Stuck,204,q_table_v5.json,False
489,Bot 09,B09,True,178.915,5,4,1,0,43.180,0.250,Stuck,204,q_table_v5.json,False
490,Bot 08,B08,True,227.572,6,5,2,0,44.970,0.250,Stuck,204,q_table_v5.json,False
491,Bot 03,B03,True,220.888,6,5,6,0,56.332,0.250,Stuck,204,q_table_v5.json,False
492,Bot 01,B01,True,66.842,2,1,0,0,25.264,0.250,Stuck,204,q_table_v5.json,False
493,Bot 04,B04,True,64.359,2,1,1,3,26.260,0.250,Stuck,204,q_table_v5.json,False
494,Bot 05,B05,True,67.067,2,1,0,0,25.266,0.250,Stuck,204,q_table_v5.json,False
495,Bot 07,B07,True,64.929,2,1,0,0,26.591,0.250,Stuck,204,q_table_v5.json,False
496,Bot 10,B10,True,67.949,2,1,0,0,25.267,0.250,Stuck,204,q_table_v5.json,False
497,Bot 06,B06,True,134.994,4,3,0,0,49.867,0.250,Stuck,204,q_table_v5.json,False
498,Bot 08,B08,True,74.255,2,1,0,0,25.197,0.250,Stuck,204,q_table_v5.json,False
499,Bot 02,B02,True,67.930,2,1,0,0,28.664,0.250,Stuck,204,q_table_v5.json,False
500,Bot 09,B09,True,73.448,2,1,0,0,26.228,0.250,Stuck,204,q_table_v5.json,False
501,Bot 03,B03,True,74.198,2,1,0,0,26.261,0.250,Stuck,204,q_table_v5.json,False
502,Bot 01,B01,True,68.305,2,1,0,0,25.683,0.250,Stuck,204,q_table_v5.json,False
503,Bot 04,B04,True,68.289,2,1,1,0,25.269,0.250,Stuck,204,q_table_v5.json,False
504,Bot 05,B05,True,69.689,2,1,2,0,25.267,0.250,Stuck,204,q_table_v5.json,False
505,Bot 07,B07,True,66.242,2,1,0,0,25.267,0.250,Stuck,204,q_table_v5.json,False
506,Bot 02,B02,True,66.870,2,1,0,0,25.269,0.250,Stuck,204,q_table_v5.json,False
507,Bot 08,B08,True,70.780,2,1,0,0,26.264,0.250,Stuck,204,q_table_v5.json,False
508,Bot 09,B09,True,67.149,2,1,0,0,26.593,0.250,Stuck,204,q_table_v5.json,False
509,Bot 10,B10,True,103.276,3,2,0,0,31.896,0.250,Stuck,204,q_table_v5.json,False
510,Bot 06,B06,True,102.408,3,2,0,0,29.658,0.250,Stuck,204,q_table_v5.json,False
511,Bot 01,B01,True,68.694,2,1,0,0,26.591,0.250,Stuck,204,q_table_v5.json,False
512,Bot 03,B03,True,69.333,2,1,0,0,27.669,0.250,Stuck,204,q_table_v5.json,False
513,Bot 04,B04,True,67.515,2,1,0,0,25.265,0.250,Stuck,204,q_table_v5.json,False
514,Bot 05,B05,True,65.771,2,1,0,0,25.685,0.250,Stuck,205,q_table_v5.json,False
515,Bot 07,B07,True,67.034,2,1,0,0,27.672,0.250,Stuck,205,q_table_v5.json,False
516,Bot 08,B08,True,73.417,2,1,0,0,25.515,0.250,Stuck,205,q_table_v5.json,False
517,Bot 10,B10,True,66.824,2,1,1,0,25.276,0.250,Stuck,205,q_table_v5.json,False
518,Bot 02,B02,True,69.984,2,1,0,0,27.674,0.250,Stuck,205,q_table_v5.json,False
519,Bot 09,B09,True,65.879,2,1,0,0,26.511,0.250,Stuck,205,q_table_v5.json,False
520,Bot 06,B06,True,69.031,2,1,0,0,26.425,0.250,Stuck,205,q_table_v5.json,False
521,Bot 01,B01,True,75.386,2,1,0,0,26.426,0.250,Stuck,205,q_table_v5.json,False
522,Bot 03,B03,True,67.619,2,1,0,0,26.095,0.250,Stuck,205,q_table_v5.json,False
523,Bot 04,B04,True,66.111,2,1,0,0,25.269,0.250,Stuck,205,q_table_v5.json,False
524,Bot 07,B07,True,70.777,2,1,0,0,25.265,0.250,Stuck,205,q_table_v5.json,False
525,Bot 05,B05,True,145.956,4,3,3,0,35.287,0.250,Stuck,205,q_table_v5.json,False
526,Bot 04,B04,True,68.484,2,1,0,0,27.251,0.250,Stuck,205,q_table_v5.json,False
527,Bot 08,B08,True,179.460,5,4,0,1,41.088,0.250,Stuck,205,q_table_v5.json,False
528,Bot 06,B06,True,176.882,5,4,3,0,38.604,0.250,Stuck,205,q_table_v5.json,False
529,Bot 03,B03,True,142.127,4,3,2,0,34.131,0.250,Stuck,205,q_table_v5.json,False
530,Bot 09,B09,True,171.929,5,4,0,1,41.085,0.250,Stuck,205,q_table_v5.json,False
531,Bot 10,B10,True,223.904,6,5,1,0,42.900,0.250,Stuck,205,q_table_v5.json,False
532,Bot 02,B02,True,179.571,5,4,0,0,42.078,0.250,Stuck,205,q_table_v5.json,False
533,Bot 07,B07,True,68.573,2,1,0,0,25.599,0.250,Stuck,205,q_table_v5.json,False
534,Bot 01,B01,True,225.873,6,5,0,0,41.426,0.250,Stuck,205,q_table_v5.json,False
535,Bot 05,B05,True,67.866,2,1,0,0,25.265,0.250,Stuck,205,q_table_v5.json,False
536,Bot 04,B04,True,67.764,2,1,0,0,26.593,0.250,Stuck,205,q_table_v5.json,False
537,Bot 03,B03,True,68.506,2,1,0,0,25.269,0.250,Stuck,205,q_table_v5.json,False
538,Bot 09,B09,True,67.269,2,1,0,0,25.187,0.250,Stuck,205,q_table_v5.json,False
539,Bot 06,B06,True,68.206,2,1,0,0,27.009,0.250,Stuck,205,q_table_v5.json,False
540,Bot 10,B10,True,69.435,2,1,0,0,25.929,0.250,Stuck,205,q_table_v5.json,False
541,Bot 02,B02,True,67.624,2,1,0,0,25.850,0.250,Stuck,205,q_table_v5.json,False
542,Bot 07,B07,True,67.463,2,1,0,0,25.263,0.250,Stuck,205,q_table_v5.json,False
543,Bot 01,B01,True,71.659,2,1,0,0,25.260,0.250,Stuck,205,q_table_v5.json,False
544,Bot 08,B08,True,186.365,5,4,5,0,41.586,0.250,Stuck,205,q_table_v5.json,False
545,Bot 05,B05,True,101.636,3,2,0,0,31.729,0.250,Stuck,205,q_table_v5.json,False
546,Bot 04,B04,True,66.030,2,1,0,0,25.313,0.250,Stuck,205,q_table_v5.json,False
547,Bot 03,B03,True,63.720,2,1,0,0,25.266,0.250,Stuck,205,q_table_v5.json,False
548,Bot 06,B06,True,63.775,2,1,0,0,25.764,0.250,Stuck,205,q_table_v5.json,False
549,Bot 02,B02,True,63.965,2,1,0,0,25.762,0.250,Stuck,205,q_table_v5.json,False
550,Bot 09,B09,True,67.812,2,1,0,0,27.424,0.250,Stuck,205,q_table_v5.json,False
551,Bot 08,B08,True,70.202,2,1,0,0,25.267,0.250,Stuck,205,q_table_v5.json,False
552,Bot 10,B10,True,103.553,3,2,1,2,43.494,0.250,Stuck,205,q_table_v5.json,False
553,Bot 01,B01,True,99.802,3,2,3,2,42.747,0.250,Stuck,206,q_table_v5.json,False
554,Bot 05,B05,True,146.454,4,3,4,0,37.194,0.250,Stuck,206,q_table_v5.json,False
555,Bot 07,B07,True,213.995,6,5,8,3,56.415,0.250,Stuck,206,q_table_v5.json,False
556,Bot 04,B04,True,141.564,4,3,1,0,46.243,0.250,Stuck,206,q_table_v5.json,False
557,Bot 06,B06,True,136.171,4,3,0,1,42.435,0.250,Stuck,206,q_table_v5.json,False
558,Bot 09,B09,True,217.738,6,5,1,0,48.293,0.250,Stuck,206,q_table_v5.json,False
559,Bot 02,B02,True,208.517,6,5,3,1,48.628,0.250,Stuck,206,q_table_v5.json,False
560,Bot 03,B03,True,169.995,5,4,1,1,54.508,0.250,Stuck,206,q_table_v5.json,False
561,Bot 10,B10,True,137.909,4,3,0,0,43.988,0.250,Stuck,206,q_table_v5.json,False
562,Bot 07,B07,True,66.950,2,1,0,0,30.568,0.250,Stuck,206,q_table_v5.json,False
563,Bot 04,B04,True,65.320,2,1,0,0,25.287,0.250,Stuck,206,q_table_v5.json,False
564,Bot 06,B06,True,67.350,2,1,1,0,27.153,0.250,Stuck,206,q_table_v5.json,False
565,Bot 05,B05,True,172.409,5,4,5,0,46.725,0.250,Stuck,206,q_table_v5.json,False
566,Bot 02,B02,True,67.902,2,1,0,0,25.266,0.250,Stuck,206,q_table_v5.json,False
567,Bot 08,B08,True,220.691,6,5,1,0,61.636,0.250,Stuck,206,q_table_v5.json,False
568,Bot 01,B01,True,221.325,6,5,3,0,51.944,0.250,Stuck,206,q_table_v5.json,False
569,Bot 09,B09,True,103.200,3,2,4,0,30.649,0.250,Stuck,206,q_table_v5.json,False
570,Bot 03,B03,True,66.855,2,1,0,0,27.092,0.250,Stuck,206,q_table_v5.json,False
571,Bot 10,B10,True,68.836,2,1,0,0,25.269,0.250,Stuck,206,q_table_v5.json,False
572,Bot 04,B04,True,65.994,2,1,0,0,26.592,0.250,Stuck,206,q_table_v5.json,False
573,Bot 06,B06,True,67.806,2,1,0,0,25.263,0.250,Stuck,206,q_table_v5.json,False
574,Bot 07,B07,True,141.853,4,3,5,0,36.451,0.250,Stuck,206,q_table_v5.json,False
575,Bot 02,B02,True,70.800,2,1,0,0,27.833,0.250,Stuck,206,q_table_v5.json,False
576,Bot 01,B01,True,105.075,3,2,0,0,32.225,0.250,Stuck,206,q_table_v5.json,False
577,Bot 05,B05,True,141.475,4,3,0,0,38.111,0.250,Stuck,206,q_table_v5.json,False
578,Bot 03,B03,True,62.815,2,1,0,3,29.988,0.250,Stuck,206,q_table_v5.json,False
579,Bot 10,B10,True,63.327,2,1,0,0,25.346,0.250,Stuck,206,q_table_v5.json,False
580,Bot 08,B08,True,141.152,4,3,2,1,41.833,0.250,Stuck,206,q_table_v5.json,False
581,Bot 04,B04,True,64.208,2,1,0,0,25.265,0.250,Stuck,206,q_table_v5.json,False
582,Bot 06,B06,True,66.716,2,1,0,0,25.267,0.250,Stuck,206,q_table_v5.json,False
583,Bot 02,B02,True,35.563,1,0,0,0,22.616,0.250,Stuck,206,q_table_v5.json,False
584,Bot 09,B09,True,222.148,6,5,3,2,52.693,0.250,Stuck,206,q_table_v5.json,False
585,Bot 01,B01,True,70.254,2,1,0,0,27.668,0.250,Stuck,206,q_table_v5.json,False
586,Bot 05,B05,True,70.238,2,1,0,0,25.262,0.250,Stuck,206,q_table_v5.json,False
587,Bot 03,B03,True,62.906,2,1,0,0,25.266,0.250,Stuck,206,q_table_v5.json,False
588,Bot 07,B07,True,180.051,5,4,6,0,37.527,0.250,Stuck,206,q_table_v5.json,False
589,Bot 10,B10,True,65.014,2,1,0,0,27.420,0.250,Stuck,206,q_table_v5.json,False
590,Bot 08,B08,True,67.756,2,1,0,0,25.349,0.250,Stuck,206,q_table_v5.json,False
591,Bot 04,B04,True,69.304,2,1,0,0,25.267,0.250,Stuck,206,q_table_v5.json,False
592,Bot 02,B02,True,69.201,2,1,0,0,25.270,0.250,Stuck,206,q_table_v5.json,False
593,Bot 06,B06,True,102.147,3,2,0,0,30.404,0.250,Stuck,206,q_table_v5.json,False
594,Bot 09,B09,True,68.693,2,1,0,0,25.263,0.250,Stuck,206,q_table_v5.json,False
595,Bot 01,B01,True,66.921,2,1,0,0,25.929,0.250,Stuck,206,q_table_v5.json,False
596,Bot 03,B03,True,69.031,2,1,0,0,25.927,0.250,Stuck,206,q_table_v5.json,False
597,Bot 07,B07,True,75.012,2,1,0,0,28.665,0.250,Stuck,206,q_table_v5.json,False
598,Bot 05,B05,True,71.958,2,1,0,0,31.071,0.250,Stuck,206,q_table_v5.json,False
599,Bot 10,B10,True,66.276,2,1,0,0,30.215,0.250,Stuck,206,q_table_v5.json,False
600,Bot 06,B06,True,72.553,2,1,0,0,26.180,0.250,Stuck,206,q_table_v5.json,False
601,Bot 08,B08,True,105.738,3,2,0,0,34.962,0.250,Stuck,206,q_table_v5.json,False
602,Bot 04,B04,True,136.514,4,3,0,0,34.467,0.250,Stuck,206,q_table_v5.json,False
603,Bot 02,B02,True,67.126,2,1,0,0,29.408,0.250,Stuck,206,q_table_v5.json,False
604,Bot 09,B09,True,69.055,2,1,0,0,25.597,0.250,Stuck,206,q_table_v5.json,False
605,Bot 01,B01,True,73.346,2,1,0,0,25.269,0.250,Stuck,206,q_table_v5.json,False
606,Bot 07,B07,True,36.240,1,0,0,0,22.614,0.250,Stuck,206,q_table_v5.json,False
607,Bot 05,B05,True,66.788,2,1,0,0,25.263,0.250,Stuck,206,q_table_v5.json,False
608,Bot 10,B10,True,69.927,2,1,0,0,25.206,0.250,Stuck,206,q_table_v5.json,False
609,Bot 06,B06,True,65.384,2,1,0,0,26.095,0.250,Stuck,206,q_table_v5.json,False
610,Bot 08,B08,True,65.824,2,1,0,0,26.920,0.250,Stuck,206,q_table_v5.json,False
611,Bot 04,B04,True,76.022,2,1,0,0,27.665,0.250,Stuck,206,q_table_v5.json,False
612,Bot 09,B09,True,69.214,2,1,0,0,25.269,0.250,Stuck,206,q_table_v5.json,False
613,Bot 02,B02,True,100.734,3,2,0,0,30.982,0.250,Stuck,206,q_table_v5.json,False
614,Bot 01,B01,True,76.948,2,1,0,0,25.266,0.250,Stuck,206,q_table_v5.json,False
615,Bot 07,B07,True,69.758,2,1,0,0,26.598,0.250,Stuck,206,q_table_v5.json,False
616,Bot 05,B05,True,67.069,2,1,0,0,25.268,0.250,Stuck,206,q_table_v5.json,False
617,Bot 03,B03,True,250.210,7,6,8,1,57.906,0.250,Stuck,207,q_table_v5.json,False
618,Bot 10,B10,True,60.680,2,1,0,4,25.267,0.250,Stuck,207,q_table_v5.json,False
619,Bot 06,B06,True,63.796,2,1,0,0,25.264,0.250,Stuck,207,q_table_v5.json,False
620,Bot 08,B08,True,70.736,2,1,0,0,26.018,0.250,Stuck,207,q_table_v5.json,False
621,Bot 01,B01,True,65.644,2,1,0,0,25.268,0.250,Stuck,207,q_table_v5.json,False
622,Bot 04,B04,True,139.079,4,3,0,1,37.527,0.250,Stuck,207,q_table_v5.json,False
623,Bot 03,B03,True,73.458,2,1,0,0,27.503,0.250,Stuck,207,q_table_v5.json,False
624,Bot 05,B05,True,140.560,4,3,0,0,33.052,0.250,Stuck,207,q_table_v5.json,False
625,Bot 07,B07,True,142.595,4,3,3,0,36.361,0.250,Stuck,207,q_table_v5.json,False
626,Bot 09,B09,True,216.479,6,5,5,0,43.272,0.250,Stuck,207,q_table_v5.json,False
627,Bot 10,B10,True,70.598,2,1,0,0,31.102,0.250,Stuck,207,q_table_v5.json,False
628,Bot 06,B06,True,69.220,2,1,0,0,28.498,0.250,Stuck,207,q_table_v5.json,False
629,Bot 08,B08,True,71.145,2,1,0,0,27.503,0.250,Stuck,207,q_table_v5.json,False
630,Bot 01,B01,True,67.543,2,1,0,0,27.916,0.250,Stuck,207,q_table_v5.json,False
631,Bot 04,B04,True,67.869,2,1,0,0,26.592,0.250,Stuck,207,q_table_v5.json,False
632,Bot 03,B03,True,63.002,2,1,0,0,25.185,0.250,Stuck,207,q_table_v5.json,False
633,Bot 02,B02,True,216.706,6,5,5,0,64.536,0.250,Stuck,207,q_table_v5.json,False
634,Bot 07,B07,True,66.363,2,1,0,0,26.592,0.250,Stuck,207,q_table_v5.json,False
635,Bot 06,B06,True,70.181,2,1,0,0,25.272,0.250,Stuck,207,q_table_v5.json,False
636,Bot 08,B08,True,66.786,2,1,0,0,26.255,0.250,Stuck,207,q_table_v5.json,False
637,Bot 10,B10,True,105.854,3,2,0,0,33.518,0.250,Stuck,207,q_table_v5.json,False
638,Bot 01,B01,True,62.237,2,1,0,0,25.270,0.250,Stuck,207,q_table_v5.json,False
639,Bot 05,B05,True,254.904,7,6,6,0,45.322,0.250,Stuck,207,q_table_v5.json,False
640,Bot 04,B04,True,69.590,2,1,0,0,26.344,0.250,Stuck,207,q_table_v5.json,False
641,Bot 09,B09,True,178.311,5,4,0,1,45.034,0.250,Stuck,207,q_table_v5.json,False
642,Bot 03,B03,True,67.451,2,1,0,0,25.270,0.250,Stuck,207,q_table_v5.json,False
643,Bot 02,B02,True,64.445,2,1,0,0,25.262,0.250,Stuck,207,q_table_v5.json,False
644,Bot 07,B07,True,64.948,2,1,0,0,25.267,0.250,Stuck,207,q_table_v5.json,False
645,Bot 06,B06,True,65.853,2,1,0,0,25.261,0.250,Stuck,207,q_table_v5.json,False
646,Bot 08,B08,True,70.933,2,1,0,0,26.260,0.250,Stuck,207,q_table_v5.json,False
647,Bot 10,B10,True,66.398,2,1,0,0,26.427,0.250,Stuck,207,q_table_v5.json,False
648,Bot 01,B01,True,66.736,2,1,0,0,25.265,0.250,Stuck,207,q_table_v5.json,False
649,Bot 05,B05,True,67.136,2,1,0,0,25.262,0.250,Stuck,207,q_table_v5.json,False
650,Bot 03,B03,True,61.941,2,1,1,4,25.266,0.250,Stuck,207,q_table_v5.json,False
651,Bot 09,B09,True,68.986,2,1,0,0,26.343,0.250,Stuck,207,q_table_v5.json,False
652,Bot 02,B02,True,64.940,2,1,0,0,27.422,0.250,Stuck,207,q_table_v5.json,False
653,Bot 07,B07,True,66.035,2,1,0,0,25.266,0.250,Stuck,207,q_table_v5.json,False
654,Bot 06,B06,True,65.439,2,1,0,0,26.427,0.250,Stuck,207,q_table_v5.json,False
655,Bot 08,B08,True,68.404,2,1,0,0,25.266,0.250,Stuck,207,q_table_v5.json,False
656,Bot 04,B04,True,173.076,5,4,0,0,39.848,0.250,Stuck,207,q_table_v5.json,False
657,Bot 10,B10,True,74.649,2,1,0,0,25.266,0.250,Stuck,207,q_table_v5.json,False
658,Bot 05,B05,True,63.709,2,1,0,0,25.264,0.250,Stuck,207,q_table_v5.json,False
659,Bot 09,B09,True,67.943,2,1,0,0,25.268,0.250,Stuck,207,q_table_v5.json,False
660,Bot 03,B03,True,70.549,2,1,0,0,26.423,0.250,Stuck,207,q_table_v5.json,False
661,Bot 04,B04,True,73.829,2,1,0,0,26.677,0.250,Stuck,208,q_table_v5.json,False
662,Bot 10,B10,True,65.037,2,1,0,0,26.673,0.250,Stuck,209,q_table_v5.json,False
663,Bot 08,B08,True,108.713,3,2,0,0,30.739,0.250,Stuck,209,q_table_v5.json,False
664,Bot 02,B02,True,187.066,5,4,4,0,40.596,0.250,Stuck,209,q_table_v5.json,False
665,Bot 06,B06,True,224.310,6,5,2,0,38.277,0.250,Stuck,209,q_table_v5.json,False
666,Bot 05,B05,True,68.877,2,1,0,0,27.587,0.250,Stuck,209,q_table_v5.json,False
667,Bot 01,B01,True,221.202,6,5,2,2,59.977,0.250,Stuck,209,q_table_v5.json,False
668,Bot 07,B07,True,225.849,6,5,2,0,47.388,0.250,Stuck,209,q_table_v5.json,False
669,Bot 03,B03,True,172.610,5,4,1,0,38.853,0.250,Stuck,209,q_table_v5.json,False
670,Bot 08,B08,True,69.022,2,1,0,0,25.264,0.250,Stuck,209,q_table_v5.json,False
671,Bot 04,B04,True,101.813,3,2,0,0,31.396,0.250,Stuck,209,q_table_v5.json,False
672,Bot 09,B09,True,143.318,4,3,2,0,48.387,0.250,Stuck,209,q_table_v5.json,False
673,Bot 06,B06,True,68.024,2,1,0,0,25.298,0.250,Stuck,209,q_table_v5.json,False
674,Bot 05,B05,True,70.450,2,1,0,0,25.268,0.250,Stuck,209,q_table_v5.json,False
675,Bot 07,B07,True,68.359,2,1,0,0,26.348,0.250,Stuck,209,q_table_v5.json,False
676,Bot 02,B02,True,134.972,4,3,0,0,35.123,0.250,Stuck,209,q_table_v5.json,False
677,Bot 01,B01,True,104.736,3,2,0,0,34.297,0.250,Stuck,209,q_table_v5.json,False
678,Bot 10,B10,True,213.884,6,5,0,0,47.638,0.250,Stuck,209,q_table_v5.json,False
679,Bot 03,B03,True,62.709,2,1,0,1,25.266,0.250,Stuck,209,q_table_v5.json,False
680,Bot 08,B08,True,66.293,2,1,0,0,27.337,0.250,Stuck,209,q_table_v5.json,False
681,Bot 04,B04,True,65.077,2,1,0,0,25.265,0.250,Stuck,209,q_table_v5.json,False
682,Bot 06,B06,True,64.352,2,1,0,0,25.230,0.250,Stuck,209,q_table_v5.json,False
683,Bot 09,B09,True,65.364,2,1,0,0,25.342,0.250,Stuck,209,q_table_v5.json,False
684,Bot 05,B05,True,68.881,2,1,0,0,25.682,0.250,Stuck,209,q_table_v5.json,False
685,Bot 02,B02,True,64.359,2,1,0,0,25.265,0.250,Stuck,209,q_table_v5.json,False
686,Bot 07,B07,True,66.511,2,1,0,0,28.077,0.250,Stuck,209,q_table_v5.json,False
687,Bot 01,B01,True,66.788,2,1,0,0,25.266,0.250,Stuck,209,q_table_v5.json,False
688,Bot 03,B03,True,65.047,2,1,0,0,25.268,0.250,Stuck,209,q_table_v5.json,False
689,Bot 04,B04,True,69.408,2,1,0,0,25.268,0.250,Stuck,209,q_table_v5.json,False
690,Bot 08,B08,True,70.638,2,1,0,0,27.506,0.250,Stuck,209,q_table_v5.json,False
691,Bot 09,B09,True,66.929,2,1,0,0,26.926,0.250,Stuck,209,q_table_v5.json,False
692,Bot 06,B06,True,69.636,2,1,0,0,27.089,0.250,Stuck,209,q_table_v5.json,False
693,Bot 05,B05,True,65.295,2,1,0,0,26.757,0.250,Stuck,209,q_table_v5.json,False
694,Bot 02,B02,True,71.503,2,1,0,0,25.266,0.250,Stuck,209,q_table_v5.json,False
695,Bot 07,B07,True,68.401,2,1,0,0,25.266,0.250,Stuck,209,q_table_v5.json,False
696,Bot 01,B01,True,69.385,2,1,0,0,26.839,0.250,Stuck,209,q_table_v5.json,False
697,Bot 10,B10,True,230.328,6,5,15,0,51.777,0.250,Stuck,209,q_table_v5.json,False
698,Bot 03,B03,True,67.022,2,1,0,0,25.270,0.250,Stuck,209,q_table_v5.json,False
699,Bot 08,B08,True,70.159,2,1,0,0,26.345,0.250,Stuck,209,q_table_v5.json,False
700,Bot 09,B09,True,67.550,2,1,0,0,26.342,0.250,Stuck,209,q_table_v5.json,False
701,Bot 04,B04,True,104.259,3,2,0,0,30.484,0.250,Stuck,209,q_table_v5.json,False
702,Bot 05,B05,True,68.551,2,1,0,0,25.351,0.250,Stuck,209,q_table_v5.json,False
703,Bot 02,B02,True,69.128,2,1,0,0,25.272,0.250,Stuck,209,q_table_v5.json,False
704,Bot 07,B07,True,74.265,2,1,0,0,25.605,0.250,Stuck,209,q_table_v5.json,False
705,Bot 01,B01,True,65.333,2,1,0,0,25.763,0.250,Stuck,209,q_table_v5.json,False
706,Bot 10,B10,True,68.063,2,1,0,0,25.262,0.250,Stuck,209,q_table_v5.json,False
707,Bot 03,B03,True,67.334,2,1,1,0,25.678,0.250,Stuck,209,q_table_v5.json,False
708,Bot 06,B06,True,223.708,6,5,4,0,46.806,0.250,Stuck,209,q_table_v5.json,False
709,Bot 08,B08,True,69.835,2,1,0,0,27.748,0.250,Stuck,209,q_table_v5.json,False
710,Bot 09,B09,True,67.218,2,1,0,0,25.352,0.250,Stuck,209,q_table_v5.json,False
711,Bot 04,B04,True,63.259,2,1,0,0,25.601,0.250,Stuck,209,q_table_v5.json,False
712,Bot 05,B05,True,67.032,2,1,0,0,25.350,0.250,Stuck,209,q_table_v5.json,False
713,Bot 02,B02,True,67.175,2,1,0,0,25.343,0.250,Stuck,209,q_table_v5.json,False
714,Bot 03,B03,True,75.606,2,1,0,0,25.266,0.250,Stuck,209,q_table_v5.json,False
715,Bot 01,B01,True,106.667,3,2,1,0,29.825,0.250,Stuck,209,q_table_v5.json,False
716,Bot 06,B06,True,68.568,2,1,0,0,25.270,0.250,Stuck,209,q_table_v5.json,False
717,Bot 08,B08,True,68.729,2,1,0,0,25.265,0.250,Stuck,209,q_table_v5.json,False
718,Bot 05,B05,True,99.463,3,2,0,0,32.883,0.250,Stuck,211,q_table_v5.json,False
719,Bot 02,B02,True,136.479,4,3,0,0,34.221,0.250,Stuck,211,q_table_v5.json,False
720,Bot 07,B07,True,251.036,7,6,1,0,60.965,0.250,Stuck,211,q_table_v5.json,False
721,Bot 10,B10,True,298.204,8,7,6,0,56.001,0.250,Stuck,211,q_table_v5.json,False
722,Bot 01,B01,True,103.058,3,2,0,0,29.324,0.250,Stuck,211,q_table_v5.json,False
723,Bot 06,B06,True,75.041,2,1,0,0,25.928,0.250,Stuck,211,q_table_v5.json,False
724,Bot 08,B08,True,72.898,2,1,0,0,25.285,0.250,Stuck,211,q_table_v5.json,False
725,Bot 04,B04,True,222.655,6,5,1,0,60.478,0.250,Stuck,211,q_table_v5.json,False
726,Bot 03,B03,True,225.386,6,5,4,0,48.962,0.250,Stuck,211,q_table_v5.json,False
727,Bot 02,B02,True,68.575,2,1,0,0,25.261,0.250,Stuck,211,q_table_v5.json,False
728,Bot 10,B10,True,68.544,2,1,0,0,25.267,0.250,Stuck,211,q_table_v5.json,False
729,Bot 05,B05,True,138.943,4,3,1,1,35.539,0.250,Stuck,211,q_table_v5.json,False
730,Bot 01,B01,True,69.961,2,1,0,0,25.275,0.250,Stuck,211,q_table_v5.json,False
731,Bot 09,B09,True,331.222,9,8,5,0,76.298,0.250,Stuck,211,q_table_v5.json,False
732,Bot 06,B06,True,137.157,4,3,2,0,34.129,0.250,Stuck,211,q_table_v5.json,False
733,Bot 08,B08,True,105.274,3,2,0,0,34.198,0.250,Stuck,211,q_table_v5.json,False
734,Bot 04,B04,True,68.546,2,1,0,0,25.260,0.250,Stuck,211,q_table_v5.json,False
735,Bot 03,B03,True,142.500,4,3,0,0,32.722,0.250,Stuck,211,q_table_v5.json,False
736,Bot 05,B05,True,134.825,4,3,0,0,33.054,0.250,Stuck,211,q_table_v5.json,False
737,Bot 01,B01,True,141.211,4,3,0,0,33.047,0.250,Stuck,211,q_table_v5.json,False
738,Bot 10,B10,True,179.251,5,4,3,0,36.450,0.250,Stuck,211,q_table_v5.json,False
739,Bot 02,B02,True,223.260,6,5,3,0,43.656,0.250,Stuck,211,q_table_v5.json,False
740,Bot 09,B09,True,181.094,5,4,0,0,37.194,0.250,Stuck,211,q_table_v5.json,False
741,Bot 06,B06,True,142.756,4,3,0,1,36.782,0.250,Stuck,211,q_table_v5.json,False
742,Bot 01,B01,True,76.420,2,1,0,0,25.268,0.250,Stuck,211,q_table_v5.json,False
743,Bot 07,B07,True,241.167,7,6,1,2,88.642,0.250,Stuck,211,q_table_v5.json,False
744,Bot 03,B03,True,139.151,4,3,4,0,35.537,0.250,Stuck,211,q_table_v5.json,False
745,Bot 10,B10,True,139.003,4,3,1,0,34.212,0.250,Stuck,211,q_table_v5.json,False
746,Bot 05,B05,True,185.032,5,4,1,0,38.936,0.250,Stuck,211,q_table_v5.json,False
747,Bot 08,B08,True,323.547,9,8,4,0,61.218,0.250,Stuck,211,q_table_v5.json,False
748,Bot 02,B02,True,172.649,5,4,1,1,40.427,0.250,Stuck,211,q_table_v5.json,False
749,Bot 09,B09,True,137.796,4,3,1,0,37.112,0.250,Stuck,211,q_table_v5.json,False
750,Bot 06,B06,True,138.749,4,3,0,0,33.306,0.250,Stuck,211,q_table_v5.json,False
751,Bot 07,B07,True,106.046,3,2,3,0,30.153,0.250,Stuck,211,q_table_v5.json,False
752,Bot 03,B03,True,103.071,3,2,0,0,31.316,0.250,Stuck,211,q_table_v5.json,False
753,Bot 04,B04,True,322.135,9,8,1,0,80.771,0.250,Stuck,211,q_table_v5.json,False
754,Bot 10,B10,True,101.518,3,2,0,0,31.148,0.250,Stuck,211,q_table_v5.json,False
755,Bot 02,B02,True,69.912,2,1,0,0,25.352,0.250,Stuck,211,q_table_v5.json,False
756,Bot 05,B05,True,140.730,4,3,3,0,33.719,0.250,Stuck,211,q_table_v5.json,False
757,Bot 09,B09,True,67.989,2,1,0,0,25.271,0.250,Stuck,211,q_table_v5.json,False
758,Bot 06,B06,True,71.798,2,1,0,0,25.267,0.250,Stuck,211,q_table_v5.json,False
759,Bot 08,B08,True,106.854,3,2,0,0,31.168,0.250,Stuck,211,q_table_v5.json,False
760,Bot 01,B01,True,222.004,6,5,1,1,49.041,0.250,Stuck,211,q_table_v5.json,False
761,Bot 03,B03,True,101.310,3,2,0,0,33.548,0.250,Stuck,211,q_table_v5.json,False
762,Bot 04,B04,True,101.082,3,2,0,0,31.811,0.250,Stuck,211,q_table_v5.json,False
763,Bot 09,B09,True,66.179,2,1,0,0,26.587,0.250,Stuck,211,q_table_v5.json,False
764,Bot 10,B10,True,141.327,4,3,8,0,35.788,0.250,Stuck,211,q_table_v5.json,False
765,Bot 02,B02,True,144.452,4,3,1,0,36.283,0.250,Stuck,211,q_table_v5.json,False
766,Bot 05,B05,True,143.095,4,3,0,0,34.050,0.250,Stuck,211,q_table_v5.json,False
767,Bot 06,B06,True,140.930,4,3,0,0,35.040,0.250,Stuck,211,q_table_v5.json,False
768,Bot 08,B08,True,137.398,4,3,0,1,37.428,0.250,Stuck,211,q_table_v5.json,False
769,Bot 01,B01,True,183.888,5,4,0,0,40.097,0.250,Stuck,211,q_table_v5.json,False
770,Bot 07,B07,True,248.598,7,6,4,0,61.389,0.250,Stuck,211,q_table_v5.json,False
771,Bot 04,B04,True,141.603,4,3,5,0,35.622,0.250,Stuck,211,q_table_v5.json,False
772,Bot 09,B09,True,101.000,3,2,0,0,32.063,0.250,Stuck,211,q_table_v5.json,False
773,Bot 03,B03,True,177.386,5,4,4,0,41.008,0.250,Stuck,211,q_table_v5.json,False
774,Bot 08,B08,True,69.788,2,1,0,0,25.266,0.250,Stuck,211,q_table_v5.json,False
775,Bot 02,B02,True,150.267,4,3,0,0,34.047,0.250,Stuck,211,q_table_v5.json,False
776,Bot 10,B10,True,176.741,5,4,1,0,40.347,0.250,Stuck,212,q_table_v5.json,False
777,Bot 06,B06,True,140.153,4,3,0,0,36.784,0.250,Stuck,212,q_table_v5.json,False
778,Bot 05,B05,True,177.731,5,4,0,0,39.181,0.250,Stuck,212,q_table_v5.json,False
779,Bot 07,B07,True,138.601,4,3,0,0,34.955,0.250,Stuck,212,q_table_v5.json,False
780,Bot 01,B01,True,220.355,6,5,1,0,40.921,0.250,Stuck,212,q_table_v5.json,False
781,Bot 09,B09,True,72.180,2,1,0,0,25.269,0.250,Stuck,212,q_table_v5.json,False
782,Bot 04,B04,True,176.595,5,4,3,0,39.188,0.250,Stuck,213,q_table_v5.json,False
783,Bot 03,B03,True,135.868,4,3,5,0,37.195,0.250,Stuck,213,q_table_v5.json,False
784,Bot 02,B02,True,136.548,4,3,0,0,37.117,0.250,Stuck,213,q_table_v5.json,False
785,Bot 10,B10,True,137.371,4,3,0,0,33.881,0.250,Stuck,213,q_table_v5.json,False
786,Bot 06,B06,True,134.908,4,3,0,0,34.461,0.250,Stuck,213,q_table_v5.json,False
787,Bot 08,B08,True,225.517,6,5,1,0,48.128,0.250,Stuck,213,q_table_v5.json,False
788,Bot 07,B07,True,153.464,4,3,0,0,33.965,0.250,Stuck,213,q_table_v5.json,False
789,Bot 05,B05,True,221.721,6,5,1,0,42.251,0.250,Stuck,213,q_table_v5.json,False
790,Bot 01,B01,True,141.973,4,3,2,0,42.006,0.250,Stuck,213,q_table_v5.json,False
791,Bot 06,B06,True,74.958,2,1,0,0,25.265,0.250,Stuck,213,q_table_v5.json,False
792,Bot 03,B03,True,140.606,4,3,0,0,34.107,0.250,Stuck,213,q_table_v5.json,False
793,Bot 08,B08,True,71.583,2,1,0,0,26.344,0.250,Stuck,213,q_table_v5.json,False
794,Bot 04,B04,True,222.816,6,5,2,0,42.246,0.250,Stuck,213,q_table_v5.json,False
795,Bot 10,B10,True,146.646,4,3,0,0,35.620,0.250,Stuck,213,q_table_v5.json,False
796,Bot 09,B09,True,246.205,7,6,0,0,61.380,0.250,Stuck,213,q_table_v5.json,False
797,Bot 07,B07,True,102.911,3,2,0,0,32.060,0.250,Stuck,213,q_table_v5.json,False
798,Bot 02,B02,True,174.999,5,4,3,1,43.655,0.250,Stuck,213,q_table_v5.json,False
799,Bot 05,B05,True,141.960,4,3,2,0,35.041,0.250,Stuck,213,q_table_v5.json,False
800,Bot 01,B01,True,65.051,2,1,0,0,26.424,0.250,Stuck,213,q_table_v5.json,False
801,Bot 06,B06,True,139.518,4,3,0,0,36.450,0.250,Stuck,213,q_table_v5.json,False
802,Bot 10,B10,True,109.333,3,2,3,0,30.155,0.250,Stuck,213,q_table_v5.json,False
803,Bot 05,B05,True,70.680,2,1,0,0,25.280,0.250,Stuck,213,q_table_v5.json,False
804,Bot 04,B04,True,141.287,4,3,4,0,37.196,0.250,Stuck,213,q_table_v5.json,False
805,Bot 08,B08,True,217.762,6,5,4,0,41.172,0.250,Stuck,213,q_table_v5.json,False
806,Bot 02,B02,True,134.597,4,3,0,0,35.538,0.250,Stuck,213,q_table_v5.json,False
807,Bot 09,B09,True,250.487,7,6,0,0,41.421,0.250,Stuck,213,q_table_v5.json,False
808,Bot 07,B07,True,253.196,7,6,2,0,45.482,0.250,Stuck,213,q_table_v5.json,False
809,Bot 10,B10,True,67.304,2,1,0,0,25.352,0.250,Stuck,213,q_table_v5.json,False
810,Bot 03,B03,True,317.809,9,8,1,0,66.050,0.250,Stuck,213,q_table_v5.json,False
811,Bot 01,B01,True,167.671,5,4,0,3,47.135,0.250,Stuck,213,q_table_v5.json,False
812,Bot 06,B06,True,100.329,3,2,0,0,31.563,0.250,Stuck,213,q_table_v5.json,False
813,Bot 04,B04,True,99.754,3,2,5,0,31.067,0.250,Stuck,213,q_table_v5.json,False
814,Bot 08,B08,True,103.331,3,2,0,0,33.516,0.250,Stuck,213,q_table_v5.json,False
815,Bot 10,B10,True,67.626,2,1,0,0,25.284,0.250,Stuck,213,q_table_v5.json,False
816,Bot 03,B03,True,33.652,1,0,0,0,23.412,0.250,Stuck,213,q_table_v5.json,False
817,Bot 05,B05,True,216.812,6,5,2,0,48.446,0.250,Stuck,213,q_table_v5.json,False
818,Bot 01,B01,True,71.564,2,1,0,0,25.270,0.250,Stuck,213,q_table_v5.json,False
819,Bot 06,B06,True,67.784,2,1,0,0,25.268,0.250,Stuck,213,q_table_v5.json,False
820,Bot 07,B07,True,149.517,4,3,0,0,35.623,0.250,Stuck,213,q_table_v5.json,False
821,Bot 02,B02,True,251.655,7,6,0,1,50.289,0.250,Stuck,213,q_table_v5.json,False
822,Bot 08,B08,True,69.067,2,1,0,0,25.302,0.250,Stuck,213,q_table_v5.json,False
823,Bot 05,B05,True,37.035,1,0,0,0,24.272,0.250,Stuck,213,q_table_v5.json,False
824,Bot 10,B10,True,67.940,2,1,0,0,26.488,0.250,Stuck,213,q_table_v5.json,False
825,Bot 03,B03,True,66.718,2,1,0,0,28.531,0.250,Stuck,213,q_table_v5.json,False
826,Bot 09,B09,True,327.079,9,8,8,0,64.286,0.250,Stuck,213,q_table_v5.json,False
827,Bot 06,B06,True,69.742,2,1,0,0,26.182,0.250,Stuck,213,q_table_v5.json,False
828,Bot 01,B01,True,65.869,2,1,0,0,27.288,0.250,Stuck,213,q_table_v5.json,False
829,Bot 07,B07,True,68.061,2,1,0,0,25.346,0.250,Stuck,213,q_table_v5.json,False
830,Bot 02,B02,True,71.869,2,1,0,0,25.349,0.250,Stuck,213,q_table_v5.json,False
831,Bot 04,B04,True,251.031,7,6,3,0,54.015,0.250,Stuck,213,q_table_v5.json,False
832,Bot 08,B08,True,67.814,2,1,0,0,25.268,0.250,Stuck,213,q_table_v5.json,False
833,Bot 10,B10,True,65.426,2,1,0,0,25.354,0.250,Stuck,213,q_table_v5.json,False
834,Bot 05,B05,True,72.299,2,1,0,0,26.597,0.250,Stuck,213,q_table_v5.json,False
835,Bot 03,B03,True,65.977,2,1,0,0,26.427,0.250,Stuck,213,q_table_v5.json,False
836,Bot 09,B09,True,68.412,2,1,0,0,27.918,0.250,Stuck,213,q_table_v5.json,False
837,Bot 06,B06,True,65.448,2,1,0,0,27.993,0.250,Stuck,213,q_table_v5.json,False
838,Bot 07,B07,True,69.696,2,1,0,0,27.093,0.250,Stuck,213,q_table_v5.json,False
839,Bot 01,B01,True,66.804,2,1,0,0,28.793,0.250,Stuck,213,q_table_v5.json,False
840,Bot 02,B02,True,71.939,2,1,0,0,26.008,0.250,Stuck,213,q_table_v5.json,False
841,Bot 04,B04,True,72.054,2,1,0,0,25.262,0.250,Stuck,213,q_table_v5.json,False
842,Bot 08,B08,True,69.463,2,1,0,0,28.412,0.250,Stuck,213,q_table_v5.json,False
843,Bot 10,B10,True,67.493,2,1,0,0,25.266,0.250,Stuck,213,q_table_v5.json,False
844,Bot 05,B05,True,67.179,2,1,0,0,25.262,0.250,Stuck,213,q_table_v5.json,False
845,Bot 03,B03,True,66.554,2,1,0,0,25.263,0.250,Stuck,213,q_table_v5.json,False
846,Bot 07,B07,True,62.064,2,1,0,0,25.349,0.250,Stuck,213,q_table_v5.json,False
847,Bot 09,B09,True,66.021,2,1,0,0,26.592,0.250,Stuck,213,q_table_v5.json,False
848,Bot 06,B06,True,66.042,2,1,0,0,26.881,0.250,Stuck,213,q_table_v5.json,False
849,Bot 01,B01,True,63.148,2,1,0,0,26.007,0.250,Stuck,213,q_table_v5.json,False
850,Bot 02,B02,True,67.117,2,1,0,0,27.752,0.250,Stuck,213,q_table_v5.json,False
851,Bot 08,B08,True,67.880,2,1,0,0,25.268,0.250,Stuck,213,q_table_v5.json,False
852,Bot 04,B04,True,137.493,4,3,0,0,34.383,0.250,Stuck,213,q_table_v5.json,False
853,Bot 10,B10,True,68.549,2,1,1,0,25.264,0.250,Stuck,213,q_table_v5.json,False
854,Bot 05,B05,True,68.100,2,1,0,0,25.268,0.250,Stuck,213,q_table_v5.json,False
855,Bot 07,B07,True,68.486,2,1,0,0,25.265,0.250,Stuck,213,q_table_v5.json,False
856,Bot 09,B09,True,63.641,2,1,0,0,25.267,0.250,Stuck,213,q_table_v5.json,False
857,Bot 06,B06,True,66.655,2,1,0,0,25.231,0.250,Stuck,213,q_table_v5.json,False
858,Bot 01,B01,True,65.661,2,1,0,0,25.294,0.250,Stuck,213,q_table_v5.json,False
859,Bot 02,B02,True,65.219,2,1,0,0,26.345,0.250,Stuck,213,q_table_v5.json,False
860,Bot 03,B03,True,219.156,6,5,5,0,46.550,0.250,Stuck,213,q_table_v5.json,False
861,Bot 05,B05,True,65.633,2,1,0,0,25.266,0.250,Stuck,213,q_table_v5.json,False
862,Bot 10,B10,True,102.116,3,2,0,0,32.558,0.250,Stuck,213,q_table_v5.json,False
863,Bot 01,B01,True,71.996,2,1,0,0,25.242,0.250,Stuck,213,q_table_v5.json,False
864,Bot 08,B08,True,175.730,5,4,2,0,41.171,0.250,Stuck,213,q_table_v5.json,False
865,Bot 07,B07,True,68.375,2,1,0,0,27.505,0.250,Stuck,213,q_table_v5.json,False
866,Bot 02,B02,True,64.270,2,1,0,0,25.265,0.250,Stuck,214,q_table_v5.json,False
867,Bot 04,B04,True,106.984,3,2,0,0,45.228,0.250,Stuck,214,q_table_v5.json,False
868,Bot 09,B09,True,222.470,6,5,2,0,39.020,0.250,Stuck,214,q_table_v5.json,False
869,Bot 03,B03,True,67.078,2,1,0,0,25.193,0.250,Stuck,214,q_table_v5.json,False
870,Bot 05,B05,True,67.105,2,1,0,0,25.269,0.250,Stuck,214,q_table_v5.json,False
871,Bot 06,B06,True,221.622,6,5,2,0,47.713,0.250,Stuck,214,q_table_v5.json,False
872,Bot 01,B01,True,73.961,2,1,0,0,27.505,0.250,Stuck,214,q_table_v5.json,False
873,Bot 10,B10,True,64.303,2,1,0,0,27.916,0.250,Stuck,214,q_table_v5.json,False
874,Bot 07,B07,True,66.499,2,1,0,0,27.086,0.250,Stuck,214,q_table_v5.json,False
875,Bot 08,B08,True,109.395,3,2,0,0,32.225,0.250,Stuck,216,q_table_v5.json,False
876,Bot 04,B04,True,68.774,2,1,0,0,25.274,0.250,Stuck,217,q_table_v5.json,False
877,Bot 02,B02,True,68.211,2,1,0,0,28.332,0.250,Stuck,217,q_table_v5.json,False
878,Bot 09,B09,True,64.566,2,1,0,0,26.592,0.250,Stuck,218,q_table_v5.json,False
879,Bot 03,B03,True,63.391,2,1,0,0,25.265,0.250,Stuck,218,q_table_v5.json,False
880,Bot 05,B05,True,70.912,2,1,0,0,26.840,0.250,Stuck,218,q_table_v5.json,False
881,Bot 01,B01,True,-4.141,0,-1,0,0,20.049,0.250,Stuck,219,q_table_v5.json,False
882,Bot 06,B06,True,69.293,2,1,0,0,26.018,0.250,Stuck,219,q_table_v5.json,False
883,Bot 07,B07,True,-1.410,0,-1,0,0,20.055,0.250,Stuck,219,q_table_v5.json,False
884,Bot 10,B10,True,31.755,1,0,0,0,22.617,0.250,Stuck,219,q_table_v5.json,False
885,Bot 08,B08,True,68.959,2,1,0,0,26.347,0.250,Stuck,219,q_table_v5.json,False
886,Bot 02,B02,True,66.394,2,1,0,0,25.269,0.250,Stuck,219,q_table_v5.json,False
887,Bot 04,B04,True,69.144,2,1,0,0,26.089,0.250,Stuck,219,q_table_v5.json,False
888,Bot 09,B09,True,69.155,2,1,0,0,27.086,0.250,Stuck,219,q_table_v5.json,False
889,Bot 03,B03,True,71.791,2,1,0,0,25.681,0.250,Stuck,219,q_table_v5.json,False
890,Bot 05,B05,True,80.860,2,1,0,0,25.265,0.250,Stuck,219,q_table_v5.json,False
891,Bot 01,B01,True,63.630,2,1,0,0,25.681,0.250,Stuck,219,q_table_v5.json,False
892,Bot 06,B06,True,67.793,2,1,0,0,25.842,0.250,Stuck,219,q_table_v5.json,False
893,Bot 10,B10,True,68.810,2,1,0,0,26.592,0.250,Stuck,219,q_table_v5.json,False
894,Bot 07,B07,True,99.661,3,2,0,0,29.986,0.250,Stuck,219,q_table_v5.json,False
895,Bot 04,B04,True,103.748,3,2,5,0,31.317,0.250,Stuck,219,q_table_v5.json,False
896,Bot 02,B02,True,106.049,3,2,0,0,32.554,0.250,Stuck,219,q_table_v5.json,False
897,Bot 05,B05,True,67.618,2,1,0,0,26.260,0.250,Stuck,219,q_table_v5.json,False
898,Bot 03,B03,True,221.514,6,5,3,0,40.180,0.250,Stuck,219,q_table_v5.json,False
899,Bot 06,B06,True,142.229,4,3,0,0,35.124,0.250,Stuck,219,q_table_v5.json,False
900,Bot 08,B08,True,252.213,7,6,7,0,49.869,0.250,Stuck,219,q_table_v5.json,False
901,Bot 07,B07,True,146.002,4,3,1,0,41.082,0.250,Stuck,219,q_table_v5.json,False
902,Bot 10,B10,True,226.003,6,5,2,1,48.808,0.250,Stuck,220,q_table_v5.json,False
903,Bot 09,B09,True,240.646,7,6,3,1,73.985,0.250,Stuck,220,q_table_v5.json,False
904,Bot 02,B02,True,253.692,7,6,2,0,49.124,0.250,Stuck,220,q_table_v5.json,False
905,Bot 03,B03,True,253.802,7,6,0,0,40.596,0.250,Stuck,220,q_table_v5.json,False
906,Bot 05,B05,True,255.325,7,6,4,1,53.438,0.250,Stuck,220,q_table_v5.json,False
907,Bot 07,B07,True,99.973,3,2,0,0,35.629,0.250,Stuck,220,q_table_v5.json,False
908,Bot 08,B08,True,219.865,6,5,1,0,45.901,0.250,Stuck,220,q_table_v5.json,False
909,Bot 01,B01,True,324.568,9,8,1,1,90.048,0.250,TimeLimit,220,q_table_v5.json,False
910,Bot 10,B10,True,146.226,4,3,0,0,37.763,0.250,Stuck,220,q_table_v5.json,False
911,Bot 04,B04,True,252.671,7,6,5,0,70.361,0.250,Stuck,220,q_table_v5.json,False
912,Bot 09,B09,True,139.875,4,3,3,0,35.451,0.250,Stuck,220,q_table_v5.json,False
913,Bot 02,B02,True,137.952,4,3,0,0,36.618,0.250,Stuck,220,q_table_v5.json,False
914,Bot 07,B07,True,67.896,2,1,0,0,25.264,0.250,Stuck,220,q_table_v5.json,False
915,Bot 06,B06,True,321.223,9,8,6,0,71.326,0.250,Stuck,220,q_table_v5.json,False
916,Bot 05,B05,True,103.909,3,2,0,0,33.048,0.250,Stuck,220,q_table_v5.json,False
917,Bot 08,B08,True,216.342,6,5,4,1,42.079,0.250,Stuck,221,q_table_v5.json,False
918,Bot 04,B04,True,103.976,3,2,0,0,35.426,0.250,Stuck,223,q_table_v5.json,False
919,Bot 10,B10,True,247.129,7,6,1,0,41.335,0.250,Stuck,223,q_table_v5.json,False
920,Bot 03,B03,True,319.986,9,8,5,0,61.962,0.250,Stuck,223,q_table_v5.json,False
921,Bot 06,B06,True,99.740,3,2,0,0,31.816,0.250,Stuck,223,q_table_v5.json,False
922,Bot 01,B01,True,225.644,6,5,1,0,58.070,0.250,Stuck,223,q_table_v5.json,False
923,Bot 05,B05,True,224.460,6,5,1,0,40.429,0.250,Stuck,223,q_table_v5.json,False
924,Bot 07,B07,True,257.615,7,6,5,0,47.472,0.250,Stuck,223,q_table_v5.json,False
925,Bot 02,B02,True,218.532,6,5,1,1,52.194,0.250,Stuck,223,q_table_v5.json,False
926,Bot 04,B04,True,101.097,3,2,4,0,33.307,0.250,Stuck,224,q_table_v5.json,False
927,Bot 09,B09,True,322.376,9,8,2,0,64.699,0.250,Stuck,224,q_table_v5.json,False
928,Bot 03,B03,True,140.426,4,3,5,0,36.950,0.250,Stuck,224,q_table_v5.json,False
929,Bot 08,B08,True,220.041,6,5,3,1,52.684,0.250,Stuck,224,q_table_v5.json,False
930,Bot 01,B01,True,138.070,4,3,0,0,33.550,0.250,Stuck,224,q_table_v5.json,False
931,Bot 05,B05,True,103.923,3,2,0,0,31.479,0.250,Stuck,224,q_table_v5.json,False
932,Bot 06,B06,True,170.660,5,4,0,1,44.978,0.250,Stuck,224,q_table_v5.json,False
933,Bot 04,B04,True,104.852,3,2,0,0,31.556,0.250,Stuck,224,q_table_v5.json,False
934,Bot 10,B10,True,243.366,7,6,3,0,65.859,0.250,Stuck,224,q_table_v5.json,False
935,Bot 03,B03,True,67.262,2,1,0,0,25.265,0.250,Stuck,224,q_table_v5.json,False
936,Bot 08,B08,True,99.141,3,2,0,0,33.634,0.250,Stuck,224,q_table_v5.json,False
937,Bot 07,B07,True,319.380,9,8,3,0,55.915,0.250,Stuck,224,q_table_v5.json,False
938,Bot 09,B09,True,176.129,5,4,4,1,43.490,0.250,Stuck,224,q_table_v5.json,False
939,Bot 02,B02,True,213.517,6,5,2,2,53.345,0.250,Stuck,224,q_table_v5.json,False
940,Bot 06,B06,True,103.437,3,2,0,0,32.309,0.250,Stuck,224,q_table_v5.json,False
941,Bot 01,B01,True,175.370,5,4,0,0,38.358,0.250,Stuck,224,q_table_v5.json,False
942,Bot 05,B05,True,222.735,6,5,9,0,50.617,0.250,Stuck,224,q_table_v5.json,False
943,Bot 04,B04,True,176.011,5,4,0,0,43.330,0.250,Stuck,224,q_table_v5.json,False
944,Bot 03,B03,True,181.243,5,4,0,1,42.087,0.250,Stuck,224,q_table_v5.json,False
945,Bot 08,B08,True,102.692,3,2,0,0,32.473,0.250,Stuck,224,q_table_v5.json,False
946,Bot 09,B09,True,99.767,3,2,0,0,31.815,0.250,Stuck,224,q_table_v5.json,False
947,Bot 07,B07,True,147.370,4,3,0,0,34.380,0.250,Stuck,224,q_table_v5.json,False
948,Bot 06,B06,True,143.898,4,3,1,0,35.708,0.250,Stuck,224,q_table_v5.json,False
949,Bot 02,B02,True,248.921,7,6,3,0,48.050,0.250,Stuck,224,q_table_v5.json,False
950,Bot 10,B10,True,246.268,7,6,3,0,64.366,0.250,Stuck,224,q_table_v5.json,False
951,Bot 07,B07,True,69.015,2,1,0,0,25.267,0.250,Stuck,224,q_table_v5.json,False
952,Bot 04,B04,True,144.234,4,3,2,1,41.088,0.250,Stuck,224,q_table_v5.json,False
953,Bot 03,B03,True,144.902,4,3,0,0,35.289,0.250,Stuck,224,q_table_v5.json,False
954,Bot 05,B05,True,221.532,6,5,5,0,44.899,0.250,Stuck,224,q_table_v5.json,False
955,Bot 09,B09,True,136.748,4,3,0,0,35.129,0.250,Stuck,224,q_table_v5.json,False
956,Bot 01,B01,True,227.217,6,5,2,0,59.892,0.250,Stuck,224,q_table_v5.json,False
957,Bot 02,B02,True,65.078,2,1,0,0,25.762,0.250,Stuck,224,q_table_v5.json,False
958,Bot 10,B10,True,68.553,2,1,0,0,25.267,0.250,Stuck,224,q_table_v5.json,False
959,Bot 06,B06,True,148.541,4,3,0,0,35.289,0.250,Stuck,224,q_table_v5.json,False
960,Bot 08,B08,True,216.895,6,5,4,1,44.905,0.250,Stuck,224,q_table_v5.json,False
961,Bot 07,B07,True,32.126,1,0,0,0,23.366,0.250,Stuck,224,q_table_v5.json,False
962,Bot 04,B04,True,66.828,2,1,0,0,25.927,0.250,Stuck,224,q_table_v5.json,False
963,Bot 03,B03,True,67.196,2,1,0,0,25.264,0.250,Stuck,224,q_table_v5.json,False
964,Bot 05,B05,True,66.821,2,1,0,0,25.270,0.250,Stuck,224,q_table_v5.json,False
965,Bot 09,B09,True,68.528,2,1,0,0,26.254,0.250,Stuck,224,q_table_v5.json,False
966,Bot 01,B01,True,68.382,2,1,0,0,25.764,0.250,Stuck,224,q_table_v5.json,False
967,Bot 02,B02,True,66.027,2,1,0,0,25.269,0.250,Stuck,224,q_table_v5.json,False
968,Bot 08,B08,True,69.950,2,1,0,0,25.677,0.250,Stuck,224,q_table_v5.json,False
969,Bot 06,B06,True,69.833,2,1,0,0,26.093,0.250,Stuck,224,q_table_v5.json,False
970,Bot 10,B10,True,67.989,2,1,0,0,27.010,0.250,Stuck,224,q_table_v5.json,False
971,Bot 07,B07,True,67.167,2,1,0,0,28.661,0.250,Stuck,224,q_table_v5.json,False
972,Bot 03,B03,True,62.494,2,1,0,0,25.185,0.250,Stuck,224,q_table_v5.json,False
973,Bot 04,B04,True,69.785,2,1,0,0,26.677,0.250,Stuck,224,q_table_v5.json,False
974,Bot 05,B05,True,62.529,2,1,0,0,25.267,0.250,Stuck,224,q_table_v5.json,False
975,Bot 09,B09,True,63.303,2,1,0,0,25.269,0.250,Stuck,224,q_table_v5.json,False
976,Bot 01,B01,True,65.210,2,1,0,0,26.015,0.250,Stuck,224,q_table_v5.json,False
977,Bot 02,B02,True,67.803,2,1,0,0,27.919,0.250,Stuck,224,q_table_v5.json,False
978,Bot 08,B08,True,71.408,2,1,0,0,26.345,0.250,Stuck,224,q_table_v5.json,False
979,Bot 06,B06,True,71.918,2,1,0,0,26.259,0.250,Stuck,224,q_table_v5.json,False
980,Bot 10,B10,True,64.445,2,1,0,0,26.423,0.250,Stuck,224,q_table_v5.json,False
981,Bot 07,B07,True,63.063,2,1,0,0,25.265,0.250,Stuck,224,q_table_v5.json,False
982,Bot 05,B05,True,66.971,2,1,6,0,25.267,0.250,Stuck,224,q_table_v5.json,False
983,Bot 09,B09,True,71.710,2,1,0,0,25.264,0.250,Stuck,224,q_table_v5.json,False
984,Bot 01,B01,True,69.358,2,1,0,0,25.265,0.250,Stuck,224,q_table_v5.json,False
985,Bot 04,B04,True,99.018,3,2,0,0,32.557,0.250,Stuck,224,q_table_v5.json,False
986,Bot 10,B10,True,35.641,1,0,0,0,24.270,0.250,Stuck,224,q_table_v5.json,False
987,Bot 06,B06,True,67.520,2,1,0,0,25.266,0.250,Stuck,224,q_table_v5.json,False
988,Bot 08,B08,True,62.182,2,1,0,0,26.590,0.250,Stuck,224,q_table_v5.json,False
989,Bot 03,B03,True,255.873,7,6,6,0,46.557,0.250,Stuck,224,q_table_v5.json,False
990,Bot 05,B05,True,69.721,2,1,0,0,25.928,0.250,Stuck,224,q_table_v5.json,False
991,Bot 07,B07,True,98.862,3,2,0,0,34.295,0.250,Stuck,225,q_table_v5.json,False
992,Bot 01,B01,True,59.176,2,1,4,2,25.268,0.250,Stuck,225,q_table_v5.json,False
993,Bot 09,B09,True,66.936,2,1,0,0,27.345,0.250,Stuck,225,q_table_v5.json,False
994,Bot 08,B08,True,67.252,2,1,0,0,25.268,0.250,Stuck,225,q_table_v5.json,False
995,Bot 10,B10,True,140.599,4,3,0,0,36.454,0.250,Stuck,225,q_table_v5.json,False
996,Bot 06,B06,True,154.411,4,3,0,1,39.932,0.250,Stuck,225,q_table_v5.json,False
997,Bot 04,B04,True,250.178,7,6,10,0,52.187,0.250,Stuck,225,q_table_v5.json,False
998,Bot 08,B08,True,67.521,2,1,0,0,25.266,0.250,Stuck,225,q_table_v5.json,False
999,Bot 03,B03,True,260.658,7,6,1,0,47.053,0.250,Stuck,225,q_table_v5.json,False
1000,Bot 02,B02,True,310.917,9,8,6,2,86.069,0.250,Stuck,225,q_table_v5.json,False
1001,Bot 05,B05,True,220.487,6,5,0,0,47.551,0.250,Stuck,225,q_table_v5.json,False
1002,Bot 07,B07,True,249.322,7,6,0,0,48.462,0.250,Stuck,225,q_table_v5.json,False
1003,Bot 10,B10,True,102.141,3,2,0,0,30.733,0.250,Stuck,225,q_table_v5.json,False
1004,Bot 09,B09,True,262.432,7,6,3,0,50.691,0.250,Stuck,225,q_table_v5.json,False
1005,Bot 06,B06,True,109.405,3,2,0,0,31.150,0.250,Stuck,225,q_table_v5.json,False
1006,Bot 01,B01,True,252.654,7,6,1,1,54.461,0.250,Stuck,225,q_table_v5.json,False
1007,Bot 04,B04,True,102.606,3,2,0,0,31.067,0.250,Stuck,225,q_table_v5.json,False
1008,Bot 08,B08,True,66.905,2,1,0,0,26.594,0.250,Stuck,225,q_table_v5.json,False
1009,Bot 05,B05,True,64.819,2,1,0,0,25.267,0.250,Stuck,226,q_table_v5.json,False
1010,Bot 03,B03,True,106.374,3,2,0,0,32.227,0.250,Stuck,226,q_table_v5.json,False
1011,Bot 07,B07,True,71.392,2,1,0,0,28.414,0.250,Stuck,226,q_table_v5.json,False
1012,Bot 09,B09,True,65.366,2,1,0,0,25.682,0.250,Stuck,226,q_table_v5.json,False
1013,Bot 10,B10,True,68.032,2,1,0,0,27.088,0.250,Stuck,226,q_table_v5.json,False
1014,Bot 06,B06,True,65.582,2,1,0,0,25.264,0.250,Stuck,226,q_table_v5.json,False
1015,Bot 02,B02,True,138.933,4,3,8,0,36.371,0.250,Stuck,226,q_table_v5.json,False
1016,Bot 01,B01,True,66.461,2,1,0,0,25.231,0.250,Stuck,226,q_table_v5.json,False
1017,Bot 08,B08,True,72.581,2,1,0,0,25.763,0.250,Stuck,226,q_table_v5.json,False
1018,Bot 04,B04,True,65.765,2,1,0,0,26.427,0.250,Stuck,226,q_table_v5.json,False
1019,Bot 05,B05,True,70.393,2,1,0,0,25.270,0.250,Stuck,226,q_table_v5.json,False
1020,Bot 03,B03,True,64.415,2,1,0,0,25.289,0.250,Stuck,226,q_table_v5.json,False
1021,Bot 07,B07,True,64.021,2,1,0,0,25.268,0.250,Stuck,226,q_table_v5.json,False
1022,Bot 10,B10,True,69.270,2,1,1,0,25.267,0.250,Stuck,226,q_table_v5.json,False
1023,Bot 02,B02,True,66.180,2,1,1,0,28.416,0.250,Stuck,226,q_table_v5.json,False
1024,Bot 01,B01,True,104.340,3,2,0,0,30.321,0.250,Stuck,226,q_table_v5.json,False
1025,Bot 08,B08,True,65.858,2,1,0,0,25.265,0.250,Stuck,226,q_table_v5.json,False
1026,Bot 04,B04,True,67.753,2,1,0,0,25.264,0.250,Stuck,226,q_table_v5.json,False
1027,Bot 09,B09,True,98.790,3,2,1,2,38.608,0.250,Stuck,226,q_table_v5.json,False
1028,Bot 03,B03,True,73.665,2,1,0,0,25.247,0.250,Stuck,226,q_table_v5.json,False
1029,Bot 05,B05,True,73.106,2,1,0,0,28.494,0.250,Stuck,226,q_table_v5.json,False
1030,Bot 10,B10,True,69.834,2,1,0,0,26.757,0.250,Stuck,226,q_table_v5.json,False
1031,Bot 07,B07,True,100.411,3,2,0,0,33.551,0.250,Stuck,227,q_table_v5.json,False
1032,Bot 01,B01,True,66.059,2,1,0,0,25.603,0.250,Stuck,227,q_table_v5.json,False
1033,Bot 02,B02,True,62.649,2,1,0,0,28.992,0.250,Stuck,227,q_table_v5.json,False
1034,Bot 06,B06,True,215.237,6,5,1,4,59.332,0.250,Stuck,227,q_table_v5.json,False
1035,Bot 09,B09,True,103.827,3,2,0,0,30.980,0.250,Stuck,227,q_table_v5.json,False
1036,Bot 03,B03,True,73.352,2,1,0,0,25.265,0.250,Stuck,227,q_table_v5.json,False
1037,Bot 04,B04,True,98.480,3,2,0,0,35.374,0.250,Stuck,227,q_table_v5.json,False
1038,Bot 08,B08,True,135.289,4,3,0,0,38.443,0.250,Stuck,227,q_table_v5.json,False
1039,Bot 05,B05,True,68.705,2,1,1,1,27.350,0.250,Stuck,227,q_table_v5.json,False
1040,Bot 10,B10,True,67.598,2,1,0,0,25.282,0.250,Stuck,227,q_table_v5.json,False
1041,Bot 07,B07,True,69.077,2,1,0,0,25.266,0.250,Stuck,227,q_table_v5.json,False
1042,Bot 02,B02,True,73.795,2,1,1,0,27.005,0.250,Stuck,227,q_table_v5.json,False
1043,Bot 06,B06,True,68.304,2,1,0,0,25.911,0.250,Stuck,227,q_table_v5.json,False
1044,Bot 04,B04,True,68.022,2,1,0,0,26.590,0.250,Stuck,227,q_table_v5.json,False
1045,Bot 08,B08,True,67.040,2,1,0,0,25.269,0.250,Stuck,227,q_table_v5.json,False
1046,Bot 05,B05,True,67.098,2,1,0,0,25.256,0.250,Stuck,227,q_table_v5.json,False
1047,Bot 01,B01,True,224.502,6,5,3,0,41.250,0.250,Stuck,227,q_table_v5.json,False
1048,Bot 10,B10,True,65.535,2,1,0,0,26.601,0.250,Stuck,227,q_table_v5.json,False
1049,Bot 09,B09,True,248.123,7,6,1,0,48.295,0.250,Stuck,227,q_table_v5.json,False
1050,Bot 03,B03,True,220.469,6,5,4,0,49.455,0.250,Stuck,227,q_table_v5.json,False
1051,Bot 06,B06,True,98.138,3,2,0,0,33.054,0.250,Stuck,227,q_table_v5.json,False
1052,Bot 04,B04,True,72.855,2,1,0,0,26.263,0.250,Stuck,228,q_table_v5.json,False
1053,Bot 05,B05,True,70.450,2,1,0,0,25.266,0.250,Stuck,228,q_table_v5.json,False
1054,Bot 01,B01,True,69.406,2,1,1,0,27.090,0.250,Stuck,228,q_table_v5.json,False
1055,Bot 10,B10,True,73.222,2,1,0,0,25.242,0.250,Stuck,228,q_table_v5.json,False
1056,Bot 07,B07,True,133.746,4,3,5,1,46.392,0.250,Stuck,228,q_table_v5.json,False
1057,Bot 08,B08,True,104.026,3,2,0,0,32.467,0.250,Stuck,228,q_table_v5.json,False
1058,Bot 02,B02,True,255.278,7,6,7,0,55.337,0.250,Stuck,228,q_table_v5.json,False
1059,Bot 09,B09,True,68.890,2,1,0,0,25.266,0.250,Stuck,228,q_table_v5.json,False
1060,Bot 03,B03,True,69.033,2,1,0,0,25.267,0.250,Stuck,228,q_table_v5.json,False
1061,Bot 06,B06,True,67.004,2,1,0,0,25.432,0.250,Stuck,228,q_table_v5.json,False
1062,Bot 04,B04,True,71.260,2,1,1,0,25.267,0.250,Stuck,228,q_table_v5.json,False
1063,Bot 05,B05,True,71.662,2,1,0,0,25.687,0.250,Stuck,228,q_table_v5.json,False
1064,Bot 10,B10,True,62.292,2,1,0,0,25.269,0.250,Stuck,228,q_table_v5.json,False
1065,Bot 07,B07,True,69.130,2,1,1,0,25.269,0.250,Stuck,228,q_table_v5.json,False
1066,Bot 08,B08,True,66.546,2,1,0,0,25.764,0.250,Stuck,228,q_table_v5.json,False
1067,Bot 03,B03,True,65.101,2,1,0,0,25.270,0.250,Stuck,228,q_table_v5.json,False
1068,Bot 09,B09,True,68.318,2,1,0,0,27.920,0.250,Stuck,228,q_table_v5.json,False
1069,Bot 06,B06,True,67.081,2,1,0,0,26.432,0.250,Stuck,228,q_table_v5.json,False
1070,Bot 04,B04,True,65.429,2,1,0,0,26.594,0.250,Stuck,228,q_table_v5.json,False
1071,Bot 05,B05,True,68.353,2,1,0,0,26.175,0.250,Stuck,228,q_table_v5.json,False
1072,Bot 01,B01,True,225.621,6,5,11,0,50.864,0.250,Stuck,228,q_table_v5.json,False
1073,Bot 07,B07,True,76.449,2,1,0,0,25.430,0.250,Stuck,228,q_table_v5.json,False
1074,Bot 08,B08,True,68.672,2,1,0,0,25.269,0.250,Stuck,228,q_table_v5.json,False
1075,Bot 02,B02,True,254.795,7,6,1,0,50.220,0.250,Stuck,228,q_table_v5.json,False
1076,Bot 03,B03,True,65.614,2,1,0,0,27.668,0.250,Stuck,228,q_table_v5.json,False
1077,Bot 09,B09,True,67.453,2,1,0,0,27.089,0.250,Stuck,228,q_table_v5.json,False
1078,Bot 10,B10,True,226.161,6,5,10,0,49.455,0.250,Stuck,228,q_table_v5.json,False
1079,Bot 06,B06,True,102.730,3,2,0,0,33.297,0.250,Stuck,228,q_table_v5.json,False
1080,Bot 04,B04,True,105.502,3,2,0,0,32.388,0.250,Stuck,228,q_table_v5.json,False
1081,Bot 01,B01,True,145.416,4,3,3,0,35.867,0.250,Stuck,228,q_table_v5.json,False
1082,Bot 07,B07,True,177.799,5,4,1,0,36.451,0.250,Stuck,228,q_table_v5.json,False
1083,Bot 08,B08,True,140.474,4,3,1,0,35.787,0.250,Stuck,228,q_table_v5.json,False
1084,Bot 05,B05,True,102.450,3,2,1,1,42.994,0.250,Stuck,228,q_table_v5.json,False
1085,Bot 04,B04,True,69.823,2,1,0,0,25.270,0.250,Stuck,228,q_table_v5.json,False
1086,Bot 01,B01,True,33.056,1,0,0,0,23.730,0.250,Stuck,228,q_table_v5.json,False
1087,Bot 03,B03,True,223.810,6,5,1,0,41.586,0.250,Stuck,228,q_table_v5.json,False
1088,Bot 07,B07,True,71.278,2,1,0,0,25.348,0.250,Stuck,228,q_table_v5.json,False
1089,Bot 09,B09,True,223.403,6,5,2,0,48.958,0.250,Stuck,228,q_table_v5.json,False
1090,Bot 10,B10,True,99.764,3,2,0,2,46.308,0.250,Stuck,228,q_table_v5.json,False
1091,Bot 06,B06,True,257.458,7,6,4,0,46.145,0.250,Stuck,228,q_table_v5.json,False
1092,Bot 08,B08,True,108.600,3,2,0,0,35.789,0.250,Stuck,228,q_table_v5.json,False
1093,Bot 05,B05,True,144.130,4,3,5,0,35.785,0.250,Stuck,228,q_table_v5.json,False
1094,Bot 01,B01,True,33.731,1,0,0,0,22.667,0.250,Stuck,228,q_table_v5.json,False
1095,Bot 04,B04,True,68.799,2,1,0,0,26.510,0.250,Stuck,228,q_table_v5.json,False
1096,Bot 02,B02,True,244.272,7,6,11,2,72.883,0.250,Stuck,228,q_table_v5.json,False
1097,Bot 03,B03,True,67.203,2,1,0,0,26.756,0.250,Stuck,228,q_table_v5.json,False
1098,Bot 07,B07,True,67.412,2,1,2,0,25.681,0.250,Stuck,228,q_table_v5.json,False
1099,Bot 09,B09,True,104.853,3,2,0,0,31.150,0.250,Stuck,228,q_table_v5.json,False
1100,Bot 10,B10,True,105.080,3,2,0,0,33.802,0.250,Stuck,228,q_table_v5.json,False
1101,Bot 08,B08,True,102.828,3,2,0,0,30.487,0.250,Stuck,228,q_table_v5.json,False
1102,Bot 01,B01,True,66.518,2,1,0,0,25.268,0.250,Stuck,228,q_table_v5.json,False
1103,Bot 05,B05,True,105.226,3,2,0,0,30.322,0.250,Stuck,228,q_table_v5.json,False
1104,Bot 04,B04,True,66.134,2,1,0,0,27.583,0.250,Stuck,228,q_table_v5.json,False
1105,Bot 02,B02,True,70.950,2,1,0,0,25.352,0.250,Stuck,228,q_table_v5.json,False
1106,Bot 03,B03,True,75.650,2,1,0,0,27.588,0.250,Stuck,228,q_table_v5.json,False
1107,Bot 06,B06,True,263.813,7,6,4,0,46.810,0.250,Stuck,228,q_table_v5.json,False
1108,Bot 09,B09,True,75.458,2,1,0,0,26.261,0.250,Stuck,228,q_table_v5.json,False
1109,Bot 01,B01,True,67.074,2,1,0,0,25.262,0.250,Stuck,228,q_table_v5.json,False
1110,Bot 05,B05,True,65.494,2,1,0,0,26.426,0.250,Stuck,228,q_table_v5.json,False
1111,Bot 10,B10,True,142.071,4,3,0,0,32.639,0.250,Stuck,228,q_table_v5.json,False
1112,Bot 07,B07,True,220.648,6,5,1,0,49.873,0.250,Stuck,228,q_table_v5.json,False
1113,Bot 02,B02,True,108.745,3,2,0,0,30.318,0.250,Stuck,228,q_table_v5.json,False
1114,Bot 04,B04,True,146.564,4,3,0,0,34.464,0.250,Stuck,228,q_table_v5.json,False
1115,Bot 06,B06,True,66.769,2,1,0,0,25.262,0.250,Stuck,228,q_table_v5.json,False
1116,Bot 09,B09,True,70.559,2,1,0,0,28.002,0.250,Stuck,228,q_table_v5.json,False
1117,Bot 05,B05,True,64.658,2,1,0,0,25.264,0.250,Stuck,228,q_table_v5.json,False
1118,Bot 01,B01,True,67.720,2,1,0,0,27.092,0.250,Stuck,228,q_table_v5.json,False
1119,Bot 03,B03,True,220.676,6,5,7,0,44.319,0.250,Stuck,228,q_table_v5.json,False
1120,Bot 10,B10,True,65.232,2,1,0,0,25.268,0.250,Stuck,228,q_table_v5.json,False
1121,Bot 08,B08,True,242.308,7,6,8,3,59.976,0.250,Stuck,228,q_table_v5.json,False
1122,Bot 02,B02,True,72.677,2,1,0,0,27.340,0.250,Stuck,228,q_table_v5.json,False
1123,Bot 04,B04,True,68.462,2,1,1,0,26.425,0.250,Stuck,228,q_table_v5.json,False
1124,Bot 09,B09,True,65.419,2,1,0,0,25.677,0.250,Stuck,228,q_table_v5.json,False
1125,Bot 06,B06,True,103.352,3,2,0,1,36.862,0.250,Stuck,228,q_table_v5.json,False
1126,Bot 03,B03,True,63.061,2,1,0,0,25.271,0.250,Stuck,228,q_table_v5.json,False
1127,Bot 05,B05,True,74.570,2,1,0,0,29.161,0.250,Stuck,228,q_table_v5.json,False
1128,Bot 10,B10,True,71.175,2,1,0,0,27.585,0.250,Stuck,228,q_table_v5.json,False
1129,Bot 08,B08,True,66.007,2,1,0,0,25.277,0.250,Stuck,228,q_table_v5.json,False
1130,Bot 04,B04,True,67.173,2,1,1,0,25.271,0.250,Stuck,228,q_table_v5.json,False
1131,Bot 02,B02,True,65.902,2,1,0,0,26.014,0.250,Stuck,228,q_table_v5.json,False
1132,Bot 07,B07,True,247.829,7,6,1,1,58.566,0.250,Stuck,228,q_table_v5.json,False
1133,Bot 09,B09,True,68.029,2,1,0,0,25.271,0.250,Stuck,228,q_table_v5.json,False
1134,Bot 06,B06,True,65.639,2,1,0,0,26.432,0.250,Stuck,228,q_table_v5.json,False
1135,Bot 03,B03,True,62.300,2,1,0,0,25.678,0.250,Stuck,228,q_table_v5.json,False
1136,Bot 05,B05,True,63.692,2,1,0,0,25.271,0.250,Stuck,228,q_table_v5.json,False
1137,Bot 10,B10,True,68.372,2,1,0,0,25.268,0.250,Stuck,228,q_table_v5.json,False
1138,Bot 08,B08,True,69.932,2,1,0,0,25.254,0.250,Stuck,228,q_table_v5.json,False
1139,Bot 04,B04,True,65.840,2,1,0,0,25.262,0.250,Stuck,228,q_table_v5.json,False
1140,Bot 02,B02,True,63.170,2,1,0,0,25.263,0.250,Stuck,228,q_table_v5.json,False
1141,Bot 07,B07,True,64.536,2,1,0,0,27.008,0.250,Stuck,228,q_table_v5.json,False
1142,Bot 01,B01,True,246.751,7,6,3,4,69.252,0.250,Stuck,228,q_table_v5.json,False
1143,Bot 09,B09,True,66.480,2,1,0,0,27.005,0.250,Stuck,228,q_table_v5.json,False
1144,Bot 06,B06,True,73.469,2,1,0,0,25.931,0.250,Stuck,228,q_table_v5.json,False
1145,Bot 03,B03,True,67.809,2,1,0,0,25.265,0.250,Stuck,228,q_table_v5.json,False
1146,Bot 05,B05,True,67.170,2,1,0,0,26.671,0.250,Stuck,228,q_table_v5.json,False
1147,Bot 10,B10,True,66.706,2,1,0,0,25.347,0.250,Stuck,228,q_table_v5.json,False
1148,Bot 08,B08,True,68.427,2,1,0,0,26.593,0.250,Stuck,228,q_table_v5.json,False
1149,Bot 04,B04,True,67.226,2,1,0,0,25.434,0.250,Stuck,228,q_table_v5.json,False
1150,Bot 07,B07,True,28.810,1,0,2,1,22.699,0.250,Stuck,229,q_table_v5.json,False
1151,Bot 01,B01,True,64.233,2,1,0,0,25.268,0.250,Stuck,229,q_table_v5.json,False
1152,Bot 09,B09,True,67.667,2,1,0,0,26.341,0.250,Stuck,229,q_table_v5.json,False
1153,Bot 06,B06,True,67.447,2,1,0,0,28.079,0.250,Stuck,229,q_table_v5.json,False
1154,Bot 03,B03,True,68.936,2,1,0,0,27.918,0.250,Stuck,229,q_table_v5.json,False
1155,Bot 10,B10,True,65.866,2,1,0,0,25.435,0.250,Stuck,229,q_table_v5.json,False
1156,Bot 02,B02,True,184.743,5,4,5,2,47.302,0.250,Stuck,229,q_table_v5.json,False
1157,Bot 08,B08,True,72.068,2,1,0,0,25.266,0.250,Stuck,229,q_table_v5.json,False
1158,Bot 07,B07,True,67.763,2,1,0,0,25.267,0.250,Stuck,229,q_table_v5.json,False
1159,Bot 05,B05,True,222.284,6,5,1,0,40.179,0.250,Stuck,229,q_table_v5.json,False
1160,Bot 01,B01,True,67.294,2,1,0,0,27.502,0.250,Stuck,229,q_table_v5.json,False
1161,Bot 09,B09,True,66.718,2,1,0,0,25.269,0.250,Stuck,229,q_table_v5.json,False
1162,Bot 06,B06,True,102.962,3,2,0,0,31.978,0.250,Stuck,229,q_table_v5.json,False
1163,Bot 02,B02,True,101.118,3,2,1,0,30.984,0.250,Stuck,229,q_table_v5.json,False
1164,Bot 08,B08,True,99.228,3,2,0,0,32.170,0.250,Stuck,229,q_table_v5.json,False
1165,Bot 04,B04,True,250.347,7,6,9,0,55.835,0.250,Stuck,229,q_table_v5.json,False
1166,Bot 09,B09,True,66.831,2,1,0,0,25.432,0.250,Stuck,229,q_table_v5.json,False
1167,Bot 07,B07,True,135.703,4,3,4,1,39.515,0.250,Stuck,229,q_table_v5.json,False
1168,Bot 01,B01,True,107.025,3,2,0,0,31.812,0.250,Stuck,229,q_table_v5.json,False
1169,Bot 10,B10,True,216.264,6,5,2,1,50.033,0.250,Stuck,229,q_table_v5.json,False
1170,Bot 06,B06,True,69.554,2,1,0,0,25.928,0.250,Stuck,229,q_table_v5.json,False
1171,Bot 03,B03,True,245.142,7,6,1,2,57.245,0.250,Stuck,229,q_table_v5.json,False
1172,Bot 08,B08,True,32.644,1,0,0,0,22.671,0.250,Stuck,229,q_table_v5.json,False
1173,Bot 04,B04,True,65.564,2,1,0,0,25.764,0.250,Stuck,229,q_table_v5.json,False
1174,Bot 02,B02,True,104.298,3,2,0,0,29.739,0.250,Stuck,229,q_table_v5.json,False
1175,Bot 05,B05,True,221.431,6,5,4,1,50.367,0.250,Stuck,229,q_table_v5.json,False
1176,Bot 09,B09,True,68.421,2,1,0,0,25.266,0.250,Stuck,229,q_table_v5.json,False
1177,Bot 07,B07,True,70.987,2,1,0,0,25.270,0.250,Stuck,229,q_table_v5.json,False
1178,Bot 01,B01,True,62.363,2,1,0,3,26.014,0.250,Stuck,229,q_table_v5.json,False
1179,Bot 10,B10,True,66.526,2,1,0,0,25.268,0.250,Stuck,229,q_table_v5.json,False
1180,Bot 08,B08,True,62.975,2,1,0,0,25.433,0.250,Stuck,229,q_table_v5.json,False
1181,Bot 09,B09,True,65.976,2,1,0,0,26.260,0.250,Stuck,229,q_table_v5.json,False
1182,Bot 02,B02,True,106.349,3,2,0,0,31.894,0.250,Stuck,229,q_table_v5.json,False
1183,Bot 05,B05,True,102.705,3,2,0,0,32.061,0.250,Stuck,229,q_table_v5.json,False
1184,Bot 06,B06,True,133.155,4,3,6,1,42.830,0.250,Stuck,229,q_table_v5.json,False
1185,Bot 07,B07,True,69.248,2,1,0,0,26.009,0.250,Stuck,229,q_table_v5.json,False
1186,Bot 01,B01,True,68.320,2,1,0,0,25.596,0.250,Stuck,229,q_table_v5.json,False
1187,Bot 10,B10,True,39.603,1,0,0,0,22.697,0.250,Stuck,229,q_table_v5.json,False
1188,Bot 04,B04,True,250.273,7,6,3,0,45.729,0.250,Stuck,229,q_table_v5.json,False
1189,Bot 08,B08,True,70.586,2,1,0,0,25.267,0.250,Stuck,229,q_table_v5.json,False
1190,Bot 03,B03,True,213.347,6,5,8,3,59.818,0.250,Stuck,229,q_table_v5.json,False
1191,Bot 09,B09,True,72.793,2,1,0,0,26.094,0.250,Stuck,229,q_table_v5.json,False
1192,Bot 02,B02,True,66.904,2,1,0,0,26.014,0.250,Stuck,229,q_table_v5.json,False
1193,Bot 05,B05,True,66.271,2,1,0,0,25.264,0.250,Stuck,229,q_table_v5.json,False
1194,Bot 06,B06,True,67.422,2,1,0,0,25.265,0.250,Stuck,229,q_table_v5.json,False
1195,Bot 07,B07,True,70.227,2,1,0,0,25.268,0.250,Stuck,229,q_table_v5.json,False
1196,Bot 01,B01,True,68.353,2,1,0,0,25.269,0.250,Stuck,229,q_table_v5.json,False
1197,Bot 10,B10,True,66.194,2,1,0,0,26.428,0.250,Stuck,229,q_table_v5.json,False
1198,Bot 04,B04,True,65.129,2,1,0,0,25.266,0.250,Stuck,229,q_table_v5.json,False
1199,Bot 08,B08,True,63.536,2,1,0,0,25.267,0.250,Stuck,229,q_table_v5.json,False
1200,Bot 03,B03,True,65.621,2,1,0,0,27.910,0.250,Stuck,229,q_table_v5.json,False
1201,Bot 09,B09,True,68.669,2,1,0,0,27.092,0.250,Stuck,229,q_table_v5.json,False
1202,Bot 06,B06,True,68.652,2,1,0,0,26.677,0.250,Stuck,229,q_table_v5.json,False
1203,Bot 07,B07,True,68.692,2,1,0,0,26.427,0.250,Stuck,229,q_table_v5.json,False
1204,Bot 01,B01,True,70.133,2,1,0,0,25.733,0.250,Stuck,229,q_table_v5.json,False
1205,Bot 05,B05,True,106.355,3,2,0,0,28.664,0.250,Stuck,229,q_table_v5.json,False
1206,Bot 02,B02,True,103.113,3,2,0,0,33.051,0.250,Stuck,229,q_table_v5.json,False
1207,Bot 08,B08,True,68.412,2,1,0,0,25.518,0.250,Stuck,229,q_table_v5.json,False
1208,Bot 04,B04,True,66.876,2,1,0,0,27.422,0.250,Stuck,229,q_table_v5.json,False
1209,Bot 10,B10,True,137.212,4,3,0,2,35.955,0.250,Stuck,229,q_table_v5.json,False
1210,Bot 01,B01,True,68.976,2,1,0,0,25.217,0.250,Stuck,229,q_table_v5.json,False
1211,Bot 05,B05,True,66.688,2,1,0,0,25.264,0.250,Stuck,229,q_table_v5.json,False
1212,Bot 07,B07,True,64.030,2,1,0,0,26.672,0.250,Stuck,229,q_table_v5.json,False
1213,Bot 02,B02,True,69.999,2,1,0,0,27.174,0.250,Stuck,229,q_table_v5.json,False
1214,Bot 03,B03,True,132.084,4,3,0,2,38.853,0.250,Stuck,229,q_table_v5.json,False
1215,Bot 08,B08,True,64.016,2,1,0,0,25.264,0.250,Stuck,229,q_table_v5.json,False
1216,Bot 10,B10,True,66.861,2,1,0,0,25.264,0.250,Stuck,229,q_table_v5.json,False
1217,Bot 06,B06,True,132.203,4,3,0,1,37.693,0.250,Stuck,229,q_table_v5.json,False
1218,Bot 09,B09,True,222.013,6,5,3,0,40.261,0.250,Stuck,229,q_table_v5.json,False
1219,Bot 04,B04,True,143.435,4,3,4,0,33.641,0.250,Stuck,229,q_table_v5.json,False
1220,Bot 01,B01,True,72.416,2,1,0,0,25.263,0.250,Stuck,229,q_table_v5.json,False
1221,Bot 07,B07,True,70.882,2,1,0,0,25.767,0.250,Stuck,229,q_table_v5.json,False
1222,Bot 03,B03,True,106.352,3,2,0,0,29.494,0.250,Stuck,229,q_table_v5.json,False
1223,Bot 06,B06,True,73.021,2,1,0,0,26.757,0.250,Stuck,229,q_table_v5.json,False
1224,Bot 10,B10,True,101.513,3,2,0,0,32.806,0.250,Stuck,229,q_table_v5.json,False
1225,Bot 05,B05,True,258.357,7,6,4,0,45.732,0.250,Stuck,229,q_table_v5.json,False
1226,Bot 02,B02,True,257.029,7,6,2,0,44.405,0.250,Stuck,229,q_table_v5.json,False
1227,Bot 04,B04,True,104.484,3,2,0,0,31.885,0.250,Stuck,229,q_table_v5.json,False
1228,Bot 01,B01,True,67.848,2,1,0,0,25.763,0.250,Stuck,229,q_table_v5.json,False
1229,Bot 07,B07,True,71.737,2,1,0,0,25.264,0.250,Stuck,229,q_table_v5.json,False
1230,Bot 08,B08,True,98.388,3,2,4,4,44.819,0.250,Stuck,229,q_table_v5.json,False
1231,Bot 09,B09,True,220.304,6,5,5,0,42.167,0.250,Stuck,229,q_table_v5.json,False
1232,Bot 03,B03,True,70.669,2,1,0,0,25.266,0.250,Stuck,229,q_table_v5.json,False
1233,Bot 06,B06,True,66.607,2,1,0,0,25.266,0.250,Stuck,229,q_table_v5.json,False
1234,Bot 10,B10,True,70.347,2,1,0,0,25.766,0.250,Stuck,229,q_table_v5.json,False
1235,Bot 02,B02,True,66.496,2,1,0,0,25.766,0.250,Stuck,229,q_table_v5.json,False
1236,Bot 01,B01,True,65.559,2,1,0,0,25.766,0.250,Stuck,229,q_table_v5.json,False
1237,Bot 09,B09,True,67.894,2,1,0,0,27.751,0.250,Stuck,229,q_table_v5.json,False
1238,Bot 04,B04,True,138.418,4,3,0,0,35.291,0.250,Stuck,229,q_table_v5.json,False
1239,Bot 06,B06,True,69.777,2,1,0,0,25.265,0.250,Stuck,229,q_table_v5.json,False
1240,Bot 05,B05,True,248.874,7,6,5,0,45.396,0.250,Stuck,229,q_table_v5.json,False
1241,Bot 07,B07,True,256.299,7,6,0,0,46.888,0.250,Stuck,229,q_table_v5.json,False
1242,Bot 10,B10,True,72.059,2,1,0,0,30.979,0.250,Stuck,229,q_table_v5.json,False
1243,Bot 08,B08,True,222.411,6,5,6,0,52.445,0.250,Stuck,229,q_table_v5.json,False
1244,Bot 01,B01,True,68.270,2,1,0,0,34.874,0.250,Stuck,229,q_table_v5.json,False
1245,Bot 03,B03,True,218.517,6,5,3,3,55.420,0.250,Stuck,229,q_table_v5.json,False
1246,Bot 09,B09,True,103.700,3,2,0,1,36.367,0.250,Stuck,229,q_table_v5.json,False
1247,Bot 02,B02,True,227.476,6,5,3,0,46.387,0.250,Stuck,229,q_table_v5.json,False
1248,Bot 05,B05,True,102.104,3,2,0,0,32.968,0.250,Stuck,229,q_table_v5.json,False
1249,Bot 06,B06,True,137.498,4,3,3,1,43.161,0.250,Stuck,230,q_table_v5.json,False
1250,Bot 04,B04,True,98.407,3,2,0,4,50.119,0.250,Stuck,230,q_table_v5.json,False
1251,Bot 08,B08,True,100.582,3,2,0,1,30.644,0.250,Stuck,230,q_table_v5.json,False
1252,Bot 07,B07,True,140.234,4,3,5,0,40.871,0.250,Stuck,230,q_table_v5.json,False
1253,Bot 10,B10,True,255.407,7,6,3,1,54.343,0.250,Stuck,232,q_table_v5.json,False
1254,Bot 03,B03,True,167.206,5,4,0,2,43.492,0.250,Stuck,232,q_table_v5.json,False
1255,Bot 01,B01,True,252.270,7,6,1,2,51.610,0.250,Stuck,232,q_table_v5.json,False
1256,Bot 09,B09,True,261.833,7,6,3,0,47.383,0.250,Stuck,232,q_table_v5.json,False
1257,Bot 06,B06,True,148.233,4,3,0,0,33.719,0.250,Stuck,232,q_table_v5.json,False
1258,Bot 02,B02,True,218.634,6,5,6,0,43.989,0.250,Stuck,232,q_table_v5.json,False
1259,Bot 05,B05,True,261.879,7,6,0,0,41.588,0.250,Stuck,232,q_table_v5.json,False
1260,Bot 04,B04,True,177.360,5,4,1,0,38.107,0.250,Stuck,232,q_table_v5.json,False
1261,Bot 08,B08,True,221.699,6,5,3,0,38.854,0.250,Stuck,232,q_table_v5.json,False
1262,Bot 07,B07,True,100.001,3,2,1,1,41.641,0.250,Stuck,232,q_table_v5.json,False
1263,Bot 03,B03,True,66.052,2,1,0,0,25.268,0.250,Stuck,232,q_table_v5.json,False
1264,Bot 06,B06,True,68.535,2,1,3,2,28.163,0.250,Stuck,232,q_table_v5.json,False
1265,Bot 04,B04,True,29.195,1,0,0,0,23.362,0.250,Stuck,232,q_table_v5.json,False
1266,Bot 01,B01,True,178.540,5,4,0,0,36.949,0.250,Stuck,232,q_table_v5.json,False
1267,Bot 05,B05,True,173.727,5,4,1,0,39.680,0.250,Stuck,232,q_table_v5.json,False
1268,Bot 03,B03,True,38.591,1,0,0,0,23.360,0.250,Stuck,232,q_table_v5.json,False
1269,Bot 02,B02,True,176.635,5,4,1,0,44.239,0.250,Stuck,232,q_table_v5.json,False
1270,Bot 06,B06,True,30.928,1,0,0,0,22.948,0.250,Stuck,232,q_table_v5.json,False
1271,Bot 10,B10,True,268.712,7,6,7,0,64.286,0.250,Stuck,232,q_table_v5.json,False
1272,Bot 08,B08,True,214.255,6,5,0,0,46.390,0.250,Stuck,232,q_table_v5.json,False
1273,Bot 04,B04,True,72.741,2,1,0,0,25.267,0.250,Stuck,232,q_table_v5.json,False
1274,Bot 07,B07,True,252.882,7,6,5,0,50.946,0.250,Stuck,232,q_table_v5.json,False
1275,Bot 09,B09,True,243.428,7,6,5,1,67.102,0.250,Stuck,232,q_table_v5.json,False
1276,Bot 01,B01,True,288.860,8,7,2,1,48.958,0.250,Stuck,232,q_table_v5.json,False
1277,Bot 05,B05,True,221.405,6,5,3,0,43.742,0.250,Stuck,232,q_table_v5.json,False
1278,Bot 02,B02,True,217.027,6,5,1,1,48.294,0.250,Stuck,232,q_table_v5.json,False
1279,Bot 08,B08,True,179.282,5,4,1,0,39.933,0.250,Stuck,232,q_table_v5.json,False
1280,Bot 03,B03,True,253.145,7,6,0,0,53.848,0.250,Stuck,232,q_table_v5.json,False
1281,Bot 04,B04,True,180.967,5,4,1,1,43.008,0.250,Stuck,232,q_table_v5.json,False
1282,Bot 07,B07,True,105.571,3,2,0,0,33.805,0.250,Stuck,232,q_table_v5.json,False
1283,Bot 09,B09,True,140.327,4,3,0,0,37.776,0.250,Stuck,232,q_table_v5.json,False
1284,Bot 06,B06,True,181.891,5,4,2,3,54.262,0.250,Stuck,232,q_table_v5.json,False
1285,Bot 05,B05,True,67.509,2,1,0,0,25.268,0.250,Stuck,232,q_table_v5.json,False
1286,Bot 10,B10,True,209.961,6,5,3,3,61.637,0.250,Stuck,232,q_table_v5.json,False
1287,Bot 07,B07,True,106.217,3,2,0,0,31.397,0.250,Stuck,232,q_table_v5.json,False
1288,Bot 04,B04,True,177.366,5,4,0,0,37.267,0.250,Stuck,232,q_table_v5.json,False
1289,Bot 01,B01,True,217.699,6,5,0,2,55.255,0.250,Stuck,232,q_table_v5.json,False
1290,Bot 08,B08,True,217.388,6,5,4,1,43.076,0.250,Stuck,232,q_table_v5.json,False
1291,Bot 06,B06,True,104.256,3,2,0,0,36.286,0.250,Stuck,232,q_table_v5.json,False
1292,Bot 02,B02,True,224.632,6,5,6,1,49.375,0.250,Stuck,232,q_table_v5.json,False
1293,Bot 03,B03,True,218.049,6,5,0,1,46.311,0.250,Stuck,232,q_table_v5.json,False
1294,Bot 09,B09,True,181.248,5,4,4,0,38.877,0.250,Stuck,232,q_table_v5.json,False
1295,Bot 05,B05,True,189.056,5,4,3,0,40.593,0.250,Stuck,232,q_table_v5.json,False
1296,Bot 07,B07,True,35.763,1,0,0,0,22.702,0.250,Stuck,232,q_table_v5.json,False
1297,Bot 10,B10,True,225.392,6,5,1,0,46.886,0.250,Stuck,232,q_table_v5.json,False
1298,Bot 02,B02,True,66.296,2,1,0,0,26.099,0.250,Stuck,232,q_table_v5.json,False
1299,Bot 08,B08,True,102.972,3,2,0,0,31.893,0.250,Stuck,232,q_table_v5.json,False
1300,Bot 04,B04,True,142.865,4,3,6,0,37.109,0.250,Stuck,233,q_table_v5.json,False
1301,Bot 01,B01,True,177.511,5,4,0,0,38.605,0.250,Stuck,233,q_table_v5.json,False
1302,Bot 05,B05,True,90.784,3,2,0,3,31.646,0.250,Stuck,233,q_table_v5.json,False
1303,Bot 09,B09,True,183.836,5,4,0,0,38.332,0.250,Stuck,233,q_table_v5.json,False
1304,Bot 03,B03,True,184.488,5,4,1,0,41.254,0.250,Stuck,233,q_table_v5.json,False
1305,Bot 10,B10,True,37.117,1,0,0,0,22.616,0.250,Stuck,233,q_table_v5.json,False
1306,Bot 06,B06,True,224.921,6,5,3,0,43.489,0.250,Stuck,233,q_table_v5.json,False
1307,Bot 07,B07,True,182.423,5,4,3,0,38.100,0.250,Stuck,233,q_table_v5.json,False
1308,Bot 04,B04,True,33.737,1,0,0,0,22.616,0.250,Stuck,233,q_table_v5.json,False
