Episode,BotName,BotId,SharedQTable,LearningEnabled,TotalReward,CheckpointsReached,BestCheckpointIndex,TargetCheckpointIndex,CoinsCollected,BombsHit,Duration,Epsilon,EndReason,LearnedStateCount,QTableFile,NewBest,TimeSinceCheckpointProgress,LastAction,LastState
1,Bot 10,B10,True,True,-17.018,0,-1,0,0,0,45.034,1.000,Stuck,80,q_table_v6.json,True,45.034,TurnLeftAndAccelerate,cp:0|dist:medium|angle:behindRight|speed:slow|progress:danger|bomb:False|fsm:Recover
2,Bot 07,B07,True,True,521.599,15,14,0,8,0,225.852,0.995,RaceComplete,259,q_table_v6.json,True,0.000,RecoveryTurn,cp:0|dist:far|angle:hardLeft|speed:slow|progress:fresh|bomb:False|fsm:Recover
3,Bot 03,B03,True,True,516.240,15,14,0,3,1,239.048,0.990,RaceComplete,262,q_table_v6.json,False,0.000,TurnRightAndAccelerate,cp:0|dist:far|angle:hardLeft|speed:cruise|progress:fresh|bomb:False|fsm:Recover
4,Bot 06,B06,True,True,513.895,15,14,0,3,0,268.088,0.985,RaceComplete,267,q_table_v6.json,False,0.000,Brake,cp:0|dist:far|angle:hardLeft|speed:slow|progress:fresh|bomb:False|fsm:Recover
5,Bot 08,B08,True,True,503.895,15,14,0,3,4,269.260,0.980,RaceComplete,267,q_table_v6.json,False,0.000,TurnLeftAndAccelerate,cp:0|dist:far|angle:hardLeft|speed:slow|progress:fresh|bomb:False|fsm:Recover
6,Bot 01,B01,True,True,509.230,15,14,0,2,1,274.978,0.975,RaceComplete,268,q_table_v6.json,False,0.000,AccelerateForward,cp:0|dist:far|angle:hardLeft|speed:slow|progress:fresh|bomb:False|fsm:Recover
7,Bot 05,B05,True,True,512.240,15,14,0,3,1,275.559,0.970,RaceComplete,268,q_table_v6.json,False,0.000,AccelerateForward,cp:0|dist:far|angle:hardLeft|speed:slow|progress:fresh|bomb:False|fsm:Recover
8,Bot 09,B09,True,True,511.421,15,14,0,3,1,279.634,0.966,RaceComplete,270,q_table_v6.json,False,0.000,HardRight,cp:0|dist:far|angle:hardLeft|speed:slow|progress:fresh|bomb:False|fsm:Recover
9,Bot 02,B02,True,True,509.489,15,14,0,1,2,285.932,0.961,RaceComplete,270,q_table_v6.json,False,0.000,RecoveryTurn,cp:0|dist:far|angle:hardLeft|speed:cruise|progress:fresh|bomb:False|fsm:Recover
10,Bot 04,B04,True,True,506.003,15,14,0,7,3,298.218,0.956,RaceComplete,271,q_table_v6.json,False,0.000,TurnLeftAndAccelerate,cp:0|dist:far|angle:hardLeft|speed:slow|progress:fresh|bomb:False|fsm:Recover
11,Bot 10,B10,True,True,520.037,15,14,0,0,0,271.274,0.951,RaceComplete,278,q_table_v6.json,False,0.000,TurnRightAndAccelerate,cp:0|dist:far|angle:hardLeft|speed:cruise|progress:fresh|bomb:False|fsm:Recover
12,Bot 07,B07,True,True,523.574,15,14,0,14,0,257.286,0.946,RaceComplete,305,q_table_v6.json,True,0.000,AccelerateForward,cp:0|dist:far|angle:hardLeft|speed:slow|progress:fresh|bomb:False|fsm:Recover
13,Bot 03,B03,True,True,524.708,15,14,0,5,0,246.941,0.942,RaceComplete,305,q_table_v6.json,True,0.000,AccelerateForward,cp:0|dist:far|angle:hardLeft|speed:slow|progress:fresh|bomb:False|fsm:Recover
14,Bot 08,B08,True,True,528.735,15,14,0,3,0,246.058,0.937,RaceComplete,307,q_table_v6.json,True,0.000,TurnRightAndAccelerate,cp:0|dist:far|angle:hardLeft|speed:slow|progress:fresh|bomb:False|fsm:Recover
15,Bot 02,B02,True,True,524.545,15,14,0,1,0,238.268,0.932,RaceComplete,307,q_table_v6.json,False,0.000,Brake,cp:0|dist:far|angle:hardLeft|speed:cruise|progress:fresh|bomb:False|fsm:Recover
16,Bot 06,B06,True,True,524.498,15,14,0,4,1,257.969,0.928,RaceComplete,307,q_table_v6.json,False,0.000,HardLeft,cp:0|dist:far|angle:hardLeft|speed:cruise|progress:fresh|bomb:False|fsm:Recover
17,Bot 09,B09,True,True,523.785,15,14,0,8,0,258.587,0.923,RaceComplete,309,q_table_v6.json,False,0.000,Coast,cp:0|dist:far|angle:hardLeft|speed:slow|progress:fresh|bomb:False|fsm:Recover
18,Bot 04,B04,True,True,521.579,15,14,0,1,1,244.410,0.918,RaceComplete,309,q_table_v6.json,False,0.000,Brake,cp:0|dist:far|angle:hardLeft|speed:slow|progress:fresh|bomb:False|fsm:Recover
19,Bot 01,B01,True,True,515.153,15,14,0,1,2,272.856,0.914,RaceComplete,310,q_table_v6.json,False,0.000,TurnLeftAndAccelerate,cp:0|dist:far|angle:hardLeft|speed:slow|progress:fresh|bomb:False|fsm:Recover
20,Bot 10,B10,True,True,522.834,15,14,0,1,1,243.782,0.909,RaceComplete,311,q_table_v6.json,False,0.000,TurnLeftAndAccelerate,cp:0|dist:far|angle:hardLeft|speed:cruise|progress:fresh|bomb:False|fsm:Recover
21,Bot 05,B05,True,True,510.008,15,14,0,0,4,287.362,0.905,RaceComplete,311,q_table_v6.json,False,0.000,AccelerateForward,cp:0|dist:far|angle:hardLeft|speed:slow|progress:fresh|bomb:False|fsm:Recover
22,Bot 03,B03,True,True,528.129,15,14,0,2,1,219.922,0.900,RaceComplete,326,q_table_v6.json,False,0.000,TurnLeftAndAccelerate,cp:0|dist:far|angle:hardLeft|speed:slow|progress:fresh|bomb:False|fsm:Recover
23,Bot 07,B07,True,True,525.585,15,14,0,13,0,252.223,0.896,RaceComplete,328,q_table_v6.json,False,0.000,Brake,cp:0|dist:far|angle:hardLeft|speed:slow|progress:fresh|bomb:False|fsm:Recover
24,Bot 06,B06,True,True,531.603,15,14,0,3,0,235.612,0.891,RaceComplete,329,q_table_v6.json,True,0.000,Coast,cp:0|dist:far|angle:hardLeft|speed:slow|progress:fresh|bomb:False|fsm:Recover
25,Bot 08,B08,True,True,523.510,15,14,0,6,1,258.302,0.887,RaceComplete,332,q_table_v6.json,False,0.000,AccelerateForward,cp:0|dist:far|angle:hardLeft|speed:cruise|progress:fresh|bomb:False|fsm:Recover
26,Bot 01,B01,True,True,526.931,15,14,0,3,1,234.581,0.882,RaceComplete,332,q_table_v6.json,False,0.000,HardRight,cp:0|dist:far|angle:hardLeft|speed:slow|progress:fresh|bomb:False|fsm:Recover
27,Bot 02,B02,True,True,522.326,15,14,0,6,2,262.448,0.878,RaceComplete,332,q_table_v6.json,False,0.000,HardRight,cp:0|dist:far|angle:hardLeft|speed:slow|progress:fresh|bomb:False|fsm:Recover
28,Bot 09,B09,True,True,520.252,15,14,0,0,2,253.405,0.873,RaceComplete,332,q_table_v6.json,False,0.000,TurnLeftAndAccelerate,cp:0|dist:far|angle:hardLeft|speed:slow|progress:fresh|bomb:False|fsm:Recover
29,Bot 04,B04,True,True,527.111,15,14,0,0,1,262.364,0.869,RaceComplete,332,q_table_v6.json,False,0.000,Brake,cp:0|dist:far|angle:hardLeft|speed:slow|progress:fresh|bomb:False|fsm:Recover
30,Bot 05,B05,True,True,522.189,15,14,0,0,1,259.412,0.865,RaceComplete,336,q_table_v6.json,False,0.000,HardRight,cp:0|dist:far|angle:hardLeft|speed:slow|progress:fresh|bomb:False|fsm:Recover
31,Bot 10,B10,True,True,517.782,15,14,0,1,3,270.621,0.860,RaceComplete,337,q_table_v6.json,False,0.000,Brake,cp:0|dist:far|angle:hardLeft|speed:slow|progress:fresh|bomb:False|fsm:Recover
32,Bot 03,B03,True,True,530.496,15,14,0,4,0,235.000,0.856,RaceComplete,347,q_table_v6.json,False,0.000,RecoveryTurn,cp:0|dist:far|angle:hardLeft|speed:slow|progress:fresh|bomb:False|fsm:Recover
33,Bot 01,B01,True,True,528.590,15,14,0,2,1,199.739,0.852,RaceComplete,348,q_table_v6.json,False,0.000,TurnLeftAndAccelerate,cp:0|dist:far|angle:hardLeft|speed:slow|progress:fresh|bomb:False|fsm:Recover
34,Bot 07,B07,True,True,521.654,15,14,0,10,2,250.026,0.848,RaceComplete,348,q_table_v6.json,False,0.000,HardRight,cp:0|dist:far|angle:hardLeft|speed:slow|progress:fresh|bomb:False|fsm:Recover
35,Bot 08,B08,True,True,528.116,15,14,0,7,0,234.675,0.843,RaceComplete,349,q_table_v6.json,False,0.000,HardRight,cp:0|dist:far|angle:hardLeft|speed:slow|progress:fresh|bomb:False|fsm:Recover
36,Bot 09,B09,True,True,531.147,15,14,0,1,0,222.059,0.839,RaceComplete,349,q_table_v6.json,False,0.000,HardRight,cp:0|dist:far|angle:hardLeft|speed:slow|progress:fresh|bomb:False|fsm:Recover
37,Bot 06,B06,True,True,516.996,15,14,0,5,3,259.736,0.835,RaceComplete,350,q_table_v6.json,False,0.000,HardRight,cp:0|dist:far|angle:hardLeft|speed:slow|progress:fresh|bomb:False|fsm:Recover
38,Bot 02,B02,True,True,521.816,15,14,0,2,1,242.888,0.831,RaceComplete,350,q_table_v6.json,False,0.000,HardRight,cp:0|dist:far|angle:hardLeft|speed:slow|progress:fresh|bomb:False|fsm:Recover
39,Bot 05,B05,True,True,524.607,15,14,0,0,1,244.963,0.827,RaceComplete,353,q_table_v6.json,False,0.000,HardRight,cp:0|dist:far|angle:left|speed:slow|progress:fresh|bomb:False|fsm:Recover
40,Bot 10,B10,True,True,522.435,15,14,0,0,2,238.075,0.822,RaceComplete,353,q_table_v6.json,False,0.000,RecoveryTurn,cp:0|dist:far|angle:hardLeft|speed:cruise|progress:fresh|bomb:False|fsm:Recover
41,Bot 04,B04,True,True,521.968,15,14,0,1,1,264.627,0.818,RaceComplete,353,q_table_v6.json,False,0.000,Coast,cp:0|dist:far|angle:hardLeft|speed:slow|progress:fresh|bomb:False|fsm:Recover
42,Bot 02,B02,True,True,58.931,2,1,2,0,4,63.316,0.814,Stuck,356,q_table_v6.json,False,45.017,RecoveryTurn,cp:2|dist:close|angle:forward|speed:slow|progress:danger|bomb:False|fsm:Racing
43,Bot 03,B03,True,True,529.588,15,14,0,8,0,235.671,0.810,RaceComplete,363,q_table_v6.json,False,0.000,TurnRightAndAccelerate,cp:0|dist:far|angle:hardLeft|speed:slow|progress:fresh|bomb:False|fsm:Recover
44,Bot 07,B07,True,True,523.693,15,14,0,6,2,238.081,0.806,RaceComplete,392,q_table_v6.json,False,0.000,AccelerateForward,cp:0|dist:far|angle:left|speed:slow|progress:fresh|bomb:False|fsm:Recover
45,Bot 08,B08,True,True,533.008,15,14,0,0,0,218.239,0.802,RaceComplete,392,q_table_v6.json,True,0.000,AccelerateForward,cp:0|dist:far|angle:hardLeft|speed:slow|progress:fresh|bomb:False|fsm:Recover
46,Bot 10,B10,True,True,317.576,9,8,9,4,0,164.640,0.798,Stuck,394,q_table_v6.json,False,45.059,Coast,cp:9|dist:close|angle:forward|speed:slow|progress:danger|bomb:False|fsm:Racing
47,Bot 01,B01,True,True,517.875,15,14,0,5,3,251.769,0.794,RaceComplete,394,q_table_v6.json,False,0.000,TurnLeftAndAccelerate,cp:0|dist:far|angle:hardLeft|speed:cruise|progress:fresh|bomb:False|fsm:Recover
48,Bot 06,B06,True,True,528.411,15,14,0,8,1,216.912,0.790,RaceComplete,394,q_table_v6.json,False,0.000,HardLeft,cp:0|dist:far|angle:hardLeft|speed:slow|progress:fresh|bomb:False|fsm:Recover
49,Bot 09,B09,True,True,521.886,15,14,0,1,1,249.527,0.786,RaceComplete,395,q_table_v6.json,False,0.000,RecoveryTurn,cp:0|dist:far|angle:hardLeft|speed:slow|progress:fresh|bomb:False|fsm:Recover
50,Bot 05,B05,True,True,523.470,15,14,0,2,3,248.611,0.782,RaceComplete,398,q_table_v6.json,False,0.000,RecoveryTurn,cp:0|dist:far|angle:hardLeft|speed:slow|progress:fresh|bomb:False|fsm:Recover
51,Bot 04,B04,True,True,526.079,15,14,0,0,0,252.179,0.778,RaceComplete,398,q_table_v6.json,False,0.000,RecoveryTurn,cp:0|dist:far|angle:hardLeft|speed:slow|progress:fresh|bomb:False|fsm:Recover
52,Bot 02,B02,True,True,521.894,15,14,0,4,2,265.046,0.774,RaceComplete,405,q_table_v6.json,False,0.000,RecoveryTurn,cp:0|dist:far|angle:hardLeft|speed:slow|progress:fresh|bomb:False|fsm:Recover
53,Bot 06,B06,True,True,307.550,9,8,9,0,0,175.426,0.771,Stuck,430,q_table_v6.json,False,45.059,Brake,cp:9|dist:close|angle:behindLeft|speed:slow|progress:danger|bomb:False|fsm:Racing
54,Bot 03,B03,True,True,525.443,15,14,0,2,1,242.804,0.767,RaceComplete,433,q_table_v6.json,False,0.000,TurnLeftAndAccelerate,cp:0|dist:far|angle:hardLeft|speed:slow|progress:fresh|bomb:False|fsm:Recover
55,Bot 07,B07,True,True,522.460,15,14,0,3,3,230.937,0.763,RaceComplete,445,q_table_v6.json,False,0.000,HardRight,cp:0|dist:far|angle:hardLeft|speed:slow|progress:fresh|bomb:False|fsm:Recover
56,Bot 01,B01,True,True,530.801,15,14,0,2,1,223.303,0.759,RaceComplete,445,q_table_v6.json,False,0.000,TurnRightAndAccelerate,cp:0|dist:far|angle:hardLeft|speed:slow|progress:fresh|bomb:False|fsm:Recover
57,Bot 08,B08,True,True,528.676,15,14,0,10,1,230.692,0.755,RaceComplete,445,q_table_v6.json,False,0.000,Brake,cp:0|dist:far|angle:hardLeft|speed:slow|progress:fresh|bomb:False|fsm:Recover
58,Bot 10,B10,True,True,528.241,15,14,0,1,1,234.756,0.751,RaceComplete,445,q_table_v6.json,False,0.000,RecoveryTurn,cp:0|dist:far|angle:hardLeft|speed:slow|progress:fresh|bomb:False|fsm:Recover
59,Bot 09,B09,True,True,529.757,15,14,0,7,0,227.705,0.748,RaceComplete,446,q_table_v6.json,False,0.000,Brake,cp:0|dist:far|angle:hardLeft|speed:cruise|progress:fresh|bomb:False|fsm:Recover
60,Bot 04,B04,True,True,530.216,15,14,0,0,1,230.939,0.744,RaceComplete,454,q_table_v6.json,False,0.000,HardRight,cp:0|dist:far|angle:hardLeft|speed:slow|progress:fresh|bomb:False|fsm:Recover
61,Bot 05,B05,True,True,529.463,15,14,0,5,0,237.660,0.740,RaceComplete,454,q_table_v6.json,False,0.000,TurnLeftAndAccelerate,cp:0|dist:far|angle:hardLeft|speed:slow|progress:fresh|bomb:False|fsm:Recover
62,Bot 01,B01,True,True,210.270,6,5,6,3,0,125.800,0.737,Stuck,471,q_table_v6.json,False,45.059,RecoveryTurn,cp:6|dist:medium|angle:behindRight|speed:slow|progress:danger|bomb:False|fsm:Recover
63,Bot 02,B02,True,True,526.471,15,14,0,2,2,239.818,0.733,RaceComplete,471,q_table_v6.json,False,0.000,Coast,cp:0|dist:far|angle:hardLeft|speed:slow|progress:fresh|bomb:False|fsm:Recover
64,Bot 03,B03,True,True,535.822,15,14,0,1,0,196.007,0.729,RaceComplete,471,q_table_v6.json,True,0.000,Coast,cp:0|dist:far|angle:hardLeft|speed:slow|progress:fresh|bomb:False|fsm:Recover
65,Bot 06,B06,True,True,526.211,15,14,0,3,3,227.039,0.726,RaceComplete,473,q_table_v6.json,False,0.000,TurnRightAndAccelerate,cp:0|dist:far|angle:hardLeft|speed:slow|progress:fresh|bomb:False|fsm:Recover
66,Bot 02,B02,True,True,55.256,2,1,2,0,4,67.739,0.722,Stuck,474,q_table_v6.json,False,45.082,TurnRightAndAccelerate,cp:2|dist:close|angle:forward|speed:cruise|progress:danger|bomb:False|fsm:Racing
67,Bot 08,B08,True,True,527.066,15,14,0,0,1,222.891,0.718,RaceComplete,474,q_table_v6.json,False,0.000,HardLeft,cp:0|dist:far|angle:hardLeft|speed:slow|progress:fresh|bomb:False|fsm:Recover
68,Bot 07,B07,True,True,529.286,15,14,0,3,0,226.626,0.715,RaceComplete,474,q_table_v6.json,False,0.000,RecoveryTurn,cp:0|dist:far|angle:hardLeft|speed:slow|progress:fresh|bomb:False|fsm:Recover
69,Bot 10,B10,True,True,527.666,15,14,0,1,1,230.691,0.711,RaceComplete,479,q_table_v6.json,False,0.000,TurnLeftAndAccelerate,cp:0|dist:far|angle:hardLeft|speed:slow|progress:fresh|bomb:False|fsm:Recover
70,Bot 09,B09,True,True,534.765,15,14,0,1,0,213.602,0.708,RaceComplete,479,q_table_v6.json,False,0.000,AccelerateForward,cp:0|dist:far|angle:hardLeft|speed:cruise|progress:fresh|bomb:False|fsm:Recover
71,Bot 06,B06,True,True,80.043,3,2,3,2,5,108.046,0.704,Stuck,491,q_table_v6.json,False,45.060,Coast,cp:3|dist:close|angle:forward|speed:slow|progress:danger|bomb:False|fsm:Racing
72,Bot 04,B04,True,True,531.957,15,14,0,4,0,222.642,0.701,RaceComplete,491,q_table_v6.json,False,0.000,HardRight,cp:0|dist:far|angle:hardLeft|speed:slow|progress:fresh|bomb:False|fsm:Recover
73,Bot 05,B05,True,True,529.991,15,14,0,8,1,226.959,0.697,RaceComplete,491,q_table_v6.json,False,0.000,TurnLeftAndAccelerate,cp:0|dist:far|angle:hardLeft|speed:slow|progress:fresh|bomb:False|fsm:Recover
74,Bot 01,B01,True,True,530.383,15,14,0,2,1,207.705,0.694,RaceComplete,491,q_table_v6.json,False,0.000,RecoveryTurn,cp:0|dist:far|angle:hardLeft|speed:slow|progress:fresh|bomb:False|fsm:Recover
75,Bot 03,B03,True,True,523.871,15,14,0,12,2,239.733,0.690,RaceComplete,497,q_table_v6.json,False,0.000,Coast,cp:0|dist:far|angle:hardLeft|speed:cruise|progress:fresh|bomb:False|fsm:Recover
76,Bot 10,B10,True,True,532.465,15,14,0,6,1,172.106,0.687,RaceComplete,497,q_table_v6.json,False,0.000,HardLeft,cp:0|dist:far|angle:hardLeft|speed:slow|progress:fresh|bomb:False|fsm:Recover
77,Bot 08,B08,True,True,536.596,15,14,0,0,0,194.182,0.683,RaceComplete,497,q_table_v6.json,True,0.000,Brake,cp:0|dist:far|angle:hardLeft|speed:slow|progress:fresh|bomb:False|fsm:Recover
78,Bot 07,B07,True,True,524.363,15,14,0,3,2,199.321,0.680,RaceComplete,497,q_table_v6.json,False,0.000,AccelerateForward,cp:0|dist:far|angle:hardLeft|speed:slow|progress:fresh|bomb:False|fsm:Recover
79,Bot 02,B02,True,True,528.945,15,14,0,2,2,217.138,0.676,RaceComplete,497,q_table_v6.json,False,0.000,TurnLeftAndAccelerate,cp:0|dist:far|angle:hardLeft|speed:cruise|progress:fresh|bomb:False|fsm:Recover
80,Bot 09,B09,True,True,531.756,15,14,0,0,1,199.652,0.673,RaceComplete,498,q_table_v6.json,False,0.000,Brake,cp:0|dist:far|angle:hardLeft|speed:slow|progress:fresh|bomb:False|fsm:Recover
81,Bot 04,B04,True,True,536.865,15,14,0,1,0,173.601,0.670,RaceComplete,499,q_table_v6.json,True,0.000,AccelerateForward,cp:0|dist:far|angle:hardLeft|speed:slow|progress:fresh|bomb:False|fsm:Recover
82,Bot 06,B06,True,True,530.988,15,14,0,1,3,209.279,0.666,RaceComplete,500,q_table_v6.json,False,0.000,TurnLeftAndAccelerate,cp:0|dist:far|angle:hardLeft|speed:slow|progress:fresh|bomb:False|fsm:Recover
83,Bot 01,B01,True,True,539.430,15,14,0,0,0,175.341,0.663,RaceComplete,500,q_table_v6.json,True,0.000,HardLeft,cp:0|dist:far|angle:hardLeft|speed:slow|progress:fresh|bomb:False|fsm:Recover
84,Bot 05,B05,True,True,531.599,15,14,0,1,1,210.195,0.660,RaceComplete,500,q_table_v6.json,False,0.000,TurnLeftAndAccelerate,cp:0|dist:far|angle:hardLeft|speed:slow|progress:fresh|bomb:False|fsm:Recover
85,Bot 08,B08,True,True,534.437,15,14,0,3,1,181.810,0.656,RaceComplete,501,q_table_v6.json,False,0.000,AccelerateForward,cp:0|dist:far|angle:hardLeft|speed:slow|progress:fresh|bomb:False|fsm:Recover
86,Bot 02,B02,True,True,534.818,15,14,0,6,1,176.343,0.653,RaceComplete,503,q_table_v6.json,False,0.000,Brake,cp:0|dist:far|angle:hardLeft|speed:cruise|progress:fresh|bomb:False|fsm:Recover
87,Bot 07,B07,True,True,539.450,15,14,0,1,0,186.129,0.650,RaceComplete,509,q_table_v6.json,True,0.000,TurnLeftAndAccelerate,cp:0|dist:far|angle:hardLeft|speed:slow|progress:fresh|bomb:False|fsm:Recover
88,Bot 03,B03,True,True,525.332,15,14,0,3,2,217.831,0.647,RaceComplete,514,q_table_v6.json,False,0.000,AccelerateForward,cp:0|dist:far|angle:hardLeft|speed:slow|progress:fresh|bomb:False|fsm:Recover
89,Bot 10,B10,True,True,523.741,15,14,0,4,4,215.007,0.643,RaceComplete,515,q_table_v6.json,False,0.000,TurnLeftAndAccelerate,cp:0|dist:far|angle:hardLeft|speed:slow|progress:fresh|bomb:False|fsm:Recover
90,Bot 01,B01,True,True,198.423,6,5,6,0,2,132.777,0.640,Stuck,521,q_table_v6.json,False,45.061,TurnRightAndAccelerate,cp:6|dist:medium|angle:behindRight|speed:cruise|progress:danger|bomb:False|fsm:Recover
91,Bot 09,B09,True,True,532.339,15,14,0,0,1,197.747,0.637,RaceComplete,521,q_table_v6.json,False,0.000,HardLeft,cp:0|dist:far|angle:hardLeft|speed:slow|progress:fresh|bomb:False|fsm:Recover
92,Bot 05,B05,True,True,162.246,5,4,5,4,6,117.748,0.634,Stuck,522,q_table_v6.json,False,45.057,Coast,cp:5|dist:medium|angle:forward|speed:slow|progress:danger|bomb:False|fsm:Collect
93,Bot 04,B04,True,True,539.128,15,14,0,5,0,190.302,0.631,RaceComplete,523,q_table_v6.json,False,0.000,AccelerateForward,cp:0|dist:far|angle:hardLeft|speed:slow|progress:fresh|bomb:False|fsm:Recover
94,Bot 06,B06,True,True,526.608,15,14,0,0,2,218.906,0.627,RaceComplete,526,q_table_v6.json,False,0.000,RecoveryTurn,cp:0|dist:far|angle:hardLeft|speed:slow|progress:fresh|bomb:False|fsm:Recover
95,Bot 07,B07,True,True,536.077,15,14,0,3,1,160.403,0.624,RaceComplete,529,q_table_v6.json,False,0.000,TurnLeftAndAccelerate,cp:0|dist:far|angle:hardLeft|speed:slow|progress:fresh|bomb:False|fsm:Recover
96,Bot 08,B08,True,True,534.771,15,14,0,4,1,184.802,0.621,RaceComplete,530,q_table_v6.json,False,0.000,AccelerateForward,cp:0|dist:far|angle:hardLeft|speed:cruise|progress:fresh|bomb:False|fsm:Recover
97,Bot 02,B02,True,True,539.320,15,14,0,3,0,185.958,0.618,RaceComplete,530,q_table_v6.json,False,0.000,AccelerateForward,cp:0|dist:far|angle:hardLeft|speed:slow|progress:fresh|bomb:False|fsm:Recover
98,Bot 03,B03,True,True,537.347,15,14,0,7,0,180.819,0.615,RaceComplete,530,q_table_v6.json,False,0.000,TurnLeftAndAccelerate,cp:0|dist:far|angle:hardLeft|speed:cruise|progress:fresh|bomb:False|fsm:Recover
99,Bot 10,B10,True,True,542.240,15,14,0,6,0,169.775,0.612,RaceComplete,530,q_table_v6.json,True,0.000,RecoveryTurn,cp:0|dist:far|angle:hardLeft|speed:slow|progress:fresh|bomb:False|fsm:Recover
100,Bot 01,B01,True,True,533.194,15,14,0,0,1,177.413,0.609,RaceComplete,531,q_table_v6.json,False,0.000,HardRight,cp:0|dist:far|angle:hardLeft|speed:slow|progress:fresh|bomb:False|fsm:Recover
101,Bot 05,B05,True,True,531.331,15,14,0,3,2,182.729,0.606,RaceComplete,531,q_table_v6.json,False,0.000,Coast,cp:0|dist:far|angle:hardLeft|speed:cruise|progress:fresh|bomb:False|fsm:Recover
102,Bot 09,B09,True,True,531.576,15,14,0,0,3,210.440,0.603,RaceComplete,533,q_table_v6.json,False,0.000,TurnRightAndAccelerate,cp:0|dist:far|angle:hardLeft|speed:slow|progress:fresh|bomb:False|fsm:Recover
103,Bot 04,B04,True,True,536.291,15,14,0,2,1,182.206,0.600,RaceComplete,535,q_table_v6.json,False,0.000,TurnRightAndAccelerate,cp:0|dist:far|angle:hardLeft|speed:slow|progress:fresh|bomb:False|fsm:Recover
104,Bot 07,B07,True,True,208.921,6,5,6,3,2,100.825,0.597,Stuck,535,q_table_v6.json,False,45.006,HardRight,cp:6|dist:medium|angle:behindLeft|speed:slow|progress:danger|bomb:False|fsm:Recover
105,Bot 06,B06,True,True,536.080,15,14,0,2,1,179.244,0.594,RaceComplete,537,q_table_v6.json,False,0.000,HardRight,cp:0|dist:far|angle:hardLeft|speed:slow|progress:fresh|bomb:False|fsm:Recover
106,Bot 05,B05,True,True,57.424,2,1,2,2,5,65.556,0.591,Stuck,537,q_table_v6.json,False,45.058,TurnRightAndAccelerate,cp:2|dist:close|angle:forward|speed:cruise|progress:danger|bomb:False|fsm:Racing
107,Bot 10,B10,True,True,542.658,15,14,0,2,0,140.244,0.588,RaceComplete,538,q_table_v6.json,True,0.000,Brake,cp:0|dist:far|angle:hardLeft|speed:cruise|progress:fresh|bomb:False|fsm:Recover
108,Bot 03,B03,True,True,540.762,15,14,0,6,0,169.115,0.585,RaceComplete,538,q_table_v6.json,False,0.000,Coast,cp:0|dist:far|angle:hardLeft|speed:slow|progress:fresh|bomb:False|fsm:Recover
109,Bot 08,B08,True,True,539.127,15,14,0,9,0,183.972,0.582,RaceComplete,538,q_table_v6.json,False,0.000,TurnLeftAndAccelerate,cp:0|dist:far|angle:hardLeft|speed:slow|progress:fresh|bomb:False|fsm:Recover
110,Bot 01,B01,True,True,535.371,15,14,0,1,2,158.741,0.579,RaceComplete,538,q_table_v6.json,False,0.000,AccelerateForward,cp:0|dist:far|angle:hardLeft|speed:slow|progress:fresh|bomb:False|fsm:Recover
111,Bot 02,B02,True,True,527.126,15,14,0,5,4,199.156,0.576,RaceComplete,539,q_table_v6.json,False,0.000,HardRight,cp:0|dist:far|angle:hardLeft|speed:slow|progress:fresh|bomb:False|fsm:Recover
112,Bot 07,B07,True,True,543.399,15,14,0,0,0,128.707,0.573,RaceComplete,539,q_table_v6.json,True,0.000,TurnLeftAndAccelerate,cp:0|dist:far|angle:hardLeft|speed:slow|progress:fresh|bomb:False|fsm:Recover
113,Bot 09,B09,True,True,534.783,15,14,0,3,2,147.292,0.570,RaceComplete,539,q_table_v6.json,False,0.000,Brake,cp:0|dist:far|angle:hardLeft|speed:cruise|progress:fresh|bomb:False|fsm:Recover
114,Bot 04,B04,True,True,536.432,15,14,0,1,1,158.083,0.568,RaceComplete,540,q_table_v6.json,False,0.000,Brake,cp:0|dist:far|angle:hardLeft|speed:slow|progress:fresh|bomb:False|fsm:Recover
115,Bot 08,B08,True,True,55.000,2,1,2,1,5,64.723,0.565,Stuck,540,q_table_v6.json,False,45.058,AccelerateForward,cp:2|dist:close|angle:forward|speed:cruise|progress:danger|bomb:False|fsm:Racing
116,Bot 05,B05,True,True,538.360,15,14,0,4,1,136.674,0.562,RaceComplete,540,q_table_v6.json,False,0.000,TurnLeftAndAccelerate,cp:0|dist:far|angle:hardLeft|speed:slow|progress:fresh|bomb:False|fsm:Recover
117,Bot 09,B09,True,True,97.066,3,2,3,0,0,72.941,0.559,Stuck,548,q_table_v6.json,False,45.059,Coast,cp:3|dist:close|angle:behindLeft|speed:slow|progress:danger|bomb:False|fsm:Racing
118,Bot 06,B06,True,True,539.412,15,14,0,1,0,197.580,0.556,RaceComplete,549,q_table_v6.json,False,0.000,TurnRightAndAccelerate,cp:0|dist:far|angle:hardLeft|speed:slow|progress:fresh|bomb:False|fsm:Recover
119,Bot 10,B10,True,True,538.646,15,14,0,10,2,181.813,0.554,RaceComplete,552,q_table_v6.json,False,0.000,AccelerateForward,cp:0|dist:far|angle:hardLeft|speed:slow|progress:fresh|bomb:False|fsm:Recover
120,Bot 01,B01,True,True,541.573,15,14,0,3,0,143.062,0.551,RaceComplete,553,q_table_v6.json,False,0.000,HardLeft,cp:0|dist:far|angle:hardLeft|speed:fast|progress:fresh|bomb:False|fsm:Recover
121,Bot 03,B03,True,True,536.006,15,14,0,7,2,166.794,0.548,RaceComplete,554,q_table_v6.json,False,0.000,AccelerateForward,cp:0|dist:far|angle:hardLeft|speed:cruise|progress:fresh|bomb:False|fsm:Recover
122,Bot 07,B07,True,True,542.380,15,14,0,3,0,140.818,0.545,RaceComplete,554,q_table_v6.json,False,0.000,TurnLeftAndAccelerate,cp:0|dist:far|angle:hardLeft|speed:cruise|progress:fresh|bomb:False|fsm:Recover
123,Bot 02,B02,True,True,538.571,15,14,0,1,1,167.545,0.543,RaceComplete,555,q_table_v6.json,False,0.000,RecoveryTurn,cp:0|dist:far|angle:hardLeft|speed:cruise|progress:fresh|bomb:False|fsm:Recover
124,Bot 04,B04,True,True,542.679,15,14,0,0,0,151.107,0.540,RaceComplete,556,q_table_v6.json,False,0.000,TurnRightAndAccelerate,cp:0|dist:far|angle:hardLeft|speed:cruise|progress:fresh|bomb:False|fsm:Recover
125,Bot 05,B05,True,True,544.630,15,14,0,1,0,140.818,0.537,RaceComplete,557,q_table_v6.json,True,0.000,Brake,cp:0|dist:far|angle:hardLeft|speed:slow|progress:fresh|bomb:False|fsm:Recover
126,Bot 08,B08,True,True,534.945,15,14,0,3,2,185.138,0.534,RaceComplete,585,q_table_v6.json,False,0.000,TurnLeftAndAccelerate,cp:0|dist:far|angle:hardLeft|speed:slow|progress:fresh|bomb:False|fsm:Recover
127,Bot 10,B10,True,True,545.553,15,14,0,3,0,120.738,0.532,RaceComplete,610,q_table_v6.json,True,0.000,TurnLeftAndAccelerate,cp:0|dist:far|angle:hardLeft|speed:slow|progress:fresh|bomb:False|fsm:Recover
128,Bot 01,B01,True,True,544.342,15,14,0,5,0,125.637,0.529,RaceComplete,616,q_table_v6.json,False,0.000,AccelerateForward,cp:0|dist:far|angle:hardLeft|speed:cruise|progress:fresh|bomb:False|fsm:Recover
129,Bot 06,B06,True,True,426.065,12,11,12,4,0,159.823,0.526,Stuck,626,q_table_v6.json,False,45.062,AccelerateForward,cp:12|dist:medium|angle:forward|speed:cruise|progress:danger|bomb:False|fsm:Racing
130,Bot 09,B09,True,True,536.620,15,14,0,8,3,197.088,0.524,RaceComplete,631,q_table_v6.json,False,0.000,TurnLeftAndAccelerate,cp:0|dist:far|angle:hardLeft|speed:cruise|progress:fresh|bomb:False|fsm:Recover
131,Bot 03,B03,True,True,542.943,15,14,0,1,0,151.942,0.521,RaceComplete,637,q_table_v6.json,False,0.000,HardRight,cp:0|dist:far|angle:hardLeft|speed:slow|progress:fresh|bomb:False|fsm:Recover
132,Bot 08,B08,True,True,210.570,6,5,6,4,0,95.094,0.519,Stuck,675,q_table_v6.json,False,45.056,AccelerateForward,cp:6|dist:medium|angle:hardRight|speed:cruise|progress:danger|bomb:False|fsm:Recover
133,Bot 05,B05,True,True,536.756,15,14,0,1,1,139.332,0.516,RaceComplete,675,q_table_v6.json,False,0.000,TurnLeftAndAccelerate,cp:0|dist:far|angle:hardLeft|speed:cruise|progress:fresh|bomb:False|fsm:Recover
134,Bot 02,B02,True,True,541.403,15,14,0,2,0,179.738,0.513,RaceComplete,709,q_table_v6.json,False,0.000,Brake,cp:0|dist:far|angle:hardLeft|speed:slow|progress:fresh|bomb:False|fsm:Recover
135,Bot 09,B09,True,True,96.721,3,2,3,1,0,67.130,0.511,Stuck,720,q_table_v6.json,False,45.057,AccelerateForward,cp:3|dist:close|angle:behindLeft|speed:cruise|progress:danger|bomb:False|fsm:Racing
136,Bot 04,B04,True,True,540.255,15,14,0,2,1,167.539,0.508,RaceComplete,723,q_table_v6.json,False,0.000,Brake,cp:0|dist:far|angle:hardLeft|speed:slow|progress:fresh|bomb:False|fsm:Recover
137,Bot 06,B06,True,True,186.066,5,4,5,0,1,102.319,0.506,Stuck,749,q_table_v6.json,False,45.057,TurnLeftAndAccelerate,cp:5|dist:far|angle:right|speed:cruise|progress:danger|bomb:False|fsm:Recover
138,Bot 07,B07,True,True,516.610,14,13,14,5,0,226.629,0.503,Stuck,751,q_table_v6.json,False,45.062,AccelerateForward,cp:14|dist:medium|angle:forward|speed:cruise|progress:danger|bomb:False|fsm:Racing
139,Bot 01,B01,True,True,538.641,15,14,0,6,1,136.340,0.501,RaceComplete,757,q_table_v6.json,False,0.000,Brake,cp:0|dist:far|angle:hardLeft|speed:cruise|progress:fresh|bomb:False|fsm:Recover
140,Bot 10,B10,True,True,543.649,15,14,0,8,2,159.992,0.498,RaceComplete,773,q_table_v6.json,False,0.000,Coast,cp:0|dist:far|angle:hardLeft|speed:cruise|progress:fresh|bomb:False|fsm:Recover
141,Bot 06,B06,True,True,50.853,2,1,2,3,6,63.227,0.496,Stuck,775,q_table_v6.json,False,45.056,AccelerateForward,cp:2|dist:close|angle:forward|speed:slow|progress:danger|bomb:False|fsm:Racing
142,Bot 04,B04,True,True,213.939,6,5,6,6,0,85.060,0.493,Stuck,776,q_table_v6.json,False,45.061,Coast,cp:6|dist:medium|angle:behindLeft|speed:cruise|progress:danger|bomb:False|fsm:Recover
143,Bot 08,B08,True,True,544.678,15,14,0,1,0,136.836,0.491,RaceComplete,798,q_table_v6.json,False,0.000,Coast,cp:0|dist:far|angle:hardLeft|speed:slow|progress:fresh|bomb:False|fsm:Recover
144,Bot 03,B03,True,True,413.944,12,11,12,5,4,175.673,0.488,Stuck,808,q_table_v6.json,False,45.060,AccelerateForward,cp:12|dist:medium|angle:right|speed:slow|progress:danger|bomb:False|fsm:Racing
145,Bot 05,B05,True,True,432.989,12,11,12,3,0,156.166,0.486,Stuck,814,q_table_v6.json,False,45.054,TurnRightAndAccelerate,cp:12|dist:far|angle:behindLeft|speed:cruise|progress:danger|bomb:False|fsm:Recover
146,Bot 02,B02,True,True,542.488,15,14,0,3,0,151.940,0.483,RaceComplete,815,q_table_v6.json,False,0.000,Brake,cp:0|dist:far|angle:hardLeft|speed:cruise|progress:fresh|bomb:False|fsm:Recover
147,Bot 09,B09,True,True,543.714,15,14,0,1,0,163.639,0.481,RaceComplete,818,q_table_v6.json,False,0.000,HardRight,cp:0|dist:far|angle:hardLeft|speed:slow|progress:fresh|bomb:False|fsm:Recover
148,Bot 07,B07,True,True,541.051,15,14,0,2,0,140.900,0.479,RaceComplete,820,q_table_v6.json,False,0.000,TurnLeftAndAccelerate,cp:0|dist:far|angle:hardLeft|speed:cruise|progress:fresh|bomb:False|fsm:Recover
149,Bot 01,B01,True,True,535.669,15,14,0,0,2,152.105,0.476,RaceComplete,831,q_table_v6.json,False,0.000,Coast,cp:0|dist:far|angle:hardLeft|speed:slow|progress:fresh|bomb:False|fsm:Recover
150,Bot 04,B04,True,True,539.239,15,14,0,2,1,121.733,0.474,RaceComplete,833,q_table_v6.json,False,0.000,TurnLeftAndAccelerate,cp:0|dist:far|angle:hardLeft|speed:slow|progress:fresh|bomb:False|fsm:Recover
151,Bot 10,B10,True,True,531.529,15,14,0,4,4,152.518,0.471,RaceComplete,834,q_table_v6.json,False,0.000,HardLeft,cp:0|dist:far|angle:hardLeft|speed:slow|progress:fresh|bomb:False|fsm:Recover
152,Bot 08,B08,True,True,537.367,15,14,0,1,2,121.156,0.469,RaceComplete,834,q_table_v6.json,False,0.000,AccelerateForward,cp:0|dist:far|angle:hardLeft|speed:slow|progress:fresh|bomb:False|fsm:Recover
153,Bot 06,B06,True,True,534.929,15,14,0,9,0,169.867,0.467,RaceComplete,839,q_table_v6.json,False,0.000,AccelerateForward,cp:0|dist:far|angle:hardLeft|speed:slow|progress:fresh|bomb:False|fsm:Recover
154,Bot 03,B03,True,True,424.037,12,11,12,1,2,161.234,0.464,Stuck,867,q_table_v6.json,False,45.053,HardLeft,cp:12|dist:far|angle:right|speed:slow|progress:danger|bomb:False|fsm:Recover
155,Bot 09,B09,True,True,541.402,15,14,0,1,0,129.700,0.462,RaceComplete,878,q_table_v6.json,False,0.000,Coast,cp:0|dist:far|angle:hardLeft|speed:cruise|progress:fresh|bomb:False|fsm:Recover
156,Bot 05,B05,True,True,542.652,15,14,0,1,1,162.484,0.460,RaceComplete,879,q_table_v6.json,False,0.000,AccelerateForward,cp:0|dist:far|angle:hardLeft|speed:slow|progress:fresh|bomb:False|fsm:Recover
157,Bot 07,B07,True,True,537.707,15,14,0,2,1,142.815,0.458,RaceComplete,888,q_table_v6.json,False,0.000,AccelerateForward,cp:0|dist:far|angle:hardLeft|speed:slow|progress:fresh|bomb:False|fsm:Recover
158,Bot 02,B02,True,True,537.552,15,14,0,2,2,173.930,0.455,RaceComplete,895,q_table_v6.json,False,0.000,Brake,cp:0|dist:far|angle:hardLeft|speed:slow|progress:fresh|bomb:False|fsm:Recover
159,Bot 01,B01,True,True,308.755,9,8,9,3,5,132.107,0.453,Stuck,898,q_table_v6.json,False,45.056,HardRight,cp:9|dist:medium|angle:hardLeft|speed:slow|progress:danger|bomb:False|fsm:Recover
160,Bot 04,B04,True,True,543.943,15,14,0,1,0,119.351,0.451,RaceComplete,898,q_table_v6.json,False,0.000,HardRight,cp:0|dist:far|angle:hardLeft|speed:slow|progress:fresh|bomb:False|fsm:Recover
161,Bot 10,B10,True,True,538.673,15,14,0,2,1,126.054,0.448,RaceComplete,905,q_table_v6.json,False,0.000,AccelerateForward,cp:0|dist:far|angle:hardLeft|speed:slow|progress:fresh|bomb:False|fsm:Recover
162,Bot 03,B03,True,True,538.856,15,14,0,6,0,88.791,0.446,RaceComplete,928,q_table_v6.json,False,0.000,HardRight,cp:0|dist:far|angle:hardLeft|speed:fast|progress:fresh|bomb:False|fsm:Recover
163,Bot 02,B02,True,True,67.824,2,1,2,0,1,53.190,0.444,Stuck,928,q_table_v6.json,False,45.061,Coast,cp:2|dist:medium|angle:forward|speed:slow|progress:danger|bomb:False|fsm:Collect
164,Bot 06,B06,True,True,543.547,15,14,0,5,0,122.897,0.442,RaceComplete,928,q_table_v6.json,False,0.000,AccelerateForward,cp:0|dist:far|angle:hardLeft|speed:slow|progress:fresh|bomb:False|fsm:Recover
165,Bot 08,B08,True,True,547.094,15,14,0,0,1,148.954,0.440,RaceComplete,929,q_table_v6.json,True,0.000,AccelerateForward,cp:0|dist:far|angle:hardLeft|speed:slow|progress:fresh|bomb:False|fsm:Recover
166,Bot 09,B09,True,True,395.485,11,10,11,1,0,131.609,0.437,Stuck,974,q_table_v6.json,False,45.060,Coast,cp:11|dist:medium|angle:behindRight|speed:slow|progress:danger|bomb:False|fsm:Recover
167,Bot 05,B05,True,True,541.038,15,14,0,9,0,134.596,0.435,RaceComplete,977,q_table_v6.json,False,0.000,Brake,cp:0|dist:far|angle:hardLeft|speed:slow|progress:fresh|bomb:False|fsm:Recover
168,Bot 07,B07,True,True,318.661,9,8,9,2,2,121.070,0.433,Stuck,979,q_table_v6.json,False,45.059,Coast,cp:9|dist:close|angle:forward|speed:cruise|progress:danger|bomb:False|fsm:Racing
169,Bot 03,B03,True,True,214.568,6,5,6,2,0,85.883,0.431,Stuck,987,q_table_v6.json,False,45.052,Coast,cp:6|dist:close|angle:forward|speed:slow|progress:danger|bomb:False|fsm:Racing
170,Bot 10,B10,True,True,541.342,15,14,0,0,1,129.698,0.429,RaceComplete,987,q_table_v6.json,False,0.000,AccelerateForward,cp:0|dist:far|angle:hardLeft|speed:cruise|progress:fresh|bomb:False|fsm:Recover
171,Bot 06,B06,True,True,545.654,15,14,0,3,0,115.260,0.427,RaceComplete,987,q_table_v6.json,False,0.000,AccelerateForward,cp:0|dist:far|angle:hardLeft|speed:slow|progress:fresh|bomb:False|fsm:Recover
172,Bot 01,B01,True,True,534.172,15,14,0,3,2,163.559,0.424,RaceComplete,987,q_table_v6.json,False,0.000,TurnRightAndAccelerate,cp:0|dist:far|angle:hardLeft|speed:slow|progress:fresh|bomb:False|fsm:Recover
173,Bot 04,B04,True,True,543.548,15,14,0,4,2,174.158,0.422,RaceComplete,987,q_table_v6.json,False,0.000,Coast,cp:0|dist:far|angle:hardLeft|speed:cruise|progress:fresh|bomb:False|fsm:Recover
174,Bot 08,B08,True,True,537.295,15,14,0,6,2,128.372,0.420,RaceComplete,987,q_table_v6.json,False,0.000,Brake,cp:0|dist:far|angle:hardLeft|speed:cruise|progress:fresh|bomb:False|fsm:Recover
175,Bot 02,B02,True,True,540.320,15,14,0,2,1,151.112,0.418,RaceComplete,992,q_table_v6.json,False,0.000,TurnLeftAndAccelerate,cp:0|dist:far|angle:hardLeft|speed:slow|progress:fresh|bomb:False|fsm:Recover
176,Bot 03,B03,True,True,248.362,7,6,7,1,0,98.752,0.416,Stuck,1008,q_table_v6.json,False,45.058,TurnRightAndAccelerate,cp:7|dist:medium|angle:forward|speed:slow|progress:danger|bomb:False|fsm:Racing
177,Bot 09,B09,True,True,534.686,15,14,0,1,2,132.026,0.414,RaceComplete,1012,q_table_v6.json,False,0.000,AccelerateForward,cp:0|dist:far|angle:hardLeft|speed:cruise|progress:fresh|bomb:False|fsm:Recover
178,Bot 01,B01,True,True,214.298,6,5,6,3,0,77.459,0.412,Stuck,1019,q_table_v6.json,False,45.013,HardLeft,cp:6|dist:medium|angle:behindLeft|speed:slow|progress:danger|bomb:False|fsm:Recover
179,Bot 10,B10,True,True,247.262,7,6,7,3,0,109.784,0.410,Stuck,1038,q_table_v6.json,False,45.060,TurnRightAndAccelerate,cp:7|dist:medium|angle:left|speed:cruise|progress:danger|bomb:False|fsm:Racing
180,Bot 08,B08,True,True,173.833,5,4,5,7,0,76.844,0.408,Stuck,1044,q_table_v6.json,False,45.063,Coast,cp:5|dist:medium|angle:left|speed:cruise|progress:danger|bomb:False|fsm:Recover
181,Bot 05,B05,True,True,540.658,15,14,0,8,2,158.244,0.406,RaceComplete,1046,q_table_v6.json,False,0.000,TurnLeftAndAccelerate,cp:0|dist:far|angle:hardLeft|speed:slow|progress:fresh|bomb:False|fsm:Recover
182,Bot 06,B06,True,True,318.231,9,8,9,1,1,110.726,0.404,Stuck,1050,q_table_v6.json,False,45.085,Coast,cp:9|dist:close|angle:forward|speed:slow|progress:danger|bomb:False|fsm:Racing
183,Bot 07,B07,True,True,540.764,15,14,0,0,0,173.765,0.402,RaceComplete,1053,q_table_v6.json,False,0.000,AccelerateForward,cp:0|dist:far|angle:hardLeft|speed:cruise|progress:fresh|bomb:False|fsm:Recover
184,Bot 04,B04,True,True,217.080,6,5,6,6,0,108.623,0.400,Stuck,1054,q_table_v6.json,False,45.058,RecoveryTurn,cp:6|dist:medium|angle:hardLeft|speed:slow|progress:danger|bomb:False|fsm:Recover
185,Bot 05,B05,True,True,61.404,2,1,2,0,0,56.096,0.398,Stuck,1068,q_table_v6.json,False,45.058,TurnRightAndAccelerate,cp:2|dist:medium|angle:behindRight|speed:fast|progress:danger|bomb:False|fsm:Recover
186,Bot 02,B02,True,True,546.403,15,14,0,1,0,124.057,0.396,RaceComplete,1071,q_table_v6.json,False,0.000,TurnLeftAndAccelerate,cp:0|dist:far|angle:hardLeft|speed:cruise|progress:fresh|bomb:False|fsm:Recover
187,Bot 09,B09,True,True,544.860,15,14,0,13,0,109.949,0.394,RaceComplete,1106,q_table_v6.json,False,0.000,HardRight,cp:0|dist:far|angle:hardLeft|speed:slow|progress:fresh|bomb:False|fsm:Recover
188,Bot 08,B08,True,True,247.587,7,6,7,3,0,91.776,0.392,Stuck,1122,q_table_v6.json,False,45.059,TurnRightAndAccelerate,cp:7|dist:medium|angle:forward|speed:cruise|progress:danger|bomb:False|fsm:Racing
189,Bot 03,B03,True,True,290.950,8,7,8,2,3,137.583,0.390,Stuck,1138,q_table_v6.json,False,45.059,Coast,cp:8|dist:close|angle:forward|speed:slow|progress:danger|bomb:False|fsm:Racing
190,Bot 02,B02,True,True,60.547,2,1,2,0,0,60.295,0.388,Stuck,1153,q_table_v6.json,False,45.025,HardLeft,cp:2|dist:medium|angle:behindRight|speed:slow|progress:danger|bomb:False|fsm:Recover
191,Bot 10,B10,True,True,519.589,14,13,14,3,0,132.772,0.386,Stuck,1155,q_table_v6.json,False,45.056,RecoveryTurn,cp:14|dist:close|angle:forward|speed:slow|progress:danger|bomb:False|fsm:Racing
192,Bot 04,B04,True,True,242.127,7,6,7,4,1,105.138,0.384,Stuck,1159,q_table_v6.json,False,45.058,AccelerateForward,cp:7|dist:medium|angle:right|speed:cruise|progress:danger|bomb:False|fsm:Collect
193,Bot 07,B07,True,True,542.323,15,14,0,1,0,112.606,0.382,RaceComplete,1160,q_table_v6.json,False,0.000,AccelerateForward,cp:0|dist:far|angle:hardLeft|speed:slow|progress:fresh|bomb:False|fsm:Recover
194,Bot 01,B01,True,True,545.243,15,14,0,5,1,164.018,0.380,RaceComplete,1168,q_table_v6.json,False,0.000,AccelerateForward,cp:0|dist:far|angle:hardLeft|speed:slow|progress:fresh|bomb:False|fsm:Recover
195,Bot 05,B05,True,True,544.126,15,14,0,6,0,107.875,0.378,RaceComplete,1194,q_table_v6.json,False,0.000,AccelerateForward,cp:0|dist:far|angle:hardLeft|speed:slow|progress:fresh|bomb:False|fsm:Recover
196,Bot 09,B09,True,True,210.019,6,5,6,2,1,86.664,0.376,Stuck,1194,q_table_v6.json,False,45.005,AccelerateForward,cp:6|dist:far|angle:hardRight|speed:cruise|progress:danger|bomb:False|fsm:Recover
197,Bot 02,B02,True,True,62.432,2,1,2,0,0,53.722,0.374,Stuck,1202,q_table_v6.json,False,45.059,TurnLeftAndAccelerate,cp:2|dist:close|angle:forward|speed:slow|progress:danger|bomb:False|fsm:Racing
198,Bot 08,B08,True,True,316.458,9,8,9,2,0,102.482,0.373,Stuck,1207,q_table_v6.json,False,45.052,Brake,cp:9|dist:medium|angle:hardLeft|speed:slow|progress:danger|bomb:False|fsm:Recover
199,Bot 03,B03,True,True,287.814,8,7,8,0,0,101.986,0.371,Stuck,1219,q_table_v6.json,False,45.057,TurnRightAndAccelerate,cp:8|dist:far|angle:behindRight|speed:slow|progress:danger|bomb:False|fsm:Recover
200,Bot 06,B06,True,True,534.806,15,14,0,3,7,199.296,0.369,RaceComplete,1221,q_table_v6.json,False,0.000,TurnRightAndAccelerate,cp:0|dist:far|angle:hardLeft|speed:cruise|progress:fresh|bomb:False|fsm:Recover
201,Bot 10,B10,True,True,321.827,9,8,9,2,0,98.833,0.367,Stuck,1225,q_table_v6.json,False,45.058,Coast,cp:9|dist:close|angle:forward|speed:slow|progress:danger|bomb:False|fsm:Racing
202,Bot 07,B07,True,True,543.679,15,14,0,2,0,114.930,0.365,RaceComplete,1229,q_table_v6.json,False,0.000,AccelerateForward,cp:0|dist:far|angle:hardLeft|speed:slow|progress:fresh|bomb:False|fsm:Recover
203,Bot 01,B01,True,True,247.488,7,6,7,4,0,106.467,0.363,Stuck,1232,q_table_v6.json,False,45.058,Coast,cp:7|dist:close|angle:behindLeft|speed:cruise|progress:danger|bomb:False|fsm:Racing
204,Bot 09,B09,True,True,546.594,15,14,0,1,0,90.836,0.361,RaceComplete,1233,q_table_v6.json,False,0.000,Brake,cp:0|dist:far|angle:hardLeft|speed:cruise|progress:fresh|bomb:False|fsm:Recover
205,Bot 04,B04,True,True,307.145,9,8,9,0,1,133.018,0.360,Stuck,1233,q_table_v6.json,False,45.056,TurnRightAndAccelerate,cp:9|dist:medium|angle:right|speed:slow|progress:danger|bomb:False|fsm:Recover
206,Bot 05,B05,True,True,539.085,15,14,0,6,0,129.621,0.358,RaceComplete,1236,q_table_v6.json,False,0.000,Brake,cp:0|dist:far|angle:hardLeft|speed:slow|progress:fresh|bomb:False|fsm:Recover
207,Bot 03,B03,True,True,318.024,9,8,9,7,0,98.581,0.356,Stuck,1239,q_table_v6.json,False,45.060,TurnRightAndAccelerate,cp:9|dist:close|angle:forward|speed:slow|progress:danger|bomb:False|fsm:Racing
208,Bot 08,B08,True,True,543.760,15,14,0,1,1,125.884,0.354,RaceComplete,1239,q_table_v6.json,False,0.000,Brake,cp:0|dist:far|angle:hardLeft|speed:slow|progress:fresh|bomb:False|fsm:Recover
209,Bot 07,B07,True,True,541.915,15,14,0,3,0,78.005,0.353,RaceComplete,1239,q_table_v6.json,False,0.000,AccelerateForward,cp:0|dist:far|angle:hardLeft|speed:slow|progress:fresh|bomb:False|fsm:Recover
210,Bot 02,B02,True,True,547.417,15,14,0,8,1,153.352,0.351,RaceComplete,1239,q_table_v6.json,True,0.000,AccelerateForward,cp:0|dist:far|angle:hardLeft|speed:slow|progress:fresh|bomb:False|fsm:Recover
211,Bot 10,B10,True,True,239.368,7,6,7,2,1,105.968,0.349,Stuck,1239,q_table_v6.json,False,45.060,TurnLeftAndAccelerate,cp:7|dist:medium|angle:behindRight|speed:cruise|progress:danger|bomb:False|fsm:Recover
212,Bot 06,B06,True,True,542.670,15,14,0,1,1,121.236,0.347,RaceComplete,1239,q_table_v6.json,False,0.000,HardLeft,cp:0|dist:far|angle:hardLeft|speed:slow|progress:fresh|bomb:False|fsm:Recover
213,Bot 04,B04,True,True,542.540,15,14,0,1,0,88.795,0.346,RaceComplete,1239,q_table_v6.json,False,0.000,Brake,cp:0|dist:far|angle:hardLeft|speed:cruise|progress:fresh|bomb:False|fsm:Recover
214,Bot 09,B09,True,True,547.005,15,14,0,0,0,108.622,0.344,RaceComplete,1247,q_table_v6.json,False,0.000,AccelerateForward,cp:0|dist:far|angle:hardLeft|speed:slow|progress:fresh|bomb:False|fsm:Recover
215,Bot 05,B05,True,True,167.292,5,4,5,2,1,72.609,0.342,Stuck,1247,q_table_v6.json,False,45.058,RecoveryTurn,cp:5|dist:medium|angle:forward|speed:slow|progress:danger|bomb:False|fsm:Racing
216,Bot 01,B01,True,True,530.285,15,14,0,4,4,127.213,0.340,RaceComplete,1250,q_table_v6.json,False,0.000,TurnRightAndAccelerate,cp:0|dist:far|angle:hardLeft|speed:cruise|progress:fresh|bomb:False|fsm:Recover
217,Bot 03,B03,True,True,246.901,7,6,7,8,0,84.064,0.339,Stuck,1253,q_table_v6.json,False,45.061,AccelerateForward,cp:7|dist:close|angle:forward|speed:slow|progress:danger|bomb:False|fsm:Racing
218,Bot 04,B04,True,True,177.344,5,4,5,1,0,72.277,0.337,Stuck,1278,q_table_v6.json,False,45.061,AccelerateForward,cp:5|dist:medium|angle:hardRight|speed:slow|progress:danger|bomb:False|fsm:Recover
219,Bot 09,B09,True,True,105.426,3,2,3,0,0,65.474,0.335,Stuck,1283,q_table_v6.json,False,45.060,Coast,cp:3|dist:far|angle:left|speed:cruise|progress:danger|bomb:False|fsm:Recover
220,Bot 06,B06,True,True,544.768,15,14,0,3,0,103.730,0.334,RaceComplete,1283,q_table_v6.json,False,0.000,Coast,cp:0|dist:far|angle:hardLeft|speed:cruise|progress:fresh|bomb:False|fsm:Recover
221,Bot 08,B08,True,True,535.657,15,14,0,6,2,140.654,0.332,RaceComplete,1285,q_table_v6.json,False,0.000,AccelerateForward,cp:0|dist:far|angle:hardLeft|speed:cruise|progress:fresh|bomb:False|fsm:Recover
222,Bot 10,B10,True,True,538.144,15,14,0,3,3,130.279,0.330,RaceComplete,1285,q_table_v6.json,False,0.000,TurnRightAndAccelerate,cp:0|dist:far|angle:hardLeft|speed:cruise|progress:fresh|bomb:False|fsm:Recover
223,Bot 01,B01,True,True,252.721,7,6,7,5,0,90.946,0.329,Stuck,1287,q_table_v6.json,False,45.056,Coast,cp:7|dist:close|angle:forward|speed:cruise|progress:danger|bomb:False|fsm:Racing
224,Bot 02,B02,True,True,542.558,15,14,0,0,1,143.557,0.327,RaceComplete,1291,q_table_v6.json,False,0.000,AccelerateForward,cp:0|dist:far|angle:hardLeft|speed:cruise|progress:fresh|bomb:False|fsm:Recover
225,Bot 04,B04,True,True,65.139,2,1,2,0,2,51.202,0.325,Stuck,1292,q_table_v6.json,False,45.062,RecoveryTurn,cp:2|dist:close|angle:forward|speed:slow|progress:danger|bomb:False|fsm:Collect
226,Bot 07,B07,True,True,421.539,12,11,12,0,1,162.813,0.324,Stuck,1297,q_table_v6.json,False,45.065,HardRight,cp:12|dist:medium|angle:forward|speed:slow|progress:danger|bomb:False|fsm:Racing
227,Bot 05,B05,True,True,538.885,15,14,0,3,1,120.820,0.322,RaceComplete,1297,q_table_v6.json,False,0.000,RecoveryTurn,cp:0|dist:far|angle:hardLeft|speed:cruise|progress:fresh|bomb:False|fsm:Recover
228,Bot 06,B06,True,True,243.665,7,6,7,2,1,88.291,0.321,Stuck,1319,q_table_v6.json,False,45.061,HardRight,cp:7|dist:close|angle:behindRight|speed:cruise|progress:danger|bomb:False|fsm:Racing
229,Bot 04,B04,True,True,103.629,3,2,3,9,0,58.506,0.319,Stuck,1322,q_table_v6.json,False,45.052,TurnLeftAndAccelerate,cp:3|dist:close|angle:forward|speed:slow|progress:danger|bomb:False|fsm:Racing
230,Bot 03,B03,True,True,429.892,12,11,12,2,1,147.627,0.317,Stuck,1327,q_table_v6.json,False,45.063,AccelerateForward,cp:12|dist:far|angle:hardLeft|speed:cruise|progress:danger|bomb:False|fsm:Recover
231,Bot 08,B08,True,True,543.894,15,14,0,2,0,89.210,0.316,RaceComplete,1337,q_table_v6.json,False,0.000,Brake,cp:0|dist:far|angle:hardLeft|speed:slow|progress:fresh|bomb:False|fsm:Recover
232,Bot 02,B02,True,True,230.385,6,5,6,7,0,80.162,0.314,Stuck,1337,q_table_v6.json,False,45.059,HardLeft,cp:6|dist:medium|angle:hardLeft|speed:cruise|progress:danger|bomb:False|fsm:Recover
233,Bot 10,B10,True,True,244.331,7,6,7,2,1,92.940,0.313,Stuck,1337,q_table_v6.json,False,45.057,AccelerateForward,cp:7|dist:close|angle:forward|speed:cruise|progress:danger|bomb:False|fsm:Racing
234,Bot 01,B01,True,True,540.020,15,14,0,2,1,91.862,0.311,RaceComplete,1337,q_table_v6.json,False,0.000,HardLeft,cp:0|dist:far|angle:hardLeft|speed:cruise|progress:fresh|bomb:False|fsm:Recover
235,Bot 07,B07,True,True,541.896,15,14,0,0,0,84.889,0.309,RaceComplete,1341,q_table_v6.json,False,0.000,Coast,cp:0|dist:far|angle:hardLeft|speed:cruise|progress:fresh|bomb:False|fsm:Recover
236,Bot 09,B09,True,True,430.167,12,11,12,1,0,159.246,0.308,Stuck,1343,q_table_v6.json,False,45.059,HardRight,cp:12|dist:medium|angle:behindRight|speed:cruise|progress:danger|bomb:False|fsm:Recover
237,Bot 08,B08,True,True,62.590,2,1,2,0,0,50.454,0.306,Stuck,1344,q_table_v6.json,False,45.063,TurnRightAndAccelerate,cp:2|dist:medium|angle:forward|speed:slow|progress:danger|bomb:False|fsm:Racing
238,Bot 05,B05,True,True,533.416,15,14,0,6,5,137.585,0.305,RaceComplete,1352,q_table_v6.json,False,0.000,RecoveryTurn,cp:0|dist:far|angle:hardLeft|speed:slow|progress:fresh|bomb:False|fsm:Recover
239,Bot 06,B06,True,True,538.973,15,14,0,1,1,102.241,0.303,RaceComplete,1357,q_table_v6.json,False,0.000,AccelerateForward,cp:0|dist:far|angle:hardLeft|speed:slow|progress:fresh|bomb:False|fsm:Recover
240,Bot 03,B03,True,True,245.079,7,6,7,7,1,93.435,0.302,Stuck,1357,q_table_v6.json,False,45.055,TurnRightAndAccelerate,cp:7|dist:medium|angle:forward|speed:cruise|progress:danger|bomb:False|fsm:Racing
241,Bot 10,B10,True,True,251.700,7,6,7,0,0,84.396,0.300,Stuck,1362,q_table_v6.json,False,45.063,AccelerateForward,cp:7|dist:close|angle:forward|speed:cruise|progress:danger|bomb:False|fsm:Racing
242,Bot 09,B09,True,True,101.023,3,2,3,3,1,65.142,0.299,Stuck,1375,q_table_v6.json,False,45.060,HardLeft,cp:3|dist:close|angle:behindLeft|speed:slow|progress:danger|bomb:False|fsm:Racing
243,Bot 02,B02,True,True,545.321,15,14,0,0,0,104.146,0.297,RaceComplete,1376,q_table_v6.json,False,0.000,Brake,cp:0|dist:far|angle:hardLeft|speed:cruise|progress:fresh|bomb:False|fsm:Recover
244,Bot 07,B07,True,True,543.289,15,14,0,2,0,94.845,0.296,RaceComplete,1380,q_table_v6.json,False,0.000,Brake,cp:0|dist:far|angle:hardLeft|speed:cruise|progress:fresh|bomb:False|fsm:Recover
245,Bot 01,B01,True,True,285.554,8,7,8,1,0,130.782,0.294,Stuck,1396,q_table_v6.json,False,45.029,AccelerateForward,cp:8|dist:medium|angle:behindLeft|speed:slow|progress:danger|bomb:False|fsm:Recover
246,Bot 06,B06,True,True,542.320,15,14,0,2,0,70.696,0.293,RaceComplete,1397,q_table_v6.json,False,0.000,AccelerateForward,cp:0|dist:far|angle:hardLeft|speed:fast|progress:fresh|bomb:False|fsm:Recover
247,Bot 04,B04,True,True,527.840,15,14,0,0,1,175.333,0.291,RaceComplete,1403,q_table_v6.json,False,0.000,Brake,cp:0|dist:far|angle:hardLeft|speed:cruise|progress:fresh|bomb:False|fsm:Recover
248,Bot 08,B08,True,True,401.514,11,10,11,3,0,123.562,0.290,Stuck,1410,q_table_v6.json,False,45.064,AccelerateForward,cp:11|dist:medium|angle:hardLeft|speed:cruise|progress:danger|bomb:False|fsm:Recover
249,Bot 10,B10,True,True,239.715,7,6,7,0,1,88.458,0.288,Stuck,1410,q_table_v6.json,False,45.060,TurnLeftAndAccelerate,cp:7|dist:far|angle:right|speed:cruise|progress:danger|bomb:False|fsm:Recover
250,Bot 03,B03,True,True,542.919,15,14,0,11,1,106.469,0.287,RaceComplete,1419,q_table_v6.json,False,0.000,AccelerateForward,cp:0|dist:far|angle:hardLeft|speed:slow|progress:fresh|bomb:False|fsm:Recover
251,Bot 05,B05,True,True,529.838,15,14,0,3,3,119.087,0.286,RaceComplete,1430,q_table_v6.json,False,0.000,AccelerateForward,cp:0|dist:far|angle:hardLeft|speed:slow|progress:fresh|bomb:False|fsm:Recover
252,Bot 02,B02,True,True,238.843,7,6,7,4,2,97.248,0.284,Stuck,1436,q_table_v6.json,False,45.055,TurnLeftAndAccelerate,cp:7|dist:close|angle:behindLeft|speed:slow|progress:danger|bomb:False|fsm:Racing
253,Bot 09,B09,True,True,546.365,15,14,0,3,0,99.911,0.283,RaceComplete,1437,q_table_v6.json,False,0.000,Brake,cp:0|dist:far|angle:hardLeft|speed:slow|progress:fresh|bomb:False|fsm:Recover
254,Bot 06,B06,True,True,99.909,3,2,3,0,0,59.007,0.281,Stuck,1442,q_table_v6.json,False,45.063,TurnLeftAndAccelerate,cp:3|dist:close|angle:left|speed:slow|progress:danger|bomb:False|fsm:Racing
255,Bot 07,B07,True,True,312.213,9,8,9,0,1,98.335,0.280,Stuck,1445,q_table_v6.json,False,45.058,TurnRightAndAccelerate,cp:9|dist:medium|angle:hardLeft|speed:slow|progress:danger|bomb:False|fsm:Recover
256,Bot 04,B04,True,True,164.795,4,3,4,0,0,63.648,0.279,Stuck,1452,q_table_v6.json,False,45.053,HardRight,cp:4|dist:far|angle:behindRight|speed:cruise|progress:danger|bomb:False|fsm:Recover
257,Bot 01,B01,True,True,172.021,5,4,5,1,0,101.820,0.277,Stuck,1469,q_table_v6.json,False,45.059,HardLeft,cp:5|dist:close|angle:behindRight|speed:slow|progress:danger|bomb:False|fsm:Racing
258,Bot 08,B08,True,True,543.937,15,14,0,6,0,87.043,0.276,RaceComplete,1477,q_table_v6.json,False,0.000,Brake,cp:0|dist:far|angle:hardLeft|speed:cruise|progress:fresh|bomb:False|fsm:Recover
259,Bot 10,B10,True,True,543.971,15,14,0,6,0,89.539,0.274,RaceComplete,1479,q_table_v6.json,False,0.000,AccelerateForward,cp:0|dist:far|angle:hardLeft|speed:slow|progress:fresh|bomb:False|fsm:Recover
260,Bot 03,B03,True,True,543.980,15,14,0,1,0,88.205,0.273,RaceComplete,1484,q_table_v6.json,False,0.000,Coast,cp:0|dist:far|angle:hardLeft|speed:cruise|progress:fresh|bomb:False|fsm:Recover
261,Bot 07,B07,True,True,539.047,15,14,0,0,0,64.235,0.272,RaceComplete,1486,q_table_v6.json,False,0.000,TurnLeftAndAccelerate,cp:0|dist:far|angle:hardLeft|speed:fast|progress:fresh|bomb:False|fsm:Recover
262,Bot 06,B06,True,True,176.670,5,4,5,0,0,77.425,0.270,Stuck,1490,q_table_v6.json,False,45.070,HardLeft,cp:5|dist:medium|angle:forward|speed:slow|progress:danger|bomb:False|fsm:Collect
263,Bot 09,B09,True,True,249.665,7,6,7,1,0,86.861,0.269,Stuck,1490,q_table_v6.json,False,45.015,AccelerateForward,cp:7|dist:far|angle:hardRight|speed:cruise|progress:danger|bomb:False|fsm:Recover
264,Bot 02,B02,True,True,391.621,11,10,11,9,1,114.355,0.268,Stuck,1497,q_table_v6.json,False,45.058,AccelerateForward,cp:11|dist:far|angle:hardRight|speed:slow|progress:danger|bomb:False|fsm:Recover
265,Bot 04,B04,True,True,242.142,7,6,7,0,0,98.086,0.266,Stuck,1497,q_table_v6.json,False,45.051,TurnLeftAndAccelerate,cp:7|dist:far|angle:right|speed:cruise|progress:danger|bomb:False|fsm:Recover
266,Bot 01,B01,True,True,247.844,7,6,7,0,0,94.583,0.265,Stuck,1501,q_table_v6.json,False,45.018,Coast,cp:7|dist:close|angle:forward|speed:slow|progress:danger|bomb:False|fsm:Racing
267,Bot 05,B05,True,True,545.366,15,14,0,8,0,147.706,0.264,RaceComplete,1503,q_table_v6.json,False,0.000,AccelerateForward,cp:0|dist:far|angle:hardLeft|speed:slow|progress:fresh|bomb:False|fsm:Recover
268,Bot 10,B10,True,True,95.575,3,2,3,2,2,81.739,0.262,Stuck,1503,q_table_v6.json,False,45.060,TurnRightAndAccelerate,cp:3|dist:close|angle:behindLeft|speed:slow|progress:danger|bomb:False|fsm:Racing
269,Bot 02,B02,True,True,96.775,3,2,3,0,0,59.163,0.261,Stuck,1506,q_table_v6.json,False,45.054,Coast,cp:3|dist:close|angle:forward|speed:cruise|progress:danger|bomb:False|fsm:Collect
270,Bot 04,B04,True,True,98.068,3,2,3,0,0,60.494,0.260,Stuck,1506,q_table_v6.json,False,45.056,TurnLeftAndAccelerate,cp:3|dist:close|angle:forward|speed:cruise|progress:danger|bomb:False|fsm:Collect
271,Bot 07,B07,True,True,537.464,15,14,0,2,2,107.041,0.258,RaceComplete,1506,q_table_v6.json,False,0.000,AccelerateForward,cp:0|dist:far|angle:hardLeft|speed:slow|progress:fresh|bomb:False|fsm:Recover
272,Bot 09,B09,True,True,537.264,15,14,0,2,1,98.022,0.257,RaceComplete,1507,q_table_v6.json,False,0.000,Brake,cp:0|dist:far|angle:hardLeft|speed:cruise|progress:fresh|bomb:False|fsm:Recover
273,Bot 03,B03,True,True,542.131,15,14,0,2,1,115.844,0.256,RaceComplete,1507,q_table_v6.json,False,0.000,TurnLeftAndAccelerate,cp:0|dist:far|angle:hardLeft|speed:cruise|progress:fresh|bomb:False|fsm:Recover
274,Bot 06,B06,True,True,387.408,11,10,11,2,0,122.387,0.255,Stuck,1508,q_table_v6.json,False,45.055,AccelerateForward,cp:11|dist:medium|angle:behindLeft|speed:slow|progress:danger|bomb:False|fsm:Recover
275,Bot 08,B08,True,True,387.565,11,10,11,1,0,152.941,0.253,Stuck,1509,q_table_v6.json,False,45.065,TurnRightAndAccelerate,cp:11|dist:medium|angle:hardLeft|speed:cruise|progress:danger|bomb:False|fsm:Recover
276,Bot 04,B04,True,True,103.414,3,2,3,0,0,56.016,0.252,Stuck,1518,q_table_v6.json,False,45.013,TurnRightAndAccelerate,cp:3|dist:medium|angle:hardRight|speed:cruise|progress:danger|bomb:False|fsm:Recover
277,Bot 05,B05,True,True,542.957,15,14,0,8,0,107.713,0.251,RaceComplete,1519,q_table_v6.json,False,0.000,Brake,cp:0|dist:far|angle:hardLeft|speed:slow|progress:fresh|bomb:False|fsm:Recover
278,Bot 01,B01,True,True,541.239,15,14,0,4,1,120.923,0.250,RaceComplete,1522,q_table_v6.json,False,0.000,AccelerateForward,cp:0|dist:far|angle:hardLeft|speed:cruise|progress:fresh|bomb:False|fsm:Recover
279,Bot 10,B10,True,True,235.794,7,6,7,1,0,122.727,0.250,Stuck,1522,q_table_v6.json,False,45.058,Coast,cp:7|dist:close|angle:forward|speed:cruise|progress:danger|bomb:False|fsm:Racing
280,Bot 07,B07,True,True,543.429,15,14,0,3,0,88.213,0.250,RaceComplete,1524,q_table_v6.json,False,0.000,TurnRightAndAccelerate,cp:0|dist:far|angle:hardLeft|speed:cruise|progress:fresh|bomb:False|fsm:Recover
281,Bot 09,B09,True,True,245.731,7,6,7,1,0,90.039,0.250,Stuck,1524,q_table_v6.json,False,45.062,TurnLeftAndAccelerate,cp:7|dist:close|angle:behindRight|speed:slow|progress:danger|bomb:False|fsm:Racing
282,Bot 08,B08,True,True,164.931,5,4,5,0,1,73.856,0.250,Stuck,1524,q_table_v6.json,False,45.064,HardRight,cp:5|dist:medium|angle:hardRight|speed:slow|progress:danger|bomb:False|fsm:Recover
283,Bot 02,B02,True,True,535.919,15,14,0,4,1,109.622,0.250,RaceComplete,1524,q_table_v6.json,False,0.000,AccelerateForward,cp:0|dist:far|angle:hardLeft|speed:cruise|progress:fresh|bomb:False|fsm:Recover
284,Bot 06,B06,True,True,240.660,7,6,7,1,0,83.735,0.250,Stuck,1524,q_table_v6.json,False,45.064,RecoveryTurn,cp:7|dist:medium|angle:right|speed:slow|progress:danger|bomb:False|fsm:Recover
285,Bot 03,B03,True,True,253.345,7,6,7,4,0,116.433,0.250,Stuck,1530,q_table_v6.json,False,45.065,Coast,cp:7|dist:close|angle:forward|speed:cruise|progress:danger|bomb:False|fsm:Racing
286,Bot 05,B05,True,True,170.592,5,4,5,0,1,72.107,0.250,Stuck,1540,q_table_v6.json,False,45.059,TurnRightAndAccelerate,cp:5|dist:close|angle:behindLeft|speed:cruise|progress:danger|bomb:False|fsm:Racing
287,Bot 07,B07,True,True,97.030,3,2,3,0,0,56.921,0.250,Stuck,1553,q_table_v6.json,False,45.019,AccelerateForward,cp:3|dist:far|angle:right|speed:cruise|progress:danger|bomb:False|fsm:Recover
288,Bot 04,B04,True,True,540.586,15,14,0,1,0,101.899,0.250,RaceComplete,1555,q_table_v6.json,False,0.000,AccelerateForward,cp:0|dist:far|angle:hardLeft|speed:slow|progress:fresh|bomb:False|fsm:Recover
289,Bot 01,B01,True,True,209.536,6,5,6,3,1,98.163,0.250,Stuck,1556,q_table_v6.json,False,45.052,HardRight,cp:6|dist:medium|angle:behindRight|speed:slow|progress:danger|bomb:False|fsm:Recover
290,Bot 06,B06,True,True,88.389,3,2,3,3,2,76.838,0.250,Stuck,1557,q_table_v6.json,False,45.037,TurnRightAndAccelerate,cp:3|dist:medium|angle:hardRight|speed:cruise|progress:danger|bomb:False|fsm:Recover
291,Bot 02,B02,True,True,245.870,7,6,7,5,0,87.793,0.250,Stuck,1558,q_table_v6.json,False,45.059,Coast,cp:7|dist:close|angle:forward|speed:cruise|progress:danger|bomb:False|fsm:Racing
292,Bot 09,B09,True,True,548.557,15,14,0,3,0,110.775,0.250,RaceComplete,1559,q_table_v6.json,True,0.000,Coast,cp:0|dist:far|angle:hardLeft|speed:cruise|progress:fresh|bomb:False|fsm:Recover
293,Bot 03,B03,True,True,544.269,15,14,0,8,0,91.685,0.250,RaceComplete,1565,q_table_v6.json,False,0.000,AccelerateForward,cp:0|dist:far|angle:hardLeft|speed:cruise|progress:fresh|bomb:False|fsm:Recover
294,Bot 08,B08,True,True,266.655,8,7,8,5,1,120.237,0.250,Stuck,1565,q_table_v6.json,False,45.057,RecoveryTurn,cp:8|dist:medium|angle:behindRight|speed:slow|progress:danger|bomb:False|fsm:Recover
295,Bot 10,B10,True,True,542.630,15,14,0,3,0,136.587,0.250,RaceComplete,1565,q_table_v6.json,False,0.000,Coast,cp:0|dist:far|angle:hardLeft|speed:cruise|progress:fresh|bomb:False|fsm:Recover
296,Bot 02,B02,True,True,98.101,3,2,3,0,0,61.741,0.250,Stuck,1567,q_table_v6.json,False,45.023,Coast,cp:3|dist:close|angle:forward|speed:slow|progress:danger|bomb:False|fsm:Racing
297,Bot 07,B07,True,True,399.595,11,10,11,0,0,106.134,0.250,Stuck,1569,q_table_v6.json,False,45.060,Brake,cp:11|dist:close|angle:left|speed:cruise|progress:danger|bomb:False|fsm:Recover
298,Bot 04,B04,True,True,423.685,12,11,12,1,0,103.976,0.250,Stuck,1569,q_table_v6.json,False,45.058,Brake,cp:12|dist:medium|angle:behindRight|speed:slow|progress:danger|bomb:False|fsm:Recover
299,Bot 06,B06,True,True,541.776,15,14,0,0,0,74.849,0.250,RaceComplete,1570,q_table_v6.json,False,0.000,HardRight,cp:0|dist:far|angle:hardLeft|speed:cruise|progress:fresh|bomb:False|fsm:Recover
300,Bot 01,B01,True,True,215.792,6,5,6,1,0,87.713,0.250,Stuck,1570,q_table_v6.json,False,45.059,TurnLeftAndAccelerate,cp:6|dist:close|angle:hardLeft|speed:cruise|progress:danger|bomb:False|fsm:Racing
301,Bot 05,B05,True,True,530.201,15,14,0,0,1,130.612,0.250,RaceComplete,1570,q_table_v6.json,False,0.000,AccelerateForward,cp:0|dist:far|angle:hardLeft|speed:slow|progress:fresh|bomb:False|fsm:Recover
302,Bot 09,B09,True,True,165.670,5,4,5,2,1,74.187,0.250,Stuck,1582,q_table_v6.json,False,45.057,TurnLeftAndAccelerate,cp:5|dist:medium|angle:right|speed:slow|progress:danger|bomb:False|fsm:Recover
303,Bot 03,B03,True,True,228.147,6,5,6,6,1,79.583,0.250,Stuck,1594,q_table_v6.json,False,45.060,Coast,cp:6|dist:far|angle:left|speed:fast|progress:danger|bomb:False|fsm:Recover
304,Bot 08,B08,True,True,166.805,5,4,5,0,1,74.686,0.250,Stuck,1594,q_table_v6.json,False,45.062,TurnRightAndAccelerate,cp:5|dist:close|angle:hardRight|speed:cruise|progress:danger|bomb:False|fsm:Racing
305,Bot 02,B02,True,True,172.710,5,4,5,0,0,67.298,0.250,Stuck,1613,q_table_v6.json,False,45.059,Brake,cp:5|dist:close|angle:right|speed:slow|progress:danger|bomb:False|fsm:Racing
306,Bot 06,B06,True,True,98.765,3,2,3,0,0,64.062,0.250,Stuck,1614,q_table_v6.json,False,45.061,TurnLeftAndAccelerate,cp:3|dist:far|angle:right|speed:cruise|progress:danger|bomb:False|fsm:Recover
307,Bot 04,B04,True,True,142.625,4,3,4,0,1,74.934,0.250,Stuck,1620,q_table_v6.json,False,45.060,TurnLeftAndAccelerate,cp:4|dist:far|angle:right|speed:cruise|progress:danger|bomb:False|fsm:Recover
308,Bot 01,B01,True,True,541.400,15,14,0,1,0,101.740,0.250,RaceComplete,1624,q_table_v6.json,False,0.000,Brake,cp:0|dist:far|angle:hardLeft|speed:slow|progress:fresh|bomb:False|fsm:Recover
309,Bot 07,B07,True,True,424.441,12,11,12,1,0,115.679,0.250,Stuck,1626,q_table_v6.json,False,45.060,HardRight,cp:12|dist:medium|angle:right|speed:cruise|progress:danger|bomb:False|fsm:Recover
310,Bot 10,B10,True,True,532.665,15,14,0,3,0,152.023,0.250,RaceComplete,1628,q_table_v6.json,False,0.000,AccelerateForward,cp:0|dist:far|angle:hardLeft|speed:cruise|progress:fresh|bomb:False|fsm:Recover
311,Bot 02,B02,True,True,92.198,3,2,3,3,3,74.518,0.250,Stuck,1637,q_table_v6.json,False,45.058,AccelerateForward,cp:3|dist:close|angle:forward|speed:slow|progress:danger|bomb:False|fsm:Racing
312,Bot 09,B09,True,True,385.963,11,10,11,4,0,113.463,0.250,Stuck,1638,q_table_v6.json,False,45.087,AccelerateForward,cp:11|dist:medium|angle:left|speed:cruise|progress:danger|bomb:False|fsm:Racing
313,Bot 05,B05,True,True,541.534,15,14,0,5,1,126.559,0.250,RaceComplete,1638,q_table_v6.json,False,0.000,TurnRightAndAccelerate,cp:0|dist:far|angle:hardLeft|speed:slow|progress:fresh|bomb:False|fsm:Recover
314,Bot 03,B03,True,True,546.248,15,14,0,7,0,109.452,0.250,RaceComplete,1638,q_table_v6.json,False,0.000,Brake,cp:0|dist:far|angle:hardLeft|speed:cruise|progress:fresh|bomb:False|fsm:Recover
315,Bot 08,B08,True,True,533.115,15,14,0,0,2,115.092,0.250,RaceComplete,1638,q_table_v6.json,False,0.000,AccelerateForward,cp:0|dist:far|angle:hardLeft|speed:slow|progress:fresh|bomb:False|fsm:Recover
316,Bot 04,B04,True,True,245.105,7,6,7,1,0,86.552,0.250,Stuck,1638,q_table_v6.json,False,45.058,Brake,cp:7|dist:close|angle:behindLeft|speed:slow|progress:danger|bomb:False|fsm:Racing
317,Bot 06,B06,True,True,322.931,9,8,9,4,0,107.213,0.250,Stuck,1642,q_table_v6.json,False,45.053,AccelerateForward,cp:9|dist:medium|angle:forward|speed:slow|progress:danger|bomb:False|fsm:Racing
318,Bot 03,B03,True,True,101.235,3,2,3,3,0,54.275,0.250,Stuck,1650,q_table_v6.json,False,45.063,TurnRightAndAccelerate,cp:3|dist:close|angle:forward|speed:cruise|progress:danger|bomb:False|fsm:Collect
319,Bot 07,B07,True,True,544.430,15,14,0,0,0,103.228,0.250,RaceComplete,1658,q_table_v6.json,False,0.000,Brake,cp:0|dist:far|angle:hardLeft|speed:slow|progress:fresh|bomb:False|fsm:Recover
320,Bot 09,B09,True,True,263.901,7,6,7,3,0,84.118,0.250,Stuck,1663,q_table_v6.json,False,45.060,Coast,cp:7|dist:close|angle:forward|speed:cruise|progress:danger|bomb:False|fsm:Racing
321,Bot 01,B01,True,True,399.099,11,10,11,3,2,119.243,0.250,Stuck,1668,q_table_v6.json,False,45.057,TurnRightAndAccelerate,cp:11|dist:far|angle:behindLeft|speed:fast|progress:danger|bomb:False|fsm:Recover
322,Bot 06,B06,True,True,65.347,2,1,2,0,0,56.842,0.250,Stuck,1668,q_table_v6.json,False,45.044,Brake,cp:2|dist:medium|angle:forward|speed:slow|progress:danger|bomb:False|fsm:Collect
323,Bot 02,B02,True,True,241.952,7,6,7,0,1,113.439,0.250,Stuck,1678,q_table_v6.json,False,45.061,TurnRightAndAccelerate,cp:7|dist:medium|angle:forward|speed:cruise|progress:danger|bomb:False|fsm:Racing
324,Bot 04,B04,True,True,540.747,15,14,0,1,1,104.890,0.250,RaceComplete,1690,q_table_v6.json,False,0.000,AccelerateForward,cp:0|dist:far|angle:hardLeft|speed:slow|progress:fresh|bomb:False|fsm:Recover
325,Bot 05,B05,True,True,383.767,11,10,11,8,2,132.510,0.250,Stuck,1691,q_table_v6.json,False,45.046,RecoveryTurn,cp:11|dist:medium|angle:behindLeft|speed:cruise|progress:danger|bomb:False|fsm:Recover
326,Bot 07,B07,True,True,103.251,3,2,3,0,0,61.075,0.250,Stuck,1694,q_table_v6.json,False,45.057,Coast,cp:3|dist:medium|angle:forward|speed:cruise|progress:danger|bomb:False|fsm:Recover
327,Bot 08,B08,True,True,388.370,11,10,11,3,0,130.032,0.250,Stuck,1699,q_table_v6.json,False,45.056,AccelerateForward,cp:11|dist:medium|angle:forward|speed:slow|progress:danger|bomb:False|fsm:Racing
328,Bot 10,B10,True,True,536.413,15,14,0,0,0,172.359,0.250,RaceComplete,1704,q_table_v6.json,False,0.000,AccelerateForward,cp:0|dist:far|angle:hardLeft|speed:slow|progress:fresh|bomb:False|fsm:Recover
329,Bot 03,B03,True,True,322.025,9,8,9,3,0,93.099,0.250,Stuck,1705,q_table_v6.json,False,45.039,Coast,cp:9|dist:medium|angle:forward|speed:slow|progress:danger|bomb:False|fsm:Racing
330,Bot 01,B01,True,True,169.470,5,4,5,2,0,72.195,0.250,Stuck,1705,q_table_v6.json,False,45.044,AccelerateForward,cp:5|dist:medium|angle:hardLeft|speed:slow|progress:danger|bomb:False|fsm:Recover
331,Bot 09,B09,True,True,248.452,7,6,7,5,0,85.473,0.250,Stuck,1705,q_table_v6.json,False,45.060,RecoveryTurn,cp:7|dist:close|angle:left|speed:slow|progress:danger|bomb:False|fsm:Racing
332,Bot 06,B06,True,True,212.552,6,5,6,2,0,90.039,0.250,Stuck,1708,q_table_v6.json,False,45.060,HardLeft,cp:6|dist:close|angle:forward|speed:slow|progress:danger|bomb:False|fsm:Collect
333,Bot 07,B07,True,True,95.146,3,2,3,0,0,60.496,0.250,Stuck,1717,q_table_v6.json,False,45.060,RecoveryTurn,cp:3|dist:close|angle:behindRight|speed:cruise|progress:danger|bomb:False|fsm:Recover
334,Bot 05,B05,True,True,94.154,3,2,3,3,2,66.718,0.250,Stuck,1717,q_table_v6.json,False,45.060,HardRight,cp:3|dist:far|angle:hardRight|speed:slow|progress:danger|bomb:False|fsm:Recover
335,Bot 02,B02,True,True,248.813,7,6,7,8,0,89.700,0.250,Stuck,1717,q_table_v6.json,False,45.057,TurnLeftAndAccelerate,cp:7|dist:medium|angle:right|speed:cruise|progress:danger|bomb:False|fsm:Recover
336,Bot 04,B04,True,True,250.009,7,6,7,4,0,86.217,0.250,Stuck,1717,q_table_v6.json,False,45.060,TurnRightAndAccelerate,cp:7|dist:medium|angle:hardRight|speed:slow|progress:danger|bomb:False|fsm:Recover
337,Bot 08,B08,True,True,244.443,7,6,7,6,0,76.098,0.250,Stuck,1717,q_table_v6.json,False,45.063,AccelerateForward,cp:7|dist:close|angle:forward|speed:slow|progress:danger|bomb:False|fsm:Racing
338,Bot 01,B01,True,True,95.165,3,2,3,0,0,64.060,0.250,Stuck,1720,q_table_v6.json,False,45.059,TurnLeftAndAccelerate,cp:3|dist:close|angle:forward|speed:cruise|progress:danger|bomb:False|fsm:Recover
339,Bot 03,B03,True,True,244.352,7,6,7,2,1,90.786,0.250,Stuck,1721,q_table_v6.json,False,45.059,TurnRightAndAccelerate,cp:7|dist:medium|angle:forward|speed:cruise|progress:danger|bomb:False|fsm:Racing
340,Bot 06,B06,True,True,219.641,6,5,6,2,0,91.942,0.250,Stuck,1729,q_table_v6.json,False,45.058,TurnRightAndAccelerate,cp:6|dist:medium|angle:behindLeft|speed:slow|progress:danger|bomb:False|fsm:Recover
341,Bot 04,B04,True,True,95.504,3,2,3,4,0,63.482,0.250,Stuck,1732,q_table_v6.json,False,45.062,AccelerateForward,cp:3|dist:close|angle:left|speed:cruise|progress:danger|bomb:False|fsm:Collect
342,Bot 02,B02,True,True,169.786,5,4,5,1,1,76.047,0.250,Stuck,1732,q_table_v6.json,False,45.012,Brake,cp:5|dist:close|angle:behindRight|speed:cruise|progress:danger|bomb:False|fsm:Racing
343,Bot 08,B08,True,True,56.220,2,1,2,4,6,56.344,0.250,Stuck,1732,q_table_v6.json,False,45.058,RecoveryTurn,cp:2|dist:close|angle:forward|speed:slow|progress:danger|bomb:False|fsm:Racing
344,Bot 09,B09,True,True,307.147,9,8,9,0,1,109.904,0.250,Stuck,1732,q_table_v6.json,False,45.012,TurnRightAndAccelerate,cp:9|dist:far|angle:hardLeft|speed:cruise|progress:danger|bomb:False|fsm:Recover
345,Bot 07,B07,True,True,254.135,7,6,7,0,0,87.959,0.250,Stuck,1732,q_table_v6.json,False,45.061,TurnLeftAndAccelerate,cp:7|dist:close|angle:forward|speed:cruise|progress:danger|bomb:False|fsm:Racing
346,Bot 10,B10,True,True,395.765,11,10,11,10,0,135.755,0.250,Stuck,1732,q_table_v6.json,False,45.057,TurnRightAndAccelerate,cp:11|dist:medium|angle:hardLeft|speed:cruise|progress:danger|bomb:False|fsm:Recover
347,Bot 08,B08,True,True,93.852,3,2,3,0,0,57.257,0.250,Stuck,1764,q_table_v6.json,False,45.061,RecoveryTurn,cp:3|dist:close|angle:forward|speed:slow|progress:danger|bomb:False|fsm:Racing
348,Bot 07,B07,True,True,97.743,3,2,3,0,0,55.099,0.250,Stuck,1768,q_table_v6.json,False,45.058,TurnRightAndAccelerate,cp:3|dist:close|angle:behindLeft|speed:slow|progress:danger|bomb:False|fsm:Racing
349,Bot 05,B05,True,True,357.950,10,9,10,4,0,143.478,0.250,Stuck,1771,q_table_v6.json,False,45.059,AccelerateForward,cp:10|dist:medium|angle:right|speed:cruise|progress:danger|bomb:False|fsm:Recover
350,Bot 01,B01,True,True,388.580,11,10,11,5,0,123.148,0.250,Stuck,1772,q_table_v6.json,False,45.062,RecoveryTurn,cp:11|dist:medium|angle:hardLeft|speed:cruise|progress:danger|bomb:False|fsm:Recover
351,Bot 06,B06,True,True,541.695,15,14,0,2,0,84.063,0.250,RaceComplete,1772,q_table_v6.json,False,0.000,AccelerateForward,cp:0|dist:far|angle:hardLeft|speed:slow|progress:fresh|bomb:False|fsm:Recover
352,Bot 02,B02,True,True,214.151,6,5,6,7,3,85.108,0.250,Stuck,1773,q_table_v6.json,False,45.064,HardRight,cp:6|dist:close|angle:forward|speed:cruise|progress:danger|bomb:False|fsm:Racing
353,Bot 04,B04,True,True,537.495,15,14,0,2,2,95.433,0.250,RaceComplete,1773,q_table_v6.json,False,0.000,AccelerateForward,cp:0|dist:far|angle:hardLeft|speed:cruise|progress:fresh|bomb:False|fsm:Recover
354,Bot 10,B10,True,True,236.797,7,6,7,2,2,94.185,0.250,Stuck,1777,q_table_v6.json,False,45.060,TurnLeftAndAccelerate,cp:7|dist:medium|angle:left|speed:cruise|progress:danger|bomb:False|fsm:Recover
355,Bot 09,B09,True,True,235.484,7,6,7,2,3,104.105,0.250,Stuck,1778,q_table_v6.json,False,45.059,AccelerateForward,cp:7|dist:close|angle:forward|speed:slow|progress:danger|bomb:False|fsm:Racing
356,Bot 03,B03,True,True,396.022,11,10,11,1,0,146.546,0.250,Stuck,1780,q_table_v6.json,False,45.060,TurnRightAndAccelerate,cp:11|dist:close|angle:forward|speed:slow|progress:danger|bomb:False|fsm:Racing
357,Bot 01,B01,True,True,173.705,5,4,5,2,0,70.034,0.250,Stuck,1780,q_table_v6.json,False,45.055,HardLeft,cp:5|dist:close|angle:forward|speed:cruise|progress:danger|bomb:False|fsm:Racing
358,Bot 08,B08,True,True,243.560,7,6,7,6,1,86.220,0.250,Stuck,1780,q_table_v6.json,False,45.062,Brake,cp:7|dist:close|angle:behindLeft|speed:slow|progress:danger|bomb:False|fsm:Racing
359,Bot 07,B07,True,True,246.835,7,6,7,4,0,88.791,0.250,Stuck,1785,q_table_v6.json,False,45.058,HardRight,cp:7|dist:medium|angle:left|speed:cruise|progress:danger|bomb:False|fsm:Racing
360,Bot 05,B05,True,True,543.065,15,14,0,6,0,92.869,0.250,RaceComplete,1789,q_table_v6.json,False,0.000,AccelerateForward,cp:0|dist:far|angle:hardLeft|speed:cruise|progress:fresh|bomb:False|fsm:Recover
361,Bot 09,B09,True,True,220.513,6,5,6,0,0,74.769,0.250,Stuck,1815,q_table_v6.json,False,45.059,HardLeft,cp:6|dist:medium|angle:right|speed:cruise|progress:danger|bomb:False|fsm:Recover
362,Bot 02,B02,True,True,338.568,9,8,9,1,0,102.978,0.250,Stuck,1817,q_table_v6.json,False,45.061,AccelerateForward,cp:9|dist:medium|angle:right|speed:cruise|progress:danger|bomb:False|fsm:Recover
363,Bot 06,B06,True,True,237.251,7,6,7,0,2,111.525,0.250,Stuck,1817,q_table_v6.json,False,45.056,RecoveryTurn,cp:7|dist:close|angle:forward|speed:slow|progress:danger|bomb:False|fsm:Racing
364,Bot 10,B10,True,True,216.647,6,5,6,2,1,88.328,0.250,Stuck,1817,q_table_v6.json,False,45.009,RecoveryTurn,cp:6|dist:medium|angle:hardLeft|speed:slow|progress:danger|bomb:False|fsm:Recover
365,Bot 04,B04,True,True,539.300,15,14,0,3,0,104.390,0.250,RaceComplete,1817,q_table_v6.json,False,0.000,HardLeft,cp:0|dist:far|angle:hardLeft|speed:cruise|progress:fresh|bomb:False|fsm:Recover
366,Bot 08,B08,True,True,95.950,3,2,3,0,0,58.833,0.250,Stuck,1817,q_table_v6.json,False,45.058,HardLeft,cp:3|dist:close|angle:behindLeft|speed:slow|progress:danger|bomb:False|fsm:Racing
367,Bot 01,B01,True,True,242.462,7,6,7,6,2,97.757,0.250,Stuck,1822,q_table_v6.json,False,45.061,TurnRightAndAccelerate,cp:7|dist:medium|angle:forward|speed:cruise|progress:danger|bomb:False|fsm:Racing
368,Bot 03,B03,True,True,543.104,15,14,0,8,0,121.074,0.250,RaceComplete,1822,q_table_v6.json,False,0.000,AccelerateForward,cp:0|dist:far|angle:hardLeft|speed:cruise|progress:fresh|bomb:False|fsm:Recover
369,Bot 07,B07,True,True,248.844,7,6,7,2,0,89.703,0.250,Stuck,1826,q_table_v6.json,False,45.060,TurnLeftAndAccelerate,cp:7|dist:close|angle:behindLeft|speed:slow|progress:danger|bomb:False|fsm:Racing
370,Bot 02,B02,True,True,96.081,3,2,3,1,0,61.737,0.250,Stuck,1826,q_table_v6.json,False,45.056,Brake,cp:3|dist:close|angle:hardLeft|speed:slow|progress:danger|bomb:False|fsm:Racing
371,Bot 05,B05,True,True,540.937,15,14,0,0,0,116.164,0.250,RaceComplete,1826,q_table_v6.json,False,0.000,AccelerateForward,cp:0|dist:far|angle:hardLeft|speed:fast|progress:fresh|bomb:False|fsm:Recover
372,Bot 06,B06,True,True,244.898,7,6,7,2,0,82.741,0.250,Stuck,1826,q_table_v6.json,False,45.067,TurnLeftAndAccelerate,cp:7|dist:close|angle:behindLeft|speed:slow|progress:danger|bomb:False|fsm:Racing
373,Bot 10,B10,True,True,539.831,15,14,0,1,1,95.231,0.250,RaceComplete,1826,q_table_v6.json,False,0.000,AccelerateForward,cp:0|dist:far|angle:hardLeft|speed:cruise|progress:fresh|bomb:False|fsm:Recover
374,Bot 09,B09,True,True,239.950,7,6,7,5,1,116.093,0.250,Stuck,1828,q_table_v6.json,False,45.061,TurnRightAndAccelerate,cp:7|dist:medium|angle:forward|speed:slow|progress:danger|bomb:False|fsm:Racing
375,Bot 04,B04,True,True,246.910,7,6,7,3,1,99.412,0.250,Stuck,1828,q_table_v6.json,False,45.059,TurnLeftAndAccelerate,cp:7|dist:close|angle:left|speed:cruise|progress:danger|bomb:False|fsm:Racing
376,Bot 08,B08,True,True,536.992,15,14,0,0,0,101.737,0.250,RaceComplete,1828,q_table_v6.json,False,0.000,AccelerateForward,cp:0|dist:far|angle:hardLeft|speed:cruise|progress:fresh|bomb:False|fsm:Recover
377,Bot 03,B03,True,True,252.676,7,6,7,8,0,94.930,0.250,Stuck,1829,q_table_v6.json,False,45.060,Brake,cp:7|dist:close|angle:behindLeft|speed:slow|progress:danger|bomb:False|fsm:Racing
378,Bot 02,B02,True,True,541.943,15,14,0,2,1,96.013,0.250,RaceComplete,1830,q_table_v6.json,False,0.000,AccelerateForward,cp:0|dist:far|angle:hardLeft|speed:cruise|progress:fresh|bomb:False|fsm:Recover
379,Bot 05,B05,True,True,92.974,3,2,3,1,2,79.163,0.250,Stuck,1831,q_table_v6.json,False,45.058,Coast,cp:3|dist:close|angle:forward|speed:slow|progress:danger|bomb:False|fsm:Racing
380,Bot 07,B07,True,True,540.100,15,14,0,2,2,110.948,0.250,RaceComplete,1831,q_table_v6.json,False,0.000,AccelerateForward,cp:0|dist:far|angle:hardLeft|speed:fast|progress:fresh|bomb:False|fsm:Recover
381,Bot 04,B04,True,True,98.109,3,2,3,0,0,66.637,0.250,Stuck,1840,q_table_v6.json,False,45.061,TurnRightAndAccelerate,cp:3|dist:close|angle:forward|speed:cruise|progress:danger|bomb:False|fsm:Racing
382,Bot 06,B06,True,True,536.703,15,14,0,4,2,94.844,0.250,RaceComplete,1843,q_table_v6.json,False,0.000,Coast,cp:0|dist:far|angle:hardLeft|speed:cruise|progress:fresh|bomb:False|fsm:Recover
383,Bot 09,B09,True,True,542.884,15,14,0,1,2,101.321,0.250,RaceComplete,1868,q_table_v6.json,False,0.000,AccelerateForward,cp:0|dist:far|angle:hardLeft|speed:cruise|progress:fresh|bomb:False|fsm:Recover
384,Bot 01,B01,True,True,482.959,13,12,13,4,0,161.986,0.250,Stuck,1869,q_table_v6.json,False,45.064,AccelerateForward,cp:13|dist:far|angle:behindRight|speed:fast|progress:danger|bomb:False|fsm:Recover
385,Bot 05,B05,True,True,95.860,3,2,3,0,0,57.175,0.250,Stuck,1880,q_table_v6.json,False,45.056,RecoveryTurn,cp:3|dist:far|angle:hardLeft|speed:slow|progress:danger|bomb:False|fsm:Recover
386,Bot 07,B07,True,True,94.373,3,2,3,0,0,58.753,0.250,Stuck,1882,q_table_v6.json,False,45.057,TurnRightAndAccelerate,cp:3|dist:medium|angle:right|speed:slow|progress:danger|bomb:False|fsm:Recover
387,Bot 10,B10,True,True,425.547,12,11,12,6,1,124.885,0.250,Stuck,1882,q_table_v6.json,False,45.059,Coast,cp:12|dist:far|angle:behindRight|speed:cruise|progress:danger|bomb:False|fsm:Recover
388,Bot 06,B06,True,True,66.041,2,1,2,0,0,56.760,0.250,Stuck,1885,q_table_v6.json,False,45.061,Coast,cp:2|dist:medium|angle:hardRight|speed:slow|progress:danger|bomb:False|fsm:Recover
389,Bot 03,B03,True,True,244.137,7,6,7,8,2,94.291,0.250,Stuck,1885,q_table_v6.json,False,45.001,AccelerateForward,cp:7|dist:medium|angle:behindLeft|speed:slow|progress:danger|bomb:False|fsm:Recover
390,Bot 02,B02,True,True,245.212,7,6,7,2,0,82.738,0.250,Stuck,1885,q_table_v6.json,False,45.064,Brake,cp:7|dist:medium|angle:hardLeft|speed:slow|progress:danger|bomb:False|fsm:Recover
391,Bot 07,B07,True,True,252.247,7,6,7,8,0,75.181,0.250,Stuck,1901,q_table_v6.json,False,45.056,TurnLeftAndAccelerate,cp:7|dist:far|angle:behindRight|speed:fast|progress:danger|bomb:False|fsm:Recover
392,Bot 08,B08,True,True,536.989,15,14,0,1,0,186.543,0.250,RaceComplete,1902,q_table_v6.json,False,0.000,AccelerateForward,cp:0|dist:far|angle:hardLeft|speed:cruise|progress:fresh|bomb:False|fsm:Recover
393,Bot 10,B10,True,True,541.083,15,14,0,3,0,82.318,0.250,RaceComplete,1902,q_table_v6.json,False,0.000,AccelerateForward,cp:0|dist:far|angle:hardLeft|speed:cruise|progress:fresh|bomb:False|fsm:Recover
394,Bot 09,B09,True,True,314.055,9,8,9,0,0,103.644,0.250,Stuck,1908,q_table_v6.json,False,45.061,RecoveryTurn,cp:9|dist:medium|angle:behindRight|speed:cruise|progress:danger|bomb:False|fsm:Recover
395,Bot 04,B04,True,True,541.112,15,14,0,1,0,141.480,0.250,RaceComplete,1909,q_table_v6.json,False,0.000,RecoveryTurn,cp:0|dist:far|angle:hardLeft|speed:cruise|progress:fresh|bomb:False|fsm:Recover
396,Bot 06,B06,True,True,247.275,7,6,7,0,0,84.972,0.250,Stuck,1911,q_table_v6.json,False,45.059,RecoveryTurn,cp:7|dist:medium|angle:hardLeft|speed:slow|progress:danger|bomb:False|fsm:Recover
397,Bot 02,B02,True,True,160.328,5,4,5,4,4,88.955,0.250,Stuck,1919,q_table_v6.json,False,45.043,TurnLeftAndAccelerate,cp:5|dist:close|angle:behindLeft|speed:slow|progress:danger|bomb:False|fsm:Racing
398,Bot 01,B01,True,True,385.397,11,10,11,2,1,125.297,0.250,Stuck,1924,q_table_v6.json,False,45.056,RecoveryTurn,cp:11|dist:close|angle:behindRight|speed:cruise|progress:danger|bomb:False|fsm:Racing
399,Bot 05,B05,True,True,318.225,9,8,9,0,0,128.872,0.250,Stuck,1934,q_table_v6.json,False,45.061,RecoveryTurn,cp:9|dist:medium|angle:hardRight|speed:slow|progress:danger|bomb:False|fsm:Recover
400,Bot 10,B10,True,True,98.305,3,2,3,4,0,62.011,0.250,Stuck,1937,q_table_v6.json,False,45.067,AccelerateForward,cp:3|dist:close|angle:forward|speed:cruise|progress:danger|bomb:False|fsm:Collect
401,Bot 03,B03,True,True,545.783,15,14,0,1,0,138.806,0.250,RaceComplete,1940,q_table_v6.json,False,0.000,AccelerateForward,cp:0|dist:far|angle:hardLeft|speed:cruise|progress:fresh|bomb:False|fsm:Recover
402,Bot 04,B04,True,True,140.670,4,3,4,0,0,62.070,0.250,Stuck,1941,q_table_v6.json,False,45.060,TurnLeftAndAccelerate,cp:4|dist:medium|angle:hardRight|speed:cruise|progress:danger|bomb:False|fsm:Recover
403,Bot 07,B07,True,True,542.955,15,14,0,0,0,86.386,0.250,RaceComplete,1943,q_table_v6.json,False,0.000,AccelerateForward,cp:0|dist:far|angle:hardLeft|speed:cruise|progress:fresh|bomb:False|fsm:Recover
404,Bot 08,B08,True,True,241.607,7,6,7,0,0,94.767,0.250,Stuck,1945,q_table_v6.json,False,45.052,TurnRightAndAccelerate,cp:7|dist:medium|angle:forward|speed:cruise|progress:danger|bomb:False|fsm:Racing
405,Bot 02,B02,True,True,168.189,5,4,5,0,1,74.432,0.250,Stuck,1945,q_table_v6.json,False,45.061,TurnLeftAndAccelerate,cp:5|dist:close|angle:forward|speed:slow|progress:danger|bomb:False|fsm:Racing
406,Bot 06,B06,True,True,324.422,9,8,9,0,0,91.611,0.250,Stuck,1951,q_table_v6.json,False,45.060,RecoveryTurn,cp:9|dist:close|angle:forward|speed:cruise|progress:danger|bomb:False|fsm:Racing
407,Bot 01,B01,True,True,543.169,15,14,0,8,0,86.552,0.250,RaceComplete,1955,q_table_v6.json,False,0.000,Coast,cp:0|dist:far|angle:hardLeft|speed:cruise|progress:fresh|bomb:False|fsm:Recover
408,Bot 04,B04,True,True,107.545,3,2,3,0,0,58.171,0.250,Stuck,1959,q_table_v6.json,False,45.061,TurnRightAndAccelerate,cp:3|dist:medium|angle:hardLeft|speed:slow|progress:danger|bomb:False|fsm:Recover
409,Bot 09,B09,True,True,418.970,12,11,12,4,1,148.454,0.250,Stuck,1971,q_table_v6.json,False,45.057,HardLeft,cp:12|dist:medium|angle:behindRight|speed:slow|progress:danger|bomb:False|fsm:Recover
410,Bot 03,B03,True,True,248.460,7,6,7,1,0,87.462,0.250,Stuck,1972,q_table_v6.json,False,45.059,TurnLeftAndAccelerate,cp:7|dist:close|angle:behindLeft|speed:slow|progress:danger|bomb:False|fsm:Racing
411,Bot 10,B10,True,True,547.045,15,14,0,0,0,97.897,0.250,RaceComplete,1972,q_table_v6.json,False,0.000,Coast,cp:0|dist:far|angle:hardLeft|speed:cruise|progress:fresh|bomb:False|fsm:Recover
412,Bot 05,B05,True,True,549.291,15,14,0,4,0,128.125,0.250,RaceComplete,1975,q_table_v6.json,True,0.000,AccelerateForward,cp:0|dist:far|angle:hardLeft|speed:fast|progress:fresh|bomb:False|fsm:Recover
413,Bot 02,B02,True,True,214.583,6,5,6,7,0,78.917,0.250,Stuck,1975,q_table_v6.json,False,45.062,RecoveryTurn,cp:6|dist:medium|angle:behindRight|speed:cruise|progress:danger|bomb:False|fsm:Recover
414,Bot 08,B08,True,True,544.959,15,14,0,0,0,93.521,0.250,RaceComplete,1977,q_table_v6.json,False,0.000,AccelerateForward,cp:0|dist:far|angle:hardLeft|speed:cruise|progress:fresh|bomb:False|fsm:Recover
415,Bot 06,B06,True,True,542.032,15,14,0,1,0,77.506,0.250,RaceComplete,1977,q_table_v6.json,False,0.000,TurnLeftAndAccelerate,cp:0|dist:far|angle:hardLeft|speed:cruise|progress:fresh|bomb:False|fsm:Recover
416,Bot 04,B04,True,True,214.412,6,5,6,0,0,69.624,0.250,Stuck,1981,q_table_v6.json,False,45.059,AccelerateForward,cp:6|dist:medium|angle:forward|speed:cruise|progress:danger|bomb:False|fsm:Collect
417,Bot 01,B01,True,True,542.310,15,14,0,0,0,115.758,0.250,RaceComplete,1981,q_table_v6.json,False,0.000,AccelerateForward,cp:0|dist:far|angle:hardLeft|speed:cruise|progress:fresh|bomb:False|fsm:Recover
418,Bot 07,B07,True,True,526.529,15,14,0,4,3,172.607,0.250,RaceComplete,1992,q_table_v6.json,False,0.000,TurnRightAndAccelerate,cp:0|dist:far|angle:hardLeft|speed:cruise|progress:fresh|bomb:False|fsm:Recover
419,Bot 10,B10,True,True,537.296,15,14,0,6,3,101.735,0.250,RaceComplete,1993,q_table_v6.json,False,0.000,AccelerateForward,cp:0|dist:far|angle:hardLeft|speed:fast|progress:fresh|bomb:False|fsm:Recover
420,Bot 05,B05,True,True,545.520,15,14,0,5,0,98.414,0.250,RaceComplete,1993,q_table_v6.json,False,0.000,HardRight,cp:0|dist:far|angle:hardLeft|speed:cruise|progress:fresh|bomb:False|fsm:Recover
421,Bot 09,B09,True,True,424.115,12,11,12,3,0,117.015,0.250,Stuck,1993,q_table_v6.json,False,45.070,TurnLeftAndAccelerate,cp:12|dist:medium|angle:left|speed:slow|progress:danger|bomb:False|fsm:Recover
422,Bot 03,B03,True,True,388.409,11,10,11,0,0,117.586,0.250,Stuck,1993,q_table_v6.json,False,45.063,TurnRightAndAccelerate,cp:11|dist:close|angle:forward|speed:cruise|progress:danger|bomb:False|fsm:Racing
423,Bot 08,B08,True,True,542.677,15,14,0,1,1,98.499,0.250,RaceComplete,1995,q_table_v6.json,False,0.000,AccelerateForward,cp:0|dist:far|angle:hardLeft|speed:cruise|progress:fresh|bomb:False|fsm:Recover
424,Bot 02,B02,True,True,391.645,11,10,11,1,1,118.000,0.250,Stuck,1995,q_table_v6.json,False,45.060,RecoveryTurn,cp:11|dist:medium|angle:right|speed:slow|progress:danger|bomb:False|fsm:Recover
425,Bot 04,B04,True,True,541.774,15,14,0,2,1,107.130,0.250,RaceComplete,1995,q_table_v6.json,False,0.000,HardRight,cp:0|dist:far|angle:hardLeft|speed:cruise|progress:fresh|bomb:False|fsm:Recover
426,Bot 06,B06,True,True,430.201,12,11,12,1,0,137.095,0.250,Stuck,1996,q_table_v6.json,False,45.067,Brake,cp:12|dist:medium|angle:behindLeft|speed:cruise|progress:danger|bomb:False|fsm:Recover
427,Bot 07,B07,True,True,244.483,7,6,7,0,0,77.174,0.250,Stuck,1996,q_table_v6.json,False,45.064,HardLeft,cp:7|dist:close|angle:hardRight|speed:slow|progress:danger|bomb:False|fsm:Racing
428,Bot 01,B01,True,True,541.247,15,14,0,0,1,103.396,0.250,RaceComplete,1996,q_table_v6.json,False,0.000,Coast,cp:0|dist:far|angle:hardLeft|speed:cruise|progress:fresh|bomb:False|fsm:Recover
429,Bot 03,B03,True,True,541.343,15,14,0,6,0,72.029,0.250,RaceComplete,1996,q_table_v6.json,False,0.000,AccelerateForward,cp:0|dist:far|angle:hardLeft|speed:cruise|progress:fresh|bomb:False|fsm:Recover
430,Bot 09,B09,True,True,239.562,7,6,7,3,2,87.039,0.250,Stuck,2006,q_table_v6.json,False,45.056,AccelerateForward,cp:7|dist:close|angle:forward|speed:slow|progress:danger|bomb:False|fsm:Racing
431,Bot 05,B05,True,True,242.382,7,6,7,4,1,98.916,0.250,Stuck,2010,q_table_v6.json,False,45.057,RecoveryTurn,cp:7|dist:close|angle:forward|speed:slow|progress:danger|bomb:False|fsm:Racing
432,Bot 10,B10,True,True,415.589,12,11,12,1,2,120.739,0.250,Stuck,2013,q_table_v6.json,False,45.060,AccelerateForward,cp:12|dist:medium|angle:right|speed:cruise|progress:danger|bomb:False|fsm:Recover
433,Bot 04,B04,True,True,537.324,15,14,0,3,2,113.768,0.250,RaceComplete,2014,q_table_v6.json,False,0.000,AccelerateForward,cp:0|dist:far|angle:hardLeft|speed:cruise|progress:fresh|bomb:False|fsm:Recover
434,Bot 03,B03,True,True,166.400,5,4,5,0,1,77.501,0.250,Stuck,2014,q_table_v6.json,False,45.057,TurnRightAndAccelerate,cp:5|dist:close|angle:forward|speed:cruise|progress:danger|bomb:False|fsm:Racing
435,Bot 06,B06,True,True,540.337,15,14,0,0,0,107.870,0.250,RaceComplete,2015,q_table_v6.json,False,0.000,AccelerateForward,cp:0|dist:far|angle:hardLeft|speed:cruise|progress:fresh|bomb:False|fsm:Recover
436,Bot 08,B08,True,True,545.165,15,14,0,0,0,148.127,0.250,RaceComplete,2015,q_table_v6.json,False,0.000,AccelerateForward,cp:0|dist:far|angle:hardLeft|speed:cruise|progress:fresh|bomb:False|fsm:Recover
437,Bot 02,B02,True,True,240.213,7,6,7,0,0,137.834,0.250,Stuck,2015,q_table_v6.json,False,45.061,TurnRightAndAccelerate,cp:7|dist:medium|angle:forward|speed:slow|progress:danger|bomb:False|fsm:Racing
438,Bot 07,B07,True,True,248.170,7,6,7,4,0,108.950,0.250,Stuck,2016,q_table_v6.json,False,45.060,TurnLeftAndAccelerate,cp:7|dist:close|angle:forward|speed:cruise|progress:danger|bomb:False|fsm:Racing
439,Bot 09,B09,True,True,250.522,7,6,7,0,0,92.524,0.250,Stuck,2018,q_table_v6.json,False,45.055,RecoveryTurn,cp:7|dist:close|angle:left|speed:slow|progress:danger|bomb:False|fsm:Racing
440,Bot 10,B10,True,True,247.104,7,6,7,1,1,79.997,0.250,Stuck,2021,q_table_v6.json,False,45.061,AccelerateForward,cp:7|dist:close|angle:forward|speed:slow|progress:danger|bomb:False|fsm:Racing
441,Bot 05,B05,True,True,253.636,7,6,7,8,0,118.167,0.250,Stuck,2021,q_table_v6.json,False,45.059,AccelerateForward,cp:7|dist:close|angle:behindLeft|speed:slow|progress:danger|bomb:False|fsm:Racing
442,Bot 01,B01,True,True,419.787,12,11,12,5,0,163.973,0.250,Stuck,2021,q_table_v6.json,False,45.059,TurnLeftAndAccelerate,cp:12|dist:medium|angle:forward|speed:cruise|progress:danger|bomb:False|fsm:Recover
443,Bot 07,B07,True,True,181.722,5,4,5,0,0,65.805,0.250,Stuck,2021,q_table_v6.json,False,45.061,AccelerateForward,cp:5|dist:medium|angle:left|speed:cruise|progress:danger|bomb:False|fsm:Recover
444,Bot 04,B04,True,True,542.455,15,14,0,6,0,87.627,0.250,RaceComplete,2021,q_table_v6.json,False,0.000,Brake,cp:0|dist:far|angle:hardLeft|speed:cruise|progress:fresh|bomb:False|fsm:Recover
445,Bot 02,B02,True,True,316.229,9,8,9,0,0,88.209,0.250,Stuck,2021,q_table_v6.json,False,45.059,AccelerateForward,cp:9|dist:medium|angle:behindRight|speed:cruise|progress:danger|bomb:False|fsm:Recover
446,Bot 10,B10,True,True,170.875,5,4,5,0,1,71.533,0.250,Stuck,2021,q_table_v6.json,False,45.063,TurnLeftAndAccelerate,cp:5|dist:close|angle:forward|speed:slow|progress:danger|bomb:False|fsm:Racing
447,Bot 06,B06,True,True,538.080,15,14,0,2,0,107.129,0.250,RaceComplete,2021,q_table_v6.json,False,0.000,Coast,cp:0|dist:far|angle:hardLeft|speed:cruise|progress:fresh|bomb:False|fsm:Recover
448,Bot 08,B08,True,True,536.473,15,14,0,1,1,127.954,0.250,RaceComplete,2023,q_table_v6.json,False,0.000,AccelerateForward,cp:0|dist:far|angle:hardLeft|speed:fast|progress:fresh|bomb:False|fsm:Recover
449,Bot 03,B03,True,True,428.769,12,11,12,5,1,134.790,0.250,Stuck,2023,q_table_v6.json,False,45.000,TurnRightAndAccelerate,cp:12|dist:medium|angle:hardRight|speed:cruise|progress:danger|bomb:False|fsm:Recover
450,Bot 07,B07,True,True,169.299,5,4,5,4,0,62.567,0.250,Stuck,2023,q_table_v6.json,False,45.029,TurnLeftAndAccelerate,cp:5|dist:medium|angle:behindRight|speed:cruise|progress:danger|bomb:False|fsm:Recover
451,Bot 05,B05,True,True,247.295,7,6,7,0,0,87.877,0.250,Stuck,2025,q_table_v6.json,False,45.059,RecoveryTurn,cp:7|dist:close|angle:left|speed:slow|progress:danger|bomb:False|fsm:Racing
452,Bot 01,B01,True,True,542.110,15,14,0,3,0,92.193,0.250,RaceComplete,2026,q_table_v6.json,False,0.000,TurnRightAndAccelerate,cp:0|dist:far|angle:hardLeft|speed:fast|progress:fresh|bomb:False|fsm:Recover
453,Bot 04,B04,True,True,313.154,9,8,9,7,1,90.118,0.250,Stuck,2029,q_table_v6.json,False,45.059,TurnLeftAndAccelerate,cp:9|dist:medium|angle:hardRight|speed:cruise|progress:danger|bomb:False|fsm:Recover
454,Bot 10,B10,True,True,209.430,6,5,6,0,1,78.832,0.250,Stuck,2031,q_table_v6.json,False,45.062,AccelerateForward,cp:6|dist:medium|angle:forward|speed:cruise|progress:danger|bomb:False|fsm:Racing
455,Bot 09,B09,True,True,272.189,8,7,8,2,0,166.464,0.250,Stuck,2031,q_table_v6.json,False,45.060,TurnRightAndAccelerate,cp:8|dist:medium|angle:hardLeft|speed:slow|progress:danger|bomb:False|fsm:Recover
456,Bot 08,B08,True,True,241.082,7,6,7,3,0,75.351,0.250,Stuck,2031,q_table_v6.json,False,45.059,AccelerateForward,cp:7|dist:close|angle:forward|speed:cruise|progress:danger|bomb:False|fsm:Racing
457,Bot 05,B05,True,True,171.560,5,4,5,0,0,65.226,0.250,Stuck,2032,q_table_v6.json,False,45.062,Brake,cp:5|dist:close|angle:behindRight|speed:slow|progress:danger|bomb:False|fsm:Racing
458,Bot 03,B03,True,True,538.740,15,14,0,2,1,83.540,0.250,RaceComplete,2033,q_table_v6.json,False,0.000,AccelerateForward,cp:0|dist:far|angle:hardLeft|speed:cruise|progress:fresh|bomb:False|fsm:Recover
459,Bot 02,B02,True,True,545.222,15,14,0,1,0,126.629,0.250,RaceComplete,2033,q_table_v6.json,False,0.000,AccelerateForward,cp:0|dist:far|angle:hardLeft|speed:cruise|progress:fresh|bomb:False|fsm:Recover
460,Bot 01,B01,True,True,245.966,7,6,7,5,0,84.560,0.250,Stuck,2036,q_table_v6.json,False,45.039,AccelerateForward,cp:7|dist:close|angle:forward|speed:slow|progress:danger|bomb:False|fsm:Racing
461,Bot 06,B06,True,True,428.075,12,11,12,8,2,145.964,0.250,Stuck,2037,q_table_v6.json,False,45.059,AccelerateForward,cp:12|dist:medium|angle:behindRight|speed:slow|progress:danger|bomb:False|fsm:Recover
462,Bot 07,B07,True,True,436.035,12,11,12,3,0,128.707,0.250,Stuck,2043,q_table_v6.json,False,45.061,Brake,cp:12|dist:far|angle:behindRight|speed:fast|progress:danger|bomb:False|fsm:Recover
463,Bot 03,B03,True,True,173.624,5,4,5,3,0,66.965,0.250,Stuck,2052,q_table_v6.json,False,45.056,AccelerateForward,cp:5|dist:close|angle:forward|speed:slow|progress:danger|bomb:False|fsm:Recover
464,Bot 08,B08,True,True,245.761,7,6,7,0,0,81.403,0.250,Stuck,2053,q_table_v6.json,False,45.059,TurnLeftAndAccelerate,cp:7|dist:close|angle:left|speed:slow|progress:danger|bomb:False|fsm:Racing
465,Bot 04,B04,True,True,319.180,9,8,9,1,0,122.567,0.250,Stuck,2053,q_table_v6.json,False,45.059,TurnRightAndAccelerate,cp:9|dist:close|angle:behindLeft|speed:slow|progress:danger|bomb:False|fsm:Racing
466,Bot 10,B10,True,True,538.319,15,14,0,1,0,121.400,0.250,RaceComplete,2053,q_table_v6.json,False,0.000,AccelerateForward,cp:0|dist:far|angle:hardLeft|speed:cruise|progress:fresh|bomb:False|fsm:Recover
467,Bot 02,B02,True,True,546.061,15,14,0,7,0,113.854,0.250,RaceComplete,2056,q_table_v6.json,False,0.000,AccelerateForward,cp:0|dist:far|angle:hardLeft|speed:cruise|progress:fresh|bomb:False|fsm:Recover
468,Bot 09,B09,True,True,390.219,11,10,11,1,2,150.777,0.250,Stuck,2056,q_table_v6.json,False,45.057,HardRight,cp:11|dist:close|angle:forward|speed:slow|progress:danger|bomb:False|fsm:Racing
469,Bot 05,B05,True,True,421.744,12,11,12,2,3,130.697,0.250,Stuck,2056,q_table_v6.json,False,45.059,Brake,cp:12|dist:medium|angle:behindLeft|speed:cruise|progress:danger|bomb:False|fsm:Recover
470,Bot 06,B06,True,True,246.592,7,6,7,6,0,100.407,0.250,Stuck,2058,q_table_v6.json,False,45.059,TurnRightAndAccelerate,cp:7|dist:medium|angle:forward|speed:cruise|progress:danger|bomb:False|fsm:Racing
471,Bot 10,B10,True,True,97.367,3,2,3,0,0,60.744,0.250,Stuck,2060,q_table_v6.json,False,45.060,RecoveryTurn,cp:3|dist:close|angle:forward|speed:slow|progress:danger|bomb:False|fsm:Racing
472,Bot 07,B07,True,True,536.774,15,14,0,1,0,106.550,0.250,RaceComplete,2063,q_table_v6.json,False,0.000,Coast,cp:0|dist:far|angle:hardLeft|speed:cruise|progress:fresh|bomb:False|fsm:Recover
473,Bot 01,B01,True,True,317.152,9,8,9,2,0,132.607,0.250,Stuck,2063,q_table_v6.json,False,45.061,HardLeft,cp:9|dist:close|angle:behindRight|speed:slow|progress:danger|bomb:False|fsm:Racing
474,Bot 03,B03,True,True,538.710,15,14,0,2,3,110.200,0.250,RaceComplete,2064,q_table_v6.json,False,0.000,TurnLeftAndAccelerate,cp:0|dist:far|angle:hardLeft|speed:fast|progress:fresh|bomb:False|fsm:Recover
475,Bot 08,B08,True,True,317.451,9,8,9,2,1,104.559,0.250,Stuck,2064,q_table_v6.json,False,45.061,Coast,cp:9|dist:close|angle:forward|speed:slow|progress:danger|bomb:False|fsm:Racing
476,Bot 09,B09,True,True,95.840,3,2,3,0,0,59.501,0.250,Stuck,2064,q_table_v6.json,False,45.061,TurnRightAndAccelerate,cp:3|dist:far|angle:hardLeft|speed:cruise|progress:danger|bomb:False|fsm:Recover
477,Bot 05,B05,True,True,94.795,3,2,3,0,0,59.498,0.250,Stuck,2064,q_table_v6.json,False,45.056,TurnRightAndAccelerate,cp:3|dist:medium|angle:hardRight|speed:cruise|progress:danger|bomb:False|fsm:Recover
478,Bot 06,B06,True,True,542.621,15,14,0,5,0,77.508,0.250,RaceComplete,2065,q_table_v6.json,False,0.000,AccelerateForward,cp:0|dist:far|angle:hardLeft|speed:cruise|progress:fresh|bomb:False|fsm:Recover
479,Bot 02,B02,True,True,422.480,12,11,12,0,0,113.439,0.250,Stuck,2069,q_table_v6.json,False,45.062,Coast,cp:12|dist:medium|angle:left|speed:cruise|progress:danger|bomb:False|fsm:Recover
480,Bot 03,B03,True,True,95.657,3,2,3,0,1,53.913,0.250,Stuck,2070,q_table_v6.json,False,45.036,AccelerateForward,cp:3|dist:medium|angle:forward|speed:cruise|progress:danger|bomb:False|fsm:Collect
481,Bot 10,B10,True,True,241.058,7,6,7,8,2,94.018,0.250,Stuck,2071,q_table_v6.json,False,45.059,AccelerateForward,cp:7|dist:medium|angle:behindLeft|speed:slow|progress:danger|bomb:False|fsm:Recover
482,Bot 04,B04,True,True,546.415,15,14,0,1,0,175.754,0.250,RaceComplete,2073,q_table_v6.json,False,0.000,AccelerateForward,cp:0|dist:far|angle:hardLeft|speed:cruise|progress:fresh|bomb:False|fsm:Recover
483,Bot 08,B08,True,True,249.134,7,6,7,4,0,80.494,0.250,Stuck,2073,q_table_v6.json,False,45.063,RecoveryTurn,cp:7|dist:far|angle:behindRight|speed:cruise|progress:danger|bomb:False|fsm:Recover
484,Bot 01,B01,True,True,311.250,9,8,9,4,4,108.373,0.250,Stuck,2073,q_table_v6.json,False,45.058,Coast,cp:9|dist:close|angle:behindRight|speed:cruise|progress:danger|bomb:False|fsm:Racing
485,Bot 07,B07,True,True,536.530,15,14,0,2,0,121.403,0.250,RaceComplete,2073,q_table_v6.json,False,0.000,AccelerateForward,cp:0|dist:far|angle:hardLeft|speed:cruise|progress:fresh|bomb:False|fsm:Recover
486,Bot 05,B05,True,True,168.669,5,4,5,4,0,92.029,0.250,Stuck,2073,q_table_v6.json,False,45.063,AccelerateForward,cp:5|dist:close|angle:behindLeft|speed:slow|progress:danger|bomb:False|fsm:Racing
487,Bot 03,B03,True,True,542.420,15,14,0,1,0,67.488,0.250,RaceComplete,2073,q_table_v6.json,False,0.000,AccelerateForward,cp:0|dist:far|angle:hardLeft|speed:cruise|progress:fresh|bomb:False|fsm:Recover
488,Bot 02,B02,True,True,173.771,5,4,5,2,0,79.494,0.250,Stuck,2073,q_table_v6.json,False,45.057,Coast,cp:5|dist:close|angle:behindLeft|speed:slow|progress:danger|bomb:False|fsm:Racing
489,Bot 09,B09,True,True,534.398,15,14,0,1,0,142.232,0.250,RaceComplete,2073,q_table_v6.json,False,0.000,AccelerateForward,cp:0|dist:far|angle:hardLeft|speed:cruise|progress:fresh|bomb:False|fsm:Recover
490,Bot 10,B10,True,True,545.945,15,14,0,0,0,92.943,0.250,RaceComplete,2077,q_table_v6.json,False,0.000,AccelerateForward,cp:0|dist:far|angle:hardLeft|speed:cruise|progress:fresh|bomb:False|fsm:Recover
491,Bot 04,B04,True,True,544.691,15,14,0,4,0,82.486,0.250,RaceComplete,2077,q_table_v6.json,False,0.000,AccelerateForward,cp:0|dist:far|angle:hardLeft|speed:cruise|progress:fresh|bomb:False|fsm:Recover
492,Bot 01,B01,True,True,172.127,5,4,5,0,0,68.132,0.250,Stuck,2077,q_table_v6.json,False,45.061,Coast,cp:5|dist:close|angle:behindLeft|speed:slow|progress:danger|bomb:False|fsm:Racing
493,Bot 08,B08,True,True,212.664,6,5,6,5,1,101.981,0.250,Stuck,2084,q_table_v6.json,False,45.058,AccelerateForward,cp:6|dist:medium|angle:forward|speed:cruise|progress:danger|bomb:False|fsm:Collect
494,Bot 02,B02,True,True,95.792,3,2,3,0,0,57.257,0.250,Stuck,2084,q_table_v6.json,False,45.061,AccelerateForward,cp:3|dist:medium|angle:behindLeft|speed:cruise|progress:danger|bomb:False|fsm:Recover
495,Bot 06,B06,True,True,413.468,12,11,12,3,1,153.103,0.250,Stuck,2084,q_table_v6.json,False,45.059,TurnLeftAndAccelerate,cp:12|dist:far|angle:right|speed:slow|progress:danger|bomb:False|fsm:Recover
496,Bot 05,B05,True,True,246.816,7,6,7,0,0,91.783,0.250,Stuck,2084,q_table_v6.json,False,45.065,AccelerateForward,cp:7|dist:close|angle:behindLeft|speed:slow|progress:danger|bomb:False|fsm:Racing
497,Bot 07,B07,True,True,537.247,15,14,0,4,1,93.521,0.250,RaceComplete,2084,q_table_v6.json,False,0.000,Brake,cp:0|dist:far|angle:hardLeft|speed:cruise|progress:fresh|bomb:False|fsm:Recover
498,Bot 03,B03,True,True,545.272,15,14,0,1,0,90.039,0.250,RaceComplete,2088,q_table_v6.json,False,0.000,HardRight,cp:0|dist:far|angle:hardLeft|speed:cruise|progress:fresh|bomb:False|fsm:Recover
499,Bot 10,B10,True,True,60.512,2,1,2,0,0,50.572,0.250,Stuck,2088,q_table_v6.json,False,45.098,Coast,cp:2|dist:medium|angle:forward|speed:cruise|progress:danger|bomb:False|fsm:Collect
500,Bot 02,B02,True,True,97.613,3,2,3,0,0,59.997,0.250,Stuck,2098,q_table_v6.json,False,45.058,TurnRightAndAccelerate,cp:3|dist:medium|angle:hardRight|speed:cruise|progress:danger|bomb:False|fsm:Recover
501,Bot 08,B08,True,True,212.914,6,5,6,3,0,67.828,0.250,Stuck,2098,q_table_v6.json,False,45.087,TurnLeftAndAccelerate,cp:6|dist:medium|angle:hardLeft|speed:cruise|progress:danger|bomb:False|fsm:Recover
502,Bot 05,B05,True,True,166.939,5,4,5,0,0,67.376,0.250,Stuck,2098,q_table_v6.json,False,45.060,AccelerateForward,cp:5|dist:medium|angle:hardRight|speed:slow|progress:danger|bomb:False|fsm:Recover
503,Bot 06,B06,True,True,209.429,6,5,6,2,1,76.177,0.250,Stuck,2098,q_table_v6.json,False,45.061,TurnRightAndAccelerate,cp:6|dist:medium|angle:hardLeft|speed:slow|progress:danger|bomb:False|fsm:Recover
504,Bot 07,B07,True,True,246.374,7,6,7,2,0,80.326,0.250,Stuck,2098,q_table_v6.json,False,45.059,Brake,cp:7|dist:medium|angle:left|speed:slow|progress:danger|bomb:False|fsm:Recover
505,Bot 01,B01,True,True,279.176,8,7,8,3,0,114.842,0.250,Stuck,2098,q_table_v6.json,False,45.058,TurnLeftAndAccelerate,cp:8|dist:medium|angle:forward|speed:slow|progress:danger|bomb:False|fsm:Recover
506,Bot 03,B03,True,True,544.330,15,14,0,1,0,77.173,0.250,RaceComplete,2098,q_table_v6.json,False,0.000,TurnRightAndAccelerate,cp:0|dist:far|angle:hardLeft|speed:fast|progress:fresh|bomb:False|fsm:Recover
507,Bot 09,B09,True,True,532.144,15,14,0,2,3,147.207,0.250,RaceComplete,2098,q_table_v6.json,False,0.000,Brake,cp:0|dist:far|angle:hardLeft|speed:cruise|progress:fresh|bomb:False|fsm:Recover
508,Bot 04,B04,True,True,537.011,15,14,0,4,0,137.834,0.250,RaceComplete,2098,q_table_v6.json,False,0.000,Brake,cp:0|dist:far|angle:hardLeft|speed:cruise|progress:fresh|bomb:False|fsm:Recover
509,Bot 06,B06,True,True,97.168,3,2,3,0,0,59.081,0.250,Stuck,2103,q_table_v6.json,False,45.060,Brake,cp:3|dist:close|angle:left|speed:cruise|progress:danger|bomb:False|fsm:Racing
510,Bot 02,B02,True,True,545.047,15,14,0,2,0,87.793,0.250,RaceComplete,2106,q_table_v6.json,False,0.000,AccelerateForward,cp:0|dist:far|angle:hardLeft|speed:cruise|progress:fresh|bomb:False|fsm:Recover
511,Bot 05,B05,True,True,243.008,7,6,7,4,0,79.577,0.250,Stuck,2107,q_table_v6.json,False,45.057,TurnLeftAndAccelerate,cp:7|dist:close|angle:forward|speed:cruise|progress:danger|bomb:False|fsm:Racing
512,Bot 10,B10,True,True,426.371,12,11,12,0,0,132.817,0.250,Stuck,2107,q_table_v6.json,False,45.059,Coast,cp:12|dist:close|angle:forward|speed:slow|progress:danger|bomb:False|fsm:Racing
513,Bot 08,B08,True,True,390.034,11,10,11,3,0,116.975,0.250,Stuck,2108,q_table_v6.json,False,45.061,Coast,cp:11|dist:medium|angle:forward|speed:slow|progress:danger|bomb:False|fsm:Racing
514,Bot 07,B07,True,True,544.887,15,14,0,0,0,101.158,0.250,RaceComplete,2113,q_table_v6.json,False,0.000,AccelerateForward,cp:0|dist:far|angle:hardLeft|speed:cruise|progress:fresh|bomb:False|fsm:Recover
515,Bot 04,B04,True,True,543.114,15,14,0,0,0,89.702,0.250,RaceComplete,2113,q_table_v6.json,False,0.000,AccelerateForward,cp:0|dist:far|angle:hardLeft|speed:cruise|progress:fresh|bomb:False|fsm:Recover
516,Bot 01,B01,True,True,546.940,15,14,0,5,0,111.035,0.250,RaceComplete,2113,q_table_v6.json,False,0.000,AccelerateForward,cp:0|dist:far|angle:hardLeft|speed:cruise|progress:fresh|bomb:False|fsm:Recover
517,Bot 09,B09,True,True,536.003,15,14,0,4,1,105.721,0.250,RaceComplete,2114,q_table_v6.json,False,0.000,AccelerateForward,cp:0|dist:far|angle:hardLeft|speed:cruise|progress:fresh|bomb:False|fsm:Recover
518,Bot 06,B06,True,True,169.958,5,4,5,0,0,74.270,0.250,Stuck,2115,q_table_v6.json,False,45.057,RecoveryTurn,cp:5|dist:far|angle:left|speed:slow|progress:danger|bomb:False|fsm:Recover
519,Bot 02,B02,True,True,171.245,5,4,5,5,1,72.447,0.250,Stuck,2115,q_table_v6.json,False,45.059,TurnLeftAndAccelerate,cp:5|dist:close|angle:forward|speed:cruise|progress:danger|bomb:False|fsm:Racing
520,Bot 03,B03,True,True,526.544,15,14,0,2,8,135.674,0.250,RaceComplete,2117,q_table_v6.json,False,0.000,AccelerateForward,cp:0|dist:far|angle:hardLeft|speed:cruise|progress:fresh|bomb:False|fsm:Recover
521,Bot 05,B05,True,True,545.279,15,14,0,1,0,87.963,0.250,RaceComplete,2117,q_table_v6.json,False,0.000,HardLeft,cp:0|dist:far|angle:hardLeft|speed:cruise|progress:fresh|bomb:False|fsm:Recover
522,Bot 10,B10,True,True,416.787,12,11,12,4,2,115.263,0.250,Stuck,2119,q_table_v6.json,False,45.059,HardRight,cp:12|dist:far|angle:left|speed:slow|progress:danger|bomb:False|fsm:Recover
523,Bot 04,B04,True,True,538.324,15,14,0,2,1,84.894,0.250,RaceComplete,2122,q_table_v6.json,False,0.000,AccelerateForward,cp:0|dist:far|angle:hardLeft|speed:cruise|progress:fresh|bomb:False|fsm:Recover
524,Bot 08,B08,True,True,543.440,15,14,0,6,0,113.936,0.250,RaceComplete,2122,q_table_v6.json,False,0.000,RecoveryTurn,cp:0|dist:far|angle:hardLeft|speed:cruise|progress:fresh|bomb:False|fsm:Recover
525,Bot 03,B03,True,True,98.857,3,2,3,0,0,61.737,0.250,Stuck,2123,q_table_v6.json,False,45.056,Brake,cp:3|dist:medium|angle:forward|speed:slow|progress:danger|bomb:True|fsm:Collect
526,Bot 06,B06,True,True,247.725,7,6,7,3,0,83.566,0.250,Stuck,2123,q_table_v6.json,False,45.059,AccelerateForward,cp:7|dist:close|angle:forward|speed:slow|progress:danger|bomb:False|fsm:Racing
527,Bot 07,B07,True,True,548.929,15,14,0,5,1,115.424,0.250,RaceComplete,2124,q_table_v6.json,False,0.000,AccelerateForward,cp:0|dist:far|angle:hardLeft|speed:cruise|progress:fresh|bomb:False|fsm:Recover
528,Bot 09,B09,True,True,541.550,15,14,0,1,0,92.859,0.250,RaceComplete,2124,q_table_v6.json,False,0.000,AccelerateForward,cp:0|dist:far|angle:hardLeft|speed:cruise|progress:fresh|bomb:False|fsm:Recover
529,Bot 01,B01,True,True,428.763,12,11,12,2,0,116.426,0.250,Stuck,2126,q_table_v6.json,False,45.064,AccelerateForward,cp:12|dist:medium|angle:forward|speed:cruise|progress:danger|bomb:False|fsm:Racing
530,Bot 03,B03,True,True,96.704,3,2,3,0,0,55.354,0.250,Stuck,2130,q_table_v6.json,False,45.059,TurnLeftAndAccelerate,cp:3|dist:close|angle:forward|speed:cruise|progress:danger|bomb:False|fsm:Racing
531,Bot 02,B02,True,True,415.300,12,11,12,1,0,132.520,0.250,Stuck,2130,q_table_v6.json,False,45.060,Coast,cp:12|dist:medium|angle:behindRight|speed:cruise|progress:danger|bomb:False|fsm:Recover
532,Bot 05,B05,True,True,419.507,12,11,12,0,0,114.438,0.250,Stuck,2130,q_table_v6.json,False,45.067,AccelerateForward,cp:12|dist:medium|angle:behindRight|speed:slow|progress:danger|bomb:False|fsm:Recover
533,Bot 06,B06,True,True,101.283,3,2,3,4,0,63.227,0.250,Stuck,2131,q_table_v6.json,False,45.056,AccelerateForward,cp:3|dist:medium|angle:forward|speed:slow|progress:danger|bomb:False|fsm:Collect
534,Bot 04,B04,True,True,245.299,7,6,7,5,0,76.758,0.250,Stuck,2131,q_table_v6.json,False,45.059,TurnLeftAndAccelerate,cp:7|dist:close|angle:forward|speed:cruise|progress:danger|bomb:False|fsm:Racing
535,Bot 09,B09,True,True,96.508,3,2,3,0,0,59.914,0.250,Stuck,2131,q_table_v6.json,False,45.063,RecoveryTurn,cp:3|dist:far|angle:behindRight|speed:cruise|progress:danger|bomb:False|fsm:Recover
536,Bot 10,B10,True,True,539.042,15,14,0,1,0,99.161,0.250,RaceComplete,2131,q_table_v6.json,False,0.000,HardLeft,cp:0|dist:far|angle:hardLeft|speed:cruise|progress:fresh|bomb:False|fsm:Recover
537,Bot 07,B07,True,True,242.255,7,6,7,0,1,80.165,0.250,Stuck,2131,q_table_v6.json,False,45.061,Brake,cp:7|dist:close|angle:behindLeft|speed:slow|progress:danger|bomb:False|fsm:Racing
538,Bot 08,B08,True,True,542.093,15,14,0,2,1,93.852,0.250,RaceComplete,2131,q_table_v6.json,False,0.000,AccelerateForward,cp:0|dist:far|angle:hardLeft|speed:cruise|progress:fresh|bomb:False|fsm:Recover
539,Bot 01,B01,True,True,543.083,15,14,0,4,0,78.246,0.250,RaceComplete,2131,q_table_v6.json,False,0.000,AccelerateForward,cp:0|dist:far|angle:hardLeft|speed:cruise|progress:fresh|bomb:False|fsm:Recover
540,Bot 04,B04,True,True,94.951,3,2,3,0,0,56.842,0.250,Stuck,2131,q_table_v6.json,False,45.061,HardRight,cp:3|dist:medium|angle:forward|speed:slow|progress:danger|bomb:False|fsm:Recover
541,Bot 06,B06,True,True,97.664,3,2,3,0,0,58.422,0.250,Stuck,2131,q_table_v6.json,False,45.061,TurnRightAndAccelerate,cp:3|dist:close|angle:forward|speed:cruise|progress:danger|bomb:False|fsm:Racing
542,Bot 03,B03,True,True,243.297,7,6,7,1,0,78.832,0.250,Stuck,2132,q_table_v6.json,False,45.059,TurnLeftAndAccelerate,cp:7|dist:close|angle:behindLeft|speed:cruise|progress:danger|bomb:False|fsm:Racing
543,Bot 05,B05,True,True,541.271,15,14,0,3,0,77.669,0.250,RaceComplete,2132,q_table_v6.json,False,0.000,TurnLeftAndAccelerate,cp:0|dist:far|angle:hardLeft|speed:cruise|progress:fresh|bomb:False|fsm:Recover
544,Bot 02,B02,True,True,545.265,15,14,0,1,0,83.234,0.250,RaceComplete,2132,q_table_v6.json,False,0.000,HardLeft,cp:0|dist:far|angle:hardLeft|speed:cruise|progress:fresh|bomb:False|fsm:Recover
545,Bot 09,B09,True,True,222.175,6,5,6,3,0,71.332,0.250,Stuck,2132,q_table_v6.json,False,45.110,HardLeft,cp:6|dist:close|angle:forward|speed:slow|progress:danger|bomb:False|fsm:Collect
546,Bot 08,B08,True,True,94.359,3,2,3,4,1,61.739,0.250,Stuck,2132,q_table_v6.json,False,45.060,Brake,cp:3|dist:close|angle:hardLeft|speed:slow|progress:danger|bomb:False|fsm:Racing
547,Bot 10,B10,True,True,542.611,15,14,0,1,0,87.304,0.250,RaceComplete,2132,q_table_v6.json,False,0.000,AccelerateForward,cp:0|dist:far|angle:hardLeft|speed:cruise|progress:fresh|bomb:False|fsm:Recover
548,Bot 01,B01,True,True,173.475,5,4,5,0,0,65.976,0.250,Stuck,2135,q_table_v6.json,False,45.060,TurnRightAndAccelerate,cp:5|dist:close|angle:behindRight|speed:slow|progress:danger|bomb:False|fsm:Racing
549,Bot 03,B03,True,True,139.433,4,3,4,1,0,60.908,0.250,Stuck,2143,q_table_v6.json,False,45.060,TurnRightAndAccelerate,cp:4|dist:medium|angle:behindLeft|speed:slow|progress:danger|bomb:False|fsm:Recover
550,Bot 07,B07,True,True,541.550,15,14,0,5,1,109.286,0.250,RaceComplete,2143,q_table_v6.json,False,0.000,TurnRightAndAccelerate,cp:0|dist:far|angle:hardLeft|speed:cruise|progress:fresh|bomb:False|fsm:Recover
551,Bot 06,B06,True,True,244.671,7,6,7,4,0,73.523,0.250,Stuck,2143,q_table_v6.json,False,45.036,Coast,cp:7|dist:close|angle:forward|speed:cruise|progress:danger|bomb:False|fsm:Racing
552,Bot 09,B09,True,True,98.116,3,2,3,0,0,60.525,0.250,Stuck,2144,q_table_v6.json,False,45.058,TurnRightAndAccelerate,cp:3|dist:medium|angle:left|speed:cruise|progress:danger|bomb:False|fsm:Racing
553,Bot 04,B04,True,True,246.984,7,6,7,0,0,85.555,0.250,Stuck,2145,q_table_v6.json,False,45.062,TurnLeftAndAccelerate,cp:7|dist:close|angle:forward|speed:cruise|progress:danger|bomb:False|fsm:Racing
554,Bot 05,B05,True,True,247.893,7,6,7,2,0,83.391,0.250,Stuck,2147,q_table_v6.json,False,45.058,Coast,cp:7|dist:close|angle:behindRight|speed:slow|progress:danger|bomb:False|fsm:Racing
555,Bot 10,B10,True,True,224.155,6,5,6,2,0,69.286,0.250,Stuck,2148,q_table_v6.json,False,45.061,Coast,cp:6|dist:close|angle:forward|speed:slow|progress:danger|bomb:False|fsm:Collect
556,Bot 02,B02,True,True,386.970,11,10,11,4,0,98.416,0.250,Stuck,2148,q_table_v6.json,False,45.058,HardLeft,cp:11|dist:medium|angle:hardRight|speed:slow|progress:danger|bomb:False|fsm:Recover
557,Bot 08,B08,True,True,171.206,5,4,5,5,0,96.920,0.250,Stuck,2149,q_table_v6.json,False,45.057,RecoveryTurn,cp:5|dist:close|angle:behindLeft|speed:slow|progress:danger|bomb:False|fsm:Racing
558,Bot 03,B03,True,True,96.577,3,2,3,0,0,58.335,0.250,Stuck,2149,q_table_v6.json,False,45.059,Coast,cp:3|dist:far|angle:left|speed:cruise|progress:danger|bomb:False|fsm:Recover
559,Bot 07,B07,True,True,242.491,7,6,7,0,0,76.591,0.250,Stuck,2149,q_table_v6.json,False,45.058,Coast,cp:7|dist:close|angle:forward|speed:cruise|progress:danger|bomb:False|fsm:Racing
560,Bot 05,B05,True,True,99.350,3,2,3,0,0,59.001,0.250,Stuck,2149,q_table_v6.json,False,45.060,TurnLeftAndAccelerate,cp:3|dist:close|angle:forward|speed:slow|progress:danger|bomb:False|fsm:Racing
561,Bot 01,B01,True,True,384.611,11,10,11,3,0,140.487,0.250,Stuck,2153,q_table_v6.json,False,45.059,HardRight,cp:11|dist:medium|angle:behindRight|speed:cruise|progress:danger|bomb:False|fsm:Recover
562,Bot 06,B06,True,True,537.874,15,14,0,3,0,113.272,0.250,RaceComplete,2153,q_table_v6.json,False,0.000,AccelerateForward,cp:0|dist:far|angle:hardLeft|speed:cruise|progress:fresh|bomb:False|fsm:Recover
563,Bot 09,B09,True,True,389.773,11,10,11,2,1,113.214,0.250,Stuck,2153,q_table_v6.json,False,45.004,Brake,cp:11|dist:far|angle:right|speed:slow|progress:danger|bomb:False|fsm:Recover
564,Bot 10,B10,True,True,542.190,15,14,0,1,0,93.519,0.250,RaceComplete,2153,q_table_v6.json,False,0.000,AccelerateForward,cp:0|dist:far|angle:hardLeft|speed:cruise|progress:fresh|bomb:False|fsm:Recover
565,Bot 04,B04,True,True,236.729,7,6,7,5,1,117.085,0.250,Stuck,2153,q_table_v6.json,False,45.059,AccelerateForward,cp:7|dist:close|angle:behindLeft|speed:slow|progress:danger|bomb:False|fsm:Racing
566,Bot 08,B08,True,True,244.249,7,6,7,2,0,79.166,0.250,Stuck,2153,q_table_v6.json,False,45.057,TurnLeftAndAccelerate,cp:7|dist:close|angle:forward|speed:cruise|progress:danger|bomb:False|fsm:Racing
567,Bot 03,B03,True,True,243.758,7,6,7,2,0,77.255,0.250,Stuck,2153,q_table_v6.json,False,45.057,HardRight,cp:7|dist:close|angle:forward|speed:cruise|progress:danger|bomb:False|fsm:Racing
568,Bot 02,B02,True,True,424.040,12,11,12,2,1,119.116,0.250,Stuck,2155,q_table_v6.json,False,45.013,TurnLeftAndAccelerate,cp:12|dist:far|angle:hardRight|speed:slow|progress:danger|bomb:False|fsm:Recover
569,Bot 05,B05,True,True,389.766,11,10,11,0,0,105.055,0.250,Stuck,2165,q_table_v6.json,False,45.057,AccelerateForward,cp:11|dist:medium|angle:behindLeft|speed:slow|progress:danger|bomb:False|fsm:Recover
570,Bot 03,B03,True,True,108.431,3,2,3,0,0,58.502,0.250,Stuck,2166,q_table_v6.json,False,45.056,HardRight,cp:3|dist:medium|angle:left|speed:slow|progress:danger|bomb:False|fsm:Recover
571,Bot 07,B07,True,True,533.903,15,14,0,2,2,131.280,0.250,RaceComplete,2166,q_table_v6.json,False,0.000,Coast,cp:0|dist:far|angle:hardLeft|speed:cruise|progress:fresh|bomb:False|fsm:Recover
572,Bot 01,B01,True,True,425.669,12,11,12,3,0,109.040,0.250,Stuck,2166,q_table_v6.json,False,45.061,TurnRightAndAccelerate,cp:12|dist:far|angle:behindLeft|speed:slow|progress:danger|bomb:False|fsm:Recover
573,Bot 09,B09,True,True,388.360,11,10,11,4,1,110.755,0.250,Stuck,2169,q_table_v6.json,False,45.062,Brake,cp:11|dist:medium|angle:behindLeft|speed:cruise|progress:danger|bomb:False|fsm:Recover
574,Bot 02,B02,True,True,170.250,5,4,5,0,0,70.663,0.250,Stuck,2171,q_table_v6.json,False,45.059,HardRight,cp:5|dist:medium|angle:hardRight|speed:cruise|progress:danger|bomb:False|fsm:Recover
575,Bot 10,B10,True,True,242.921,7,6,7,4,0,106.220,0.250,Stuck,2171,q_table_v6.json,False,45.062,HardRight,cp:7|dist:close|angle:behindLeft|speed:cruise|progress:danger|bomb:False|fsm:Racing
576,Bot 04,B04,True,True,534.639,15,14,0,2,0,123.563,0.250,RaceComplete,2183,q_table_v6.json,False,0.000,AccelerateForward,cp:0|dist:far|angle:hardLeft|speed:fast|progress:fresh|bomb:False|fsm:Recover
577,Bot 08,B08,True,True,424.143,12,11,12,1,1,122.070,0.250,Stuck,2184,q_table_v6.json,False,45.063,AccelerateForward,cp:12|dist:medium|angle:right|speed:cruise|progress:danger|bomb:False|fsm:Recover
578,Bot 06,B06,True,True,392.131,11,10,11,6,0,149.782,0.250,Stuck,2195,q_table_v6.json,False,45.061,HardRight,cp:11|dist:far|angle:behindLeft|speed:cruise|progress:danger|bomb:False|fsm:Recover
579,Bot 01,B01,True,True,85.085,2,1,2,0,0,52.028,0.250,Stuck,2200,q_table_v6.json,False,45.060,TurnRightAndAccelerate,cp:2|dist:close|angle:behindRight|speed:cruise|progress:danger|bomb:False|fsm:Recover
580,Bot 05,B05,True,True,541.529,15,14,0,1,0,85.774,0.250,RaceComplete,2204,q_table_v6.json,False,0.000,TurnLeftAndAccelerate,cp:0|dist:far|angle:hardLeft|speed:cruise|progress:fresh|bomb:False|fsm:Recover
581,Bot 10,B10,True,True,66.449,2,1,2,0,0,51.118,0.250,Stuck,2221,q_table_v6.json,False,45.060,RecoveryTurn,cp:2|dist:medium|angle:behindLeft|speed:cruise|progress:danger|bomb:False|fsm:Recover
582,Bot 03,B03,True,True,284.922,8,7,8,3,0,91.447,0.250,Stuck,2221,q_table_v6.json,False,45.057,TurnLeftAndAccelerate,cp:8|dist:medium|angle:left|speed:slow|progress:danger|bomb:False|fsm:Recover
583,Bot 07,B07,True,True,538.337,15,14,0,3,0,86.240,0.250,RaceComplete,2230,q_table_v6.json,False,0.000,RecoveryTurn,cp:0|dist:far|angle:hardLeft|speed:cruise|progress:fresh|bomb:False|fsm:Recover
584,Bot 08,B08,True,True,65.793,2,1,2,0,0,55.016,0.250,Stuck,2243,q_table_v6.json,False,45.059,TurnLeftAndAccelerate,cp:2|dist:medium|angle:hardLeft|speed:slow|progress:danger|bomb:False|fsm:Recover
585,Bot 06,B06,True,True,47.583,1,0,1,0,0,49.042,0.250,Stuck,2251,q_table_v6.json,False,45.058,Coast,cp:1|dist:far|angle:behindLeft|speed:fast|progress:danger|bomb:False|fsm:Recover
586,Bot 05,B05,True,True,63.265,2,1,2,0,0,52.143,0.250,Stuck,2252,q_table_v6.json,False,45.060,HardRight,cp:2|dist:medium|angle:forward|speed:slow|progress:danger|bomb:False|fsm:Recover
587,Bot 09,B09,True,True,351.506,10,9,10,1,0,111.196,0.250,Stuck,2257,q_table_v6.json,False,45.052,HardLeft,cp:10|dist:medium|angle:hardLeft|speed:slow|progress:danger|bomb:False|fsm:Recover
588,Bot 04,B04,True,True,238.291,7,6,7,2,1,90.282,0.250,Stuck,2257,q_table_v6.json,False,45.058,RecoveryTurn,cp:7|dist:close|angle:left|speed:slow|progress:danger|bomb:False|fsm:Racing
589,Bot 10,B10,True,True,241.504,7,6,7,4,0,80.158,0.250,Stuck,2257,q_table_v6.json,False,45.060,AccelerateForward,cp:7|dist:close|angle:behindLeft|speed:slow|progress:danger|bomb:False|fsm:Racing
590,Bot 02,B02,True,True,544.052,15,14,0,3,0,136.008,0.250,RaceComplete,2257,q_table_v6.json,False,0.000,AccelerateForward,cp:0|dist:far|angle:hardLeft|speed:cruise|progress:fresh|bomb:False|fsm:Recover
591,Bot 01,B01,True,True,541.361,15,14,0,4,1,101.155,0.250,RaceComplete,2257,q_table_v6.json,False,0.000,HardLeft,cp:0|dist:far|angle:hardLeft|speed:cruise|progress:fresh|bomb:False|fsm:Recover
592,Bot 07,B07,True,True,248.438,7,6,7,5,1,97.068,0.250,Stuck,2257,q_table_v6.json,False,45.061,Brake,cp:7|dist:close|angle:forward|speed:slow|progress:danger|bomb:False|fsm:Racing
593,Bot 03,B03,True,True,320.089,9,8,9,5,0,108.541,0.250,Stuck,2257,q_table_v6.json,False,45.058,RecoveryTurn,cp:9|dist:medium|angle:hardRight|speed:slow|progress:danger|bomb:False|fsm:Recover
594,Bot 06,B06,True,True,542.952,15,14,0,0,0,86.383,0.250,RaceComplete,2257,q_table_v6.json,False,0.000,TurnLeftAndAccelerate,cp:0|dist:far|angle:hardLeft|speed:cruise|progress:fresh|bomb:False|fsm:Recover
595,Bot 05,B05,True,True,242.598,7,6,7,3,1,92.859,0.250,Stuck,2260,q_table_v6.json,False,45.063,TurnLeftAndAccelerate,cp:7|dist:medium|angle:hardRight|speed:slow|progress:danger|bomb:False|fsm:Recover
596,Bot 08,B08,True,True,240.558,7,6,7,0,0,116.005,0.250,Stuck,2261,q_table_v6.json,False,45.042,TurnRightAndAccelerate,cp:7|dist:medium|angle:forward|speed:cruise|progress:danger|bomb:False|fsm:Racing
597,Bot 09,B09,True,True,173.521,5,4,5,0,0,96.425,0.250,Stuck,2262,q_table_v6.json,False,45.059,TurnRightAndAccelerate,cp:5|dist:medium|angle:forward|speed:cruise|progress:danger|bomb:False|fsm:Collect
598,Bot 04,B04,True,True,251.972,7,6,7,2,0,97.347,0.250,Stuck,2262,q_table_v6.json,False,45.067,TurnRightAndAccelerate,cp:7|dist:close|angle:forward|speed:cruise|progress:danger|bomb:False|fsm:Racing
599,Bot 03,B03,True,True,64.257,2,1,2,1,0,51.119,0.250,Stuck,2263,q_table_v6.json,False,45.063,RecoveryTurn,cp:2|dist:medium|angle:behindRight|speed:slow|progress:danger|bomb:False|fsm:Recover
600,Bot 10,B10,True,True,248.441,7,6,7,0,0,81.738,0.250,Stuck,2263,q_table_v6.json,False,45.058,RecoveryTurn,cp:7|dist:close|angle:hardLeft|speed:slow|progress:danger|bomb:False|fsm:Racing
601,Bot 01,B01,True,True,541.806,15,14,0,4,0,81.322,0.250,RaceComplete,2263,q_table_v6.json,False,0.000,AccelerateForward,cp:0|dist:far|angle:hardLeft|speed:cruise|progress:fresh|bomb:False|fsm:Recover
602,Bot 07,B07,True,True,246.074,7,6,7,3,0,81.489,0.250,Stuck,2265,q_table_v6.json,False,45.056,AccelerateForward,cp:7|dist:medium|angle:behindRight|speed:slow|progress:danger|bomb:False|fsm:Recover
603,Bot 02,B02,True,True,425.862,12,11,12,5,0,105.889,0.250,Stuck,2265,q_table_v6.json,False,45.057,Brake,cp:12|dist:far|angle:behindRight|speed:slow|progress:danger|bomb:False|fsm:Recover
604,Bot 06,B06,True,True,157.735,5,4,5,4,2,84.477,0.250,Stuck,2265,q_table_v6.json,False,45.056,Brake,cp:5|dist:medium|angle:hardRight|speed:slow|progress:danger|bomb:False|fsm:Recover
605,Bot 09,B09,True,True,92.997,3,2,3,0,0,53.605,0.250,Stuck,2267,q_table_v6.json,False,45.057,TurnRightAndAccelerate,cp:3|dist:medium|angle:hardRight|speed:slow|progress:danger|bomb:False|fsm:Recover
606,Bot 08,B08,True,True,245.696,7,6,7,1,0,79.419,0.250,Stuck,2275,q_table_v6.json,False,45.061,TurnRightAndAccelerate,cp:7|dist:medium|angle:behindLeft|speed:slow|progress:danger|bomb:False|fsm:Recover
607,Bot 03,B03,True,True,99.109,3,2,3,1,0,64.972,0.250,Stuck,2280,q_table_v6.json,False,45.056,Coast,cp:3|dist:close|angle:behindLeft|speed:slow|progress:danger|bomb:False|fsm:Racing
608,Bot 01,B01,True,True,171.780,5,4,5,2,0,66.056,0.250,Stuck,2284,q_table_v6.json,False,45.060,Coast,cp:5|dist:medium|angle:hardLeft|speed:cruise|progress:danger|bomb:False|fsm:Recover
609,Bot 05,B05,True,True,360.039,10,9,10,3,1,117.171,0.250,Stuck,2285,q_table_v6.json,False,45.058,HardRight,cp:10|dist:medium|angle:forward|speed:slow|progress:danger|bomb:False|fsm:Recover
610,Bot 04,B04,True,True,425.908,12,11,12,5,0,118.987,0.250,Stuck,2286,q_table_v6.json,False,45.056,AccelerateForward,cp:12|dist:medium|angle:forward|speed:cruise|progress:danger|bomb:False|fsm:Racing
611,Bot 01,B01,True,True,97.611,3,2,3,0,0,58.086,0.250,Stuck,2286,q_table_v6.json,False,45.059,TurnRightAndAccelerate,cp:3|dist:close|angle:behindLeft|speed:slow|progress:danger|bomb:False|fsm:Racing
612,Bot 08,B08,True,True,245.430,7,6,7,2,1,80.904,0.250,Stuck,2286,q_table_v6.json,False,45.058,RecoveryTurn,cp:7|dist:close|angle:left|speed:slow|progress:danger|bomb:False|fsm:Racing
613,Bot 10,B10,True,True,428.032,12,11,12,0,0,139.327,0.250,Stuck,2286,q_table_v6.json,False,45.061,AccelerateForward,cp:12|dist:medium|angle:behindRight|speed:cruise|progress:danger|bomb:False|fsm:Recover
614,Bot 09,B09,True,True,422.956,12,11,12,0,0,102.732,0.250,Stuck,2286,q_table_v6.json,False,45.056,TurnLeftAndAccelerate,cp:12|dist:medium|angle:left|speed:slow|progress:danger|bomb:False|fsm:Recover
615,Bot 02,B02,True,True,543.399,15,14,0,6,0,138.411,0.250,RaceComplete,2293,q_table_v6.json,False,0.000,AccelerateForward,cp:0|dist:far|angle:hardLeft|speed:cruise|progress:fresh|bomb:False|fsm:Recover
616,Bot 07,B07,True,True,531.813,15,14,0,2,1,147.212,0.250,RaceComplete,2293,q_table_v6.json,False,0.000,AccelerateForward,cp:0|dist:far|angle:hardLeft|speed:cruise|progress:fresh|bomb:False|fsm:Recover
617,Bot 06,B06,True,True,383.676,11,10,11,6,0,145.467,0.250,Stuck,2297,q_table_v6.json,False,45.058,TurnRightAndAccelerate,cp:11|dist:medium|angle:hardRight|speed:cruise|progress:danger|bomb:False|fsm:Recover
618,Bot 05,B05,True,True,542.262,15,14,0,1,0,94.136,0.250,RaceComplete,2297,q_table_v6.json,False,0.000,AccelerateForward,cp:0|dist:far|angle:hardLeft|speed:cruise|progress:fresh|bomb:False|fsm:Recover
619,Bot 08,B08,True,True,63.554,2,1,2,0,0,51.297,0.250,Stuck,2300,q_table_v6.json,False,45.073,HardLeft,cp:2|dist:far|angle:behindRight|speed:cruise|progress:danger|bomb:False|fsm:Recover
620,Bot 01,B01,True,True,137.757,4,3,4,1,1,65.808,0.250,Stuck,2303,q_table_v6.json,False,45.063,AccelerateForward,cp:4|dist:medium|angle:forward|speed:slow|progress:danger|bomb:False|fsm:Recover
621,Bot 04,B04,True,True,543.202,15,14,0,2,0,95.596,0.250,RaceComplete,2307,q_table_v6.json,False,0.000,RecoveryTurn,cp:0|dist:far|angle:hardLeft|speed:fast|progress:fresh|bomb:False|fsm:Recover
622,Bot 03,B03,True,True,537.862,15,14,0,0,0,157.003,0.250,RaceComplete,2309,q_table_v6.json,False,0.000,RecoveryTurn,cp:0|dist:far|angle:hardLeft|speed:cruise|progress:fresh|bomb:False|fsm:Recover
623,Bot 02,B02,True,True,541.242,15,14,0,1,0,81.656,0.250,RaceComplete,2311,q_table_v6.json,False,0.000,Coast,cp:0|dist:far|angle:hardLeft|speed:cruise|progress:fresh|bomb:False|fsm:Recover
624,Bot 07,B07,True,True,171.271,5,4,5,2,0,104.558,0.250,Stuck,2313,q_table_v6.json,False,45.025,TurnRightAndAccelerate,cp:5|dist:medium|angle:behindRight|speed:slow|progress:danger|bomb:False|fsm:Recover
625,Bot 01,B01,True,True,539.315,15,14,0,4,1,82.316,0.250,RaceComplete,2313,q_table_v6.json,False,0.000,RecoveryTurn,cp:0|dist:far|angle:hardLeft|speed:cruise|progress:fresh|bomb:False|fsm:Recover
626,Bot 10,B10,True,True,539.029,15,14,0,5,1,142.148,0.250,RaceComplete,2314,q_table_v6.json,False,0.000,Coast,cp:0|dist:far|angle:hardLeft|speed:cruise|progress:fresh|bomb:False|fsm:Recover
627,Bot 08,B08,True,True,248.875,7,6,7,3,0,92.346,0.250,Stuck,2314,q_table_v6.json,False,45.060,Coast,cp:7|dist:close|angle:forward|speed:cruise|progress:danger|bomb:False|fsm:Racing
628,Bot 02,B02,True,True,61.876,2,1,2,0,0,52.197,0.250,Stuck,2324,q_table_v6.json,False,45.060,TurnLeftAndAccelerate,cp:2|dist:close|angle:forward|speed:slow|progress:danger|bomb:False|fsm:Collect
629,Bot 05,B05,True,True,388.795,11,10,11,4,3,129.916,0.250,Stuck,2327,q_table_v6.json,False,45.060,HardLeft,cp:11|dist:far|angle:behindRight|speed:slow|progress:danger|bomb:False|fsm:Recover
630,Bot 09,B09,True,True,544.256,15,14,0,1,0,172.441,0.250,RaceComplete,2330,q_table_v6.json,False,0.000,AccelerateForward,cp:0|dist:far|angle:hardLeft|speed:cruise|progress:fresh|bomb:False|fsm:Recover
631,Bot 06,B06,True,True,418.754,12,11,12,6,3,140.001,0.250,Stuck,2330,q_table_v6.json,False,45.068,AccelerateForward,cp:12|dist:medium|angle:right|speed:slow|progress:danger|bomb:False|fsm:Recover
632,Bot 04,B04,True,True,549.809,15,14,0,4,0,118.154,0.250,RaceComplete,2330,q_table_v6.json,True,0.000,TurnRightAndAccelerate,cp:0|dist:far|angle:hardLeft|speed:cruise|progress:fresh|bomb:False|fsm:Recover
633,Bot 07,B07,True,True,132.315,4,3,4,4,0,58.500,0.250,Stuck,2331,q_table_v6.json,False,45.061,AccelerateForward,cp:4|dist:medium|angle:forward|speed:slow|progress:danger|bomb:False|fsm:Recover
634,Bot 03,B03,True,True,529.876,15,14,0,3,2,133.601,0.250,RaceComplete,2336,q_table_v6.json,False,0.000,HardRight,cp:0|dist:far|angle:hardLeft|speed:cruise|progress:fresh|bomb:False|fsm:Recover
635,Bot 01,B01,True,True,247.142,7,6,7,2,1,91.776,0.250,Stuck,2337,q_table_v6.json,False,45.008,RecoveryTurn,cp:7|dist:medium|angle:hardLeft|speed:slow|progress:danger|bomb:False|fsm:Recover
636,Bot 08,B08,True,True,544.008,15,14,0,4,0,103.147,0.250,RaceComplete,2340,q_table_v6.json,False,0.000,Brake,cp:0|dist:far|angle:hardLeft|speed:cruise|progress:fresh|bomb:False|fsm:Recover
637,Bot 04,B04,True,True,104.588,3,2,3,0,0,60.758,0.250,Stuck,2340,q_table_v6.json,False,45.062,HardLeft,cp:3|dist:far|angle:left|speed:cruise|progress:danger|bomb:False|fsm:Recover
638,Bot 05,B05,True,True,242.475,7,6,7,5,0,76.258,0.250,Stuck,2340,q_table_v6.json,False,45.058,TurnLeftAndAccelerate,cp:7|dist:close|angle:forward|speed:cruise|progress:danger|bomb:False|fsm:Racing
639,Bot 10,B10,True,True,413.884,12,11,12,3,2,136.589,0.250,Stuck,2343,q_table_v6.json,False,45.056,AccelerateForward,cp:12|dist:medium|angle:right|speed:cruise|progress:danger|bomb:False|fsm:Recover
640,Bot 02,B02,True,True,543.273,15,14,0,1,0,127.626,0.250,RaceComplete,2343,q_table_v6.json,False,0.000,HardLeft,cp:0|dist:far|angle:hardLeft|speed:cruise|progress:fresh|bomb:False|fsm:Recover
641,Bot 06,B06,True,True,390.767,11,10,11,1,0,116.252,0.250,Stuck,2343,q_table_v6.json,False,45.063,TurnRightAndAccelerate,cp:11|dist:medium|angle:right|speed:slow|progress:danger|bomb:False|fsm:Recover
642,Bot 09,B09,True,True,384.325,11,10,11,2,0,125.302,0.250,Stuck,2343,q_table_v6.json,False,45.060,TurnRightAndAccelerate,cp:11|dist:medium|angle:hardLeft|speed:cruise|progress:danger|bomb:False|fsm:Recover
643,Bot 07,B07,True,True,543.976,15,14,0,5,1,117.919,0.250,RaceComplete,2345,q_table_v6.json,False,0.000,HardRight,cp:0|dist:far|angle:hardLeft|speed:cruise|progress:fresh|bomb:False|fsm:Recover
644,Bot 03,B03,True,True,393.462,11,10,11,2,0,107.379,0.250,Stuck,2351,q_table_v6.json,False,45.059,RecoveryTurn,cp:11|dist:far|angle:right|speed:fast|progress:danger|bomb:False|fsm:Recover
645,Bot 01,B01,True,True,314.087,9,8,9,7,1,110.450,0.250,Stuck,2353,q_table_v6.json,False,45.057,Coast,cp:9|dist:medium|angle:hardLeft|speed:cruise|progress:danger|bomb:False|fsm:Recover
646,Bot 10,B10,True,True,541.768,15,14,0,3,0,76.430,0.250,RaceComplete,2353,q_table_v6.json,False,0.000,AccelerateForward,cp:0|dist:far|angle:hardLeft|speed:cruise|progress:fresh|bomb:False|fsm:Recover
647,Bot 08,B08,True,True,540.496,15,14,0,1,0,111.031,0.250,RaceComplete,2353,q_table_v6.json,False,0.000,AccelerateForward,cp:0|dist:far|angle:hardLeft|speed:cruise|progress:fresh|bomb:False|fsm:Recover
648,Bot 04,B04,True,True,535.237,15,14,0,1,1,120.656,0.250,RaceComplete,2353,q_table_v6.json,False,0.000,AccelerateForward,cp:0|dist:far|angle:hardLeft|speed:fast|progress:fresh|bomb:False|fsm:Recover
649,Bot 06,B06,True,True,239.495,7,6,7,2,1,81.244,0.250,Stuck,2353,q_table_v6.json,False,45.064,AccelerateForward,cp:7|dist:close|angle:left|speed:slow|progress:danger|bomb:False|fsm:Racing
650,Bot 09,B09,True,True,542.402,15,14,0,0,0,87.464,0.250,RaceComplete,2354,q_table_v6.json,False,0.000,Coast,cp:0|dist:far|angle:hardLeft|speed:cruise|progress:fresh|bomb:False|fsm:Recover
651,Bot 05,B05,True,True,235.727,7,6,7,0,0,143.349,0.250,Stuck,2354,q_table_v6.json,False,45.013,RecoveryTurn,cp:7|dist:close|angle:forward|speed:slow|progress:danger|bomb:False|fsm:Racing
652,Bot 02,B02,True,True,242.643,7,6,7,2,0,105.891,0.250,Stuck,2354,q_table_v6.json,False,45.068,Brake,cp:7|dist:close|angle:behindLeft|speed:cruise|progress:danger|bomb:False|fsm:Racing
653,Bot 07,B07,True,True,244.310,7,6,7,3,0,83.726,0.250,Stuck,2354,q_table_v6.json,False,45.056,AccelerateForward,cp:7|dist:close|angle:forward|speed:cruise|progress:danger|bomb:False|fsm:Racing
654,Bot 10,B10,True,True,65.506,2,1,2,0,0,51.780,0.250,Stuck,2354,q_table_v6.json,False,45.062,RecoveryTurn,cp:2|dist:medium|angle:hardLeft|speed:slow|progress:danger|bomb:False|fsm:Recover
655,Bot 03,B03,True,True,544.824,15,14,0,1,0,115.347,0.250,RaceComplete,2354,q_table_v6.json,False,0.000,AccelerateForward,cp:0|dist:far|angle:hardLeft|speed:fast|progress:fresh|bomb:False|fsm:Recover
656,Bot 01,B01,True,True,544.037,15,14,0,2,0,106.466,0.250,RaceComplete,2354,q_table_v6.json,False,0.000,AccelerateForward,cp:0|dist:far|angle:hardLeft|speed:cruise|progress:fresh|bomb:False|fsm:Recover
657,Bot 09,B09,True,True,536.124,15,14,0,0,1,73.436,0.250,RaceComplete,2356,q_table_v6.json,False,0.000,AccelerateForward,cp:0|dist:far|angle:hardLeft|speed:cruise|progress:fresh|bomb:False|fsm:Recover
658,Bot 04,B04,True,True,383.535,11,10,11,0,0,108.293,0.250,Stuck,2359,q_table_v6.json,False,45.059,TurnLeftAndAccelerate,cp:11|dist:close|angle:behindLeft|speed:cruise|progress:danger|bomb:False|fsm:Recover
659,Bot 08,B08,True,True,377.247,11,10,11,5,4,127.708,0.250,Stuck,2359,q_table_v6.json,False,45.058,TurnRightAndAccelerate,cp:11|dist:medium|angle:hardLeft|speed:cruise|progress:danger|bomb:False|fsm:Recover
660,Bot 06,B06,True,True,546.437,15,14,0,3,0,111.439,0.250,RaceComplete,2359,q_table_v6.json,False,0.000,AccelerateForward,cp:0|dist:far|angle:hardLeft|speed:cruise|progress:fresh|bomb:False|fsm:Recover
661,Bot 07,B07,True,True,389.673,11,10,11,1,0,97.256,0.250,Stuck,2359,q_table_v6.json,False,45.059,Coast,cp:11|dist:close|angle:behindRight|speed:slow|progress:danger|bomb:False|fsm:Racing
662,Bot 02,B02,True,True,540.964,15,14,0,6,1,103.391,0.250,RaceComplete,2359,q_table_v6.json,False,0.000,AccelerateForward,cp:0|dist:far|angle:hardLeft|speed:cruise|progress:fresh|bomb:False|fsm:Recover
663,Bot 10,B10,True,True,541.677,15,14,0,0,1,93.520,0.250,RaceComplete,2359,q_table_v6.json,False,0.000,HardRight,cp:0|dist:far|angle:hardLeft|speed:cruise|progress:fresh|bomb:False|fsm:Recover
664,Bot 05,B05,True,True,389.282,11,10,11,1,0,110.577,0.250,Stuck,2359,q_table_v6.json,False,45.057,AccelerateForward,cp:11|dist:close|angle:forward|speed:cruise|progress:danger|bomb:False|fsm:Racing
665,Bot 01,B01,True,True,246.462,7,6,7,0,0,79.252,0.250,Stuck,2361,q_table_v6.json,False,45.062,Brake,cp:7|dist:close|angle:left|speed:slow|progress:danger|bomb:False|fsm:Racing
666,Bot 03,B03,True,True,544.516,15,14,0,3,0,95.346,0.250,RaceComplete,2361,q_table_v6.json,False,0.000,HardLeft,cp:0|dist:far|angle:hardLeft|speed:cruise|progress:fresh|bomb:False|fsm:Recover
667,Bot 07,B07,True,True,135.266,4,3,4,8,0,60.994,0.250,Stuck,2363,q_table_v6.json,False,45.062,TurnLeftAndAccelerate,cp:4|dist:medium|angle:hardLeft|speed:slow|progress:danger|bomb:False|fsm:Recover
668,Bot 05,B05,True,True,138.740,4,3,4,1,0,61.326,0.250,Stuck,2363,q_table_v6.json,False,45.063,HardLeft,cp:4|dist:far|angle:hardLeft|speed:slow|progress:danger|bomb:False|fsm:Recover
669,Bot 10,B10,True,True,243.138,7,6,7,2,0,75.784,0.250,Stuck,2365,q_table_v6.json,False,45.081,TurnLeftAndAccelerate,cp:7|dist:medium|angle:behindRight|speed:cruise|progress:danger|bomb:False|fsm:Recover
670,Bot 09,B09,True,True,389.752,11,10,11,6,0,111.612,0.250,Stuck,2365,q_table_v6.json,False,45.058,RecoveryTurn,cp:11|dist:close|angle:behindRight|speed:cruise|progress:danger|bomb:False|fsm:Racing
671,Bot 06,B06,True,True,541.926,15,14,0,3,0,87.960,0.250,RaceComplete,2365,q_table_v6.json,False,0.000,AccelerateForward,cp:0|dist:far|angle:hardLeft|speed:cruise|progress:fresh|bomb:False|fsm:Recover
672,Bot 04,B04,True,True,542.823,15,14,0,2,1,119.658,0.250,RaceComplete,2365,q_table_v6.json,False,0.000,Brake,cp:0|dist:far|angle:hardLeft|speed:cruise|progress:fresh|bomb:False|fsm:Recover
673,Bot 02,B02,True,True,544.565,15,14,0,3,0,117.333,0.250,RaceComplete,2365,q_table_v6.json,False,0.000,HardLeft,cp:0|dist:far|angle:hardLeft|speed:cruise|progress:fresh|bomb:False|fsm:Recover
674,Bot 01,B01,True,True,545.252,15,14,0,5,0,92.023,0.250,RaceComplete,2365,q_table_v6.json,False,0.000,AccelerateForward,cp:0|dist:far|angle:hardLeft|speed:cruise|progress:fresh|bomb:False|fsm:Recover
675,Bot 03,B03,True,True,543.698,15,14,0,1,0,98.001,0.250,RaceComplete,2365,q_table_v6.json,False,0.000,HardRight,cp:0|dist:far|angle:hardLeft|speed:cruise|progress:fresh|bomb:False|fsm:Recover
676,Bot 08,B08,True,True,384.985,11,10,11,3,0,148.206,0.250,Stuck,2365,q_table_v6.json,False,45.061,RecoveryTurn,cp:11|dist:close|angle:behindLeft|speed:cruise|progress:danger|bomb:False|fsm:Racing
677,Bot 07,B07,True,True,541.810,15,14,0,3,0,86.052,0.250,RaceComplete,2365,q_table_v6.json,False,0.000,Coast,cp:0|dist:far|angle:hardLeft|speed:cruise|progress:fresh|bomb:False|fsm:Recover
678,Bot 10,B10,True,True,543.006,15,14,0,5,0,92.254,0.250,RaceComplete,2367,q_table_v6.json,False,0.000,HardLeft,cp:0|dist:far|angle:hardLeft|speed:cruise|progress:fresh|bomb:False|fsm:Recover
679,Bot 09,B09,True,True,246.127,7,6,7,1,0,90.814,0.250,Stuck,2367,q_table_v6.json,False,45.006,AccelerateForward,cp:7|dist:close|angle:behindLeft|speed:slow|progress:danger|bomb:False|fsm:Racing
680,Bot 06,B06,True,True,540.470,15,14,0,0,1,92.773,0.250,RaceComplete,2368,q_table_v6.json,False,0.000,AccelerateForward,cp:0|dist:far|angle:hardLeft|speed:cruise|progress:fresh|bomb:False|fsm:Recover
681,Bot 04,B04,True,True,539.226,15,14,0,1,0,99.996,0.250,RaceComplete,2369,q_table_v6.json,False,0.000,AccelerateForward,cp:0|dist:far|angle:hardLeft|speed:cruise|progress:fresh|bomb:False|fsm:Recover
682,Bot 05,B05,True,True,529.827,15,14,0,1,1,147.211,0.250,RaceComplete,2370,q_table_v6.json,False,0.000,HardLeft,cp:0|dist:far|angle:hardLeft|speed:cruise|progress:fresh|bomb:False|fsm:Recover
683,Bot 08,B08,True,True,543.500,15,14,0,1,0,87.048,0.250,RaceComplete,2370,q_table_v6.json,False,0.000,Brake,cp:0|dist:far|angle:hardLeft|speed:cruise|progress:fresh|bomb:False|fsm:Recover
684,Bot 10,B10,True,True,95.718,3,2,3,0,0,55.433,0.250,Stuck,2370,q_table_v6.json,False,45.060,Brake,cp:3|dist:far|angle:behindLeft|speed:cruise|progress:danger|bomb:False|fsm:Recover
685,Bot 01,B01,True,True,427.366,12,11,12,4,0,108.043,0.250,Stuck,2370,q_table_v6.json,False,45.059,AccelerateForward,cp:12|dist:medium|angle:hardRight|speed:cruise|progress:danger|bomb:False|fsm:Recover
686,Bot 02,B02,True,True,542.010,15,14,0,4,0,114.601,0.250,RaceComplete,2370,q_table_v6.json,False,0.000,AccelerateForward,cp:0|dist:far|angle:hardLeft|speed:cruise|progress:fresh|bomb:False|fsm:Recover
687,Bot 07,B07,True,True,542.234,15,14,0,2,0,89.950,0.250,RaceComplete,2371,q_table_v6.json,False,0.000,HardLeft,cp:0|dist:far|angle:hardLeft|speed:cruise|progress:fresh|bomb:False|fsm:Recover
688,Bot 03,B03,True,True,542.838,15,14,0,6,0,114.686,0.250,RaceComplete,2371,q_table_v6.json,False,0.000,AccelerateForward,cp:0|dist:far|angle:hardLeft|speed:cruise|progress:fresh|bomb:False|fsm:Recover
689,Bot 09,B09,True,True,544.585,15,14,0,2,0,99.052,0.250,RaceComplete,2371,q_table_v6.json,False,0.000,AccelerateForward,cp:0|dist:far|angle:hardLeft|speed:cruise|progress:fresh|bomb:False|fsm:Recover
690,Bot 06,B06,True,True,543.214,15,14,0,4,0,104.892,0.250,RaceComplete,2371,q_table_v6.json,False,0.000,AccelerateForward,cp:0|dist:far|angle:hardLeft|speed:cruise|progress:fresh|bomb:False|fsm:Recover
691,Bot 07,B07,True,True,137.283,4,3,4,1,0,61.076,0.250,Stuck,2373,q_table_v6.json,False,45.056,TurnLeftAndAccelerate,cp:4|dist:medium|angle:hardRight|speed:slow|progress:danger|bomb:False|fsm:Recover
692,Bot 05,B05,True,True,542.806,15,14,0,0,0,90.035,0.250,RaceComplete,2373,q_table_v6.json,False,0.000,AccelerateForward,cp:0|dist:far|angle:hardLeft|speed:cruise|progress:fresh|bomb:False|fsm:Recover
693,Bot 01,B01,True,True,241.791,7,6,7,0,1,80.579,0.250,Stuck,2373,q_table_v6.json,False,45.038,TurnRightAndAccelerate,cp:7|dist:close|angle:left|speed:slow|progress:danger|bomb:False|fsm:Racing
694,Bot 10,B10,True,True,542.776,15,14,0,5,0,87.214,0.250,RaceComplete,2373,q_table_v6.json,False,0.000,AccelerateForward,cp:0|dist:far|angle:hardLeft|speed:cruise|progress:fresh|bomb:False|fsm:Recover
695,Bot 02,B02,True,True,542.840,15,14,0,0,0,81.320,0.250,RaceComplete,2373,q_table_v6.json,False,0.000,AccelerateForward,cp:0|dist:far|angle:hardLeft|speed:cruise|progress:fresh|bomb:False|fsm:Recover
696,Bot 08,B08,True,True,543.513,15,14,0,1,0,97.836,0.250,RaceComplete,2373,q_table_v6.json,False,0.000,AccelerateForward,cp:0|dist:far|angle:hardLeft|speed:cruise|progress:fresh|bomb:False|fsm:Recover
697,Bot 03,B03,True,True,244.171,7,6,7,0,0,75.343,0.250,Stuck,2373,q_table_v6.json,False,45.055,TurnLeftAndAccelerate,cp:7|dist:close|angle:left|speed:cruise|progress:danger|bomb:False|fsm:Racing
698,Bot 09,B09,True,True,95.688,3,2,3,0,0,56.605,0.250,Stuck,2373,q_table_v6.json,False,45.074,AccelerateForward,cp:3|dist:close|angle:behindLeft|speed:cruise|progress:danger|bomb:False|fsm:Racing
699,Bot 04,B04,True,True,541.439,15,14,0,3,1,161.814,0.250,RaceComplete,2378,q_table_v6.json,False,0.000,AccelerateForward,cp:0|dist:far|angle:hardLeft|speed:cruise|progress:fresh|bomb:False|fsm:Recover
700,Bot 10,B10,True,True,136.339,4,3,4,0,0,58.753,0.250,Stuck,2378,q_table_v6.json,False,45.008,HardRight,cp:4|dist:medium|angle:right|speed:slow|progress:danger|bomb:False|fsm:Recover
701,Bot 01,B01,True,True,134.940,4,3,4,0,0,64.311,0.250,Stuck,2380,q_table_v6.json,False,45.060,TurnLeftAndAccelerate,cp:4|dist:medium|angle:right|speed:slow|progress:danger|bomb:False|fsm:Recover
702,Bot 06,B06,True,True,541.808,15,14,0,4,1,99.410,0.250,RaceComplete,2380,q_table_v6.json,False,0.000,Coast,cp:0|dist:far|angle:hardLeft|speed:cruise|progress:fresh|bomb:False|fsm:Recover
703,Bot 02,B02,True,True,539.216,15,14,0,0,1,94.184,0.250,RaceComplete,2380,q_table_v6.json,False,0.000,AccelerateForward,cp:0|dist:far|angle:hardLeft|speed:cruise|progress:fresh|bomb:False|fsm:Recover
704,Bot 08,B08,True,True,243.966,7,6,7,5,0,91.615,0.250,Stuck,2380,q_table_v6.json,False,45.064,AccelerateForward,cp:7|dist:close|angle:forward|speed:cruise|progress:danger|bomb:False|fsm:Racing
705,Bot 05,B05,True,True,542.043,15,14,0,5,0,110.202,0.250,RaceComplete,2380,q_table_v6.json,False,0.000,HardRight,cp:0|dist:far|angle:hardLeft|speed:cruise|progress:fresh|bomb:False|fsm:Recover
706,Bot 03,B03,True,True,241.413,7,6,7,3,1,94.022,0.250,Stuck,2380,q_table_v6.json,False,45.005,TurnLeftAndAccelerate,cp:7|dist:close|angle:forward|speed:cruise|progress:danger|bomb:False|fsm:Racing
707,Bot 07,B07,True,True,382.218,11,10,11,0,1,125.636,0.250,Stuck,2381,q_table_v6.json,False,45.060,RecoveryTurn,cp:11|dist:close|angle:hardLeft|speed:slow|progress:danger|bomb:False|fsm:Racing
708,Bot 04,B04,True,True,248.147,7,6,7,1,0,83.396,0.250,Stuck,2381,q_table_v6.json,False,45.056,AccelerateForward,cp:7|dist:close|angle:behindLeft|speed:slow|progress:danger|bomb:False|fsm:Racing
709,Bot 01,B01,True,True,243.081,7,6,7,0,0,76.756,0.250,Stuck,2381,q_table_v6.json,False,45.057,AccelerateForward,cp:7|dist:close|angle:forward|speed:slow|progress:danger|bomb:False|fsm:Racing
710,Bot 09,B09,True,True,421.730,12,11,12,6,0,131.933,0.250,Stuck,2381,q_table_v6.json,False,45.063,TurnLeftAndAccelerate,cp:12|dist:far|angle:hardLeft|speed:cruise|progress:danger|bomb:False|fsm:Recover
711,Bot 10,B10,True,True,421.662,12,11,12,1,0,97.175,0.250,Stuck,2381,q_table_v6.json,False,45.062,Brake,cp:12|dist:medium|angle:hardRight|speed:cruise|progress:danger|bomb:False|fsm:Recover
712,Bot 06,B06,True,True,242.102,7,6,7,3,0,109.207,0.250,Stuck,2381,q_table_v6.json,False,45.001,AccelerateForward,cp:7|dist:close|angle:behindLeft|speed:slow|progress:danger|bomb:False|fsm:Racing
713,Bot 02,B02,True,True,239.204,7,6,7,6,1,81.490,0.250,Stuck,2381,q_table_v6.json,False,45.052,TurnRightAndAccelerate,cp:7|dist:close|angle:behindLeft|speed:slow|progress:danger|bomb:False|fsm:Racing
714,Bot 08,B08,True,True,238.678,7,6,7,5,1,91.446,0.250,Stuck,2381,q_table_v6.json,False,45.063,AccelerateForward,cp:7|dist:close|angle:forward|speed:slow|progress:danger|bomb:False|fsm:Racing
715,Bot 07,B07,True,True,244.173,7,6,7,4,1,86.964,0.250,Stuck,2381,q_table_v6.json,False,45.059,AccelerateForward,cp:7|dist:close|angle:left|speed:slow|progress:danger|bomb:False|fsm:Racing
716,Bot 03,B03,True,True,164.899,5,4,5,3,4,94.597,0.250,Stuck,2382,q_table_v6.json,False,45.059,Coast,cp:5|dist:close|angle:behindLeft|speed:slow|progress:danger|bomb:False|fsm:Racing
717,Bot 04,B04,True,True,246.460,7,6,7,0,0,89.539,0.250,Stuck,2392,q_table_v6.json,False,45.061,TurnLeftAndAccelerate,cp:7|dist:close|angle:forward|speed:slow|progress:danger|bomb:False|fsm:Racing
718,Bot 10,B10,True,True,541.199,15,14,0,1,0,67.461,0.250,RaceComplete,2394,q_table_v6.json,False,0.000,AccelerateForward,cp:0|dist:far|angle:hardLeft|speed:cruise|progress:fresh|bomb:False|fsm:Recover
719,Bot 02,B02,True,True,136.726,4,3,4,7,0,58.750,0.250,Stuck,2396,q_table_v6.json,False,45.006,AccelerateForward,cp:4|dist:close|angle:forward|speed:cruise|progress:danger|bomb:False|fsm:Racing
720,Bot 05,B05,True,True,507.122,14,13,14,3,0,135.186,0.250,Stuck,2396,q_table_v6.json,False,45.071,TurnLeftAndAccelerate,cp:14|dist:medium|angle:forward|speed:cruise|progress:danger|bomb:False|fsm:Racing
721,Bot 01,B01,True,True,541.510,15,14,0,0,1,100.908,0.250,RaceComplete,2396,q_table_v6.json,False,0.000,HardLeft,cp:0|dist:far|angle:hardLeft|speed:cruise|progress:fresh|bomb:False|fsm:Recover
722,Bot 08,B08,True,True,211.707,6,5,6,2,1,83.088,0.250,Stuck,2416,q_table_v6.json,False,45.083,AccelerateForward,cp:6|dist:medium|angle:forward|speed:cruise|progress:danger|bomb:False|fsm:Racing
723,Bot 07,B07,True,True,248.653,7,6,7,4,0,80.184,0.250,Stuck,2416,q_table_v6.json,False,45.062,TurnRightAndAccelerate,cp:7|dist:medium|angle:behindLeft|speed:cruise|progress:danger|bomb:False|fsm:Recover
724,Bot 03,B03,True,True,541.445,15,14,0,1,0,84.832,0.250,RaceComplete,2417,q_table_v6.json,False,0.000,RecoveryTurn,cp:0|dist:far|angle:hardLeft|speed:cruise|progress:fresh|bomb:False|fsm:Recover
725,Bot 05,B05,True,True,62.348,2,1,2,0,0,52.041,0.250,Stuck,2417,q_table_v6.json,False,45.080,HardLeft,cp:2|dist:medium|angle:hardRight|speed:slow|progress:danger|bomb:False|fsm:Recover
726,Bot 09,B09,True,True,536.786,15,14,0,5,0,149.888,0.250,RaceComplete,2417,q_table_v6.json,False,0.000,HardRight,cp:0|dist:far|angle:hardLeft|speed:cruise|progress:fresh|bomb:False|fsm:Recover
727,Bot 01,B01,True,True,128.169,4,3,4,10,0,57.947,0.250,Stuck,2417,q_table_v6.json,False,45.084,TurnLeftAndAccelerate,cp:4|dist:medium|angle:forward|speed:slow|progress:danger|bomb:False|fsm:Recover
728,Bot 10,B10,True,True,222.382,6,5,6,1,0,74.465,0.250,Stuck,2417,q_table_v6.json,False,45.004,AccelerateForward,cp:6|dist:close|angle:behindLeft|speed:slow|progress:danger|bomb:False|fsm:Racing
729,Bot 06,B06,True,True,242.559,7,6,7,0,1,135.036,0.250,Stuck,2418,q_table_v6.json,False,45.057,TurnRightAndAccelerate,cp:7|dist:medium|angle:behindRight|speed:cruise|progress:danger|bomb:False|fsm:Recover
730,Bot 04,B04,True,True,540.248,15,14,0,0,0,109.394,0.250,RaceComplete,2420,q_table_v6.json,False,0.000,AccelerateForward,cp:0|dist:far|angle:hardLeft|speed:cruise|progress:fresh|bomb:False|fsm:Recover
731,Bot 07,B07,True,True,135.084,4,3,4,4,0,61.077,0.250,Stuck,2423,q_table_v6.json,False,45.060,TurnLeftAndAccelerate,cp:4|dist:medium|angle:right|speed:cruise|progress:danger|bomb:False|fsm:Collect
732,Bot 08,B08,True,True,171.840,5,4,5,1,1,70.286,0.250,Stuck,2424,q_table_v6.json,False,45.049,Coast,cp:5|dist:medium|angle:forward|speed:cruise|progress:danger|bomb:False|fsm:Collect
733,Bot 01,B01,True,True,94.619,3,2,3,0,0,56.757,0.250,Stuck,2426,q_table_v6.json,False,45.053,AccelerateForward,cp:3|dist:medium|angle:behindLeft|speed:slow|progress:danger|bomb:False|fsm:Recover
